generator,tensor,pc,feature,spearman_r,spearman_p
sd15,z,1,rich_guidance_t2_median,-0.22230253057081945,0.08779254054467707
sd15,z,1,rich_guidance_t4_mean,0.05862739649902752,0.6563515998545151
sd15,z,1,rich_guidance_t0_skew,0.12403445401500418,0.3450629277209699
sd15,z,1,rich_guidance_t4_skew,-0.0873020283412059,0.5071503478128887
sd15,z,1,rich_score_t5_nearzero,0.02178269032972926,0.8687880004064507
sd15,z,1,rich_guidance_t5_median,0.19123330041843475,0.14328343535837879
sd15,z,1,rich_guidance_t3_median,-0.02612526320548742,0.8429337879448419
sd15,z,1,rich_score_t0_mean,-0.10180605723812172,0.43892380817478277
sd15,z,1,rich_score_t3_nearzero,0.11621056780651581,0.376572900819304
sd15,z,1,rich_latent_step_t5,0.12597943873298142,0.3374915922502224
sd15,z,1,rich_score_t0_kurtosis,0.033231453181439295,0.8009912501695988
sd15,z,1,rich_latent_t4_nearzero,0.08109505317155385,0.5379199747011066
sd15,z,1,rich_guidance_t1_kurtosis,-0.026674076132258966,0.8396774588993203
sd15,z,1,rich_latent_step_slope,0.17638232842456242,0.17762373509982082
sd15,z,1,rich_guidance_dz_orthfrac_t4,0.05357043623228676,0.6843620737463136
sd15,z,1,rich_latent_step_late,0.13331480966935264,0.30988144266451473
sd15,z,1,rich_guidance_t3_skew,0.2614059460961379,0.04364593403845546
sd15,z,1,rich_guidance_t1_maxabs,-0.21450402889691586,0.09980327914096677
sd15,z,1,rich_guidance_dz_orthfrac_t2,0.18738538482911923,0.15166303679073934
sd15,z,1,rich_latent_step_t3,0.11203111975548766,0.3940909557737081
sd15,z,1,rich_latent_t2_nearzero,0.05873194479883389,0.6557772778121139
sd15,z,1,speed_mean,0.06968602389552654,0.596753710428578
sd15,z,1,rich_latent_step_mean,0.06968602389552654,0.596753710428578
sd15,z,1,path_length,0.06968602389552654,0.596753710428578
sd15,z,1,rich_guidance_t1_median,0.2035642149602577,0.11875613661529245
sd15,z,1,latent_roundtrip_mse,0.05807168657960546,0.6594076314102201
sd15,z,1,rich_guidance_t5_mean,0.18594053903862187,0.15490156744541864
sd15,z,1,rich_latent_step_t4,0.12831342039455407,0.3285443848050991
sd15,z,1,rich_latent_t3_extreme3,0.07221014023299152,0.5834943648661934
sd15,z,1,rich_latent_step_auc,0.06524034454015006,0.620425666755242
sd15,z,2,rich_guidance_t2_median,-0.013619434856176735,0.9177397749153517
sd15,z,2,rich_guidance_t4_mean,-0.04373437065851626,0.740042150461636
sd15,z,2,rich_guidance_t0_skew,-0.0710197277021395,0.5897310228250789
sd15,z,2,rich_guidance_t4_skew,-0.012670186162823008,0.9234553507716595
sd15,z,2,rich_score_t5_nearzero,-0.18583444623574902,0.15514136776795262
sd15,z,2,rich_guidance_t5_median,-0.042749537215632655,0.7456965276155086
sd15,z,2,rich_guidance_t3_median,0.04455191161531526,0.7353586310239768
sd15,z,2,rich_score_t0_mean,-0.13920533481522648,0.28879332801592367
sd15,z,2,rich_score_t3_nearzero,-0.06472522529577844,0.6231940818395314
sd15,z,2,rich_latent_step_t5,-0.2714642956376772,0.03589676617100319
sd15,z,2,rich_score_t0_kurtosis,0.00800222283967769,0.9516124840569798
sd15,z,2,rich_latent_t4_nearzero,0.09417041337417145,0.4741833217051294
sd15,z,2,rich_guidance_t1_kurtosis,-0.2941928313420395,0.022511866916595225
sd15,z,2,rich_latent_step_slope,-0.3050847457627119,0.017774789970915205
sd15,z,2,rich_guidance_dz_orthfrac_t4,-0.05373714920811338,0.6834316194803286
sd15,z,2,rich_latent_step_late,-0.2569046957488192,0.04753423707785473
sd15,z,2,rich_guidance_t3_skew,0.16221172547929985,0.21561395306339443
sd15,z,2,rich_guidance_t1_maxabs,-0.006001667129758267,0.9636998758381966
sd15,z,2,rich_guidance_dz_orthfrac_t2,-0.26273964990275084,0.04254543595923627
sd15,z,2,rich_latent_step_t3,-0.20183384273409286,0.12199017357661274
sd15,z,2,rich_latent_t2_nearzero,0.3017520516155997,0.019124364354893127
sd15,z,2,speed_mean,-0.183273131425396,0.16101429101583908
sd15,z,2,rich_latent_step_mean,-0.183273131425396,0.16101429101583908
sd15,z,2,path_length,-0.183273131425396,0.16101429101583908
sd15,z,2,rich_guidance_t1_median,-0.031860774425628964,0.8090418551189146
sd15,z,2,latent_roundtrip_mse,-0.04290080577938317,0.7448271498166786
sd15,z,2,rich_guidance_t5_mean,-0.1924979160878022,0.14060644310534223
sd15,z,2,rich_latent_step_t4,-0.24223395387607674,0.0622174613694935
sd15,z,2,rich_latent_t3_extreme3,-0.03644093123385851,0.7822222696163478
sd15,z,2,rich_latent_step_auc,-0.15793275909974996,0.2281304904987282
sd15,z,3,rich_guidance_t2_median,-0.08627495059912774,0.5121789151205991
sd15,z,3,rich_guidance_t4_mean,0.0011114198388441235,0.993275572281061
sd15,z,3,rich_guidance_t0_skew,0.252014448457905,0.052075370669411584
sd15,z,3,rich_guidance_t4_skew,0.09074742984162269,0.49046803107601483
sd15,z,3,rich_score_t5_nearzero,0.024954116508004023,0.8498913602276442
sd15,z,3,rich_guidance_t5_median,-0.1256636266267069,0.3387138458053476
sd15,z,3,rich_guidance_t3_median,-0.05519656672989151,0.6753064718549979
sd15,z,3,rich_score_t0_mean,0.28902472909141436,0.025109325205306978
sd15,z,3,rich_score_t3_nearzero,0.22797075484495063,0.07979854157577974
sd15,z,3,rich_latent_step_t5,0.3340372325646013,0.009096608181600938
sd15,z,3,rich_score_t0_kurtosis,0.16849124756876913,0.19813056080988137
sd15,z,3,rich_latent_t4_nearzero,-0.1416590088334656,0.28029391858732833
sd15,z,3,rich_guidance_t1_kurtosis,0.11303139761044738,0.3898552032824819
sd15,z,3,rich_latent_step_slope,0.3294248402333982,0.010163559735163743
sd15,z,3,rich_guidance_dz_orthfrac_t4,0.11580994720755768,0.37823152105436336
sd15,z,3,rich_latent_step_late,0.33781606001667136,0.008296409860447
sd15,z,3,rich_guidance_t3_skew,0.00800222283967769,0.9516124840569798
sd15,z,3,rich_guidance_t1_maxabs,0.12192275632120037,0.3534016579100828
sd15,z,3,rich_guidance_dz_orthfrac_t2,0.17565990552931374,0.17943444026948366
sd15,z,3,rich_latent_step_t3,0.3095859961100306,0.01608161822722595
sd15,z,3,rich_latent_t2_nearzero,-0.1867631350705343,0.15305155853150415
sd15,z,3,speed_mean,0.31353153653792726,0.014712937225921112
sd15,z,3,rich_latent_step_mean,0.31353153653792726,0.014712937225921112
sd15,z,3,path_length,0.31353153653792726,0.014712937225921112
sd15,z,3,rich_guidance_t1_median,0.0849064616892416,0.5189181605298279
sd15,z,3,latent_roundtrip_mse,0.3075854404001112,0.016816281713210614
sd15,z,3,rich_guidance_t5_mean,-0.22784106696304535,0.07997476779265038
sd15,z,3,rich_latent_step_t4,0.3407057515976661,0.007726564851787505
sd15,z,3,rich_latent_t3_extreme3,0.11475254843227335,0.3826302823507441
sd15,z,3,rich_latent_step_auc,0.2886913031397611,0.02528523951142674
sd15,z,4,rich_guidance_t2_median,0.0021124021409580245,0.9872197101369087
sd15,z,4,rich_guidance_t4_mean,0.1394831897749375,0.28782245011867696
sd15,z,4,rich_guidance_t0_skew,-0.3054737427063074,0.017622695673928095
sd15,z,4,rich_guidance_t4_skew,0.1511530980828008,0.24897787615266453
sd15,z,4,rich_score_t5_nearzero,-0.12610591987824107,0.3370028610007571
sd15,z,4,rich_guidance_t5_median,0.1337799236793498,0.3081812131042895
sd15,z,4,rich_guidance_t3_median,0.10222204049976888,0.43704602767548073
sd15,z,4,rich_score_t0_mean,-0.3079188663517644,0.016691881886948264
sd15,z,4,rich_score_t3_nearzero,0.0031430814174572253,0.9809849364660757
sd15,z,4,rich_latent_step_t5,-0.23278688524590166,0.0734689638228897
sd15,z,4,rich_score_t0_kurtosis,0.09769380383439846,0.45772793341691864
sd15,z,4,rich_latent_t4_nearzero,-0.12068279267862803,0.3583553737367381
sd15,z,4,rich_guidance_t1_kurtosis,0.013281467074187278,0.9197742726637844
sd15,z,4,rich_latent_step_slope,-0.23651014170602952,0.06885518731660843
sd15,z,4,rich_guidance_dz_orthfrac_t4,0.020616838010558493,0.8757535915750314
sd15,z,4,rich_latent_step_late,-0.2421783828841345,0.06227933181931143
sd15,z,4,rich_guidance_t3_skew,-0.03389830508474576,0.7970819079079251
sd15,z,4,rich_guidance_t1_maxabs,-0.050069463739927766,0.7040075395575255
sd15,z,4,rich_guidance_dz_orthfrac_t2,0.08341205890525148,0.5263280825863799
sd15,z,4,rich_latent_step_t3,-0.2775215337593777,0.031807853132353896
sd15,z,4,rich_latent_t2_nearzero,0.20105679966646262,0.12346408313442522
sd15,z,4,speed_mean,-0.264128924701306,0.04142348696945749
sd15,z,4,rich_latent_step_mean,-0.264128924701306,0.04142348696945749
sd15,z,4,path_length,-0.264128924701306,0.04142348696945749
sd15,z,4,rich_guidance_t1_median,0.21638080921000896,0.09680232282224953
sd15,z,4,latent_roundtrip_mse,-0.12725757154765216,0.3325732105362555
sd15,z,4,rich_guidance_t5_mean,-0.00772436787996666,0.9532907019954566
sd15,z,4,rich_latent_step_t4,-0.2516810225062518,0.05239743601065113
sd15,z,4,rich_latent_t3_extreme3,-0.15564363947118834,0.23502950978327486
sd15,z,4,rich_latent_step_auc,-0.25846068352320095,0.046159262583737176
sd15,z,5,rich_guidance_t2_median,-0.11540386433233839,0.3799172193555837
sd15,z,5,rich_guidance_t4_mean,-0.19294248402333986,0.13967431621533513
sd15,z,5,rich_guidance_t0_skew,0.00861350375104196,0.9479211503145327
sd15,z,5,rich_guidance_t4_skew,-0.2940816893581551,0.02256523445373864
sd15,z,5,rich_score_t5_nearzero,-0.19159308850682685,0.14251797504953126
sd15,z,5,rich_guidance_t5_median,0.2139978459188269,0.1006249068842835
sd15,z,5,rich_guidance_t3_median,-0.015925293422068394,0.9038736342944402
sd15,z,5,rich_score_t0_mean,0.06651847735482079,0.613579217351116
sd15,z,5,rich_score_t3_nearzero,0.12010465097858672,0.3606795446062093
sd15,z,5,rich_latent_step_t5,0.06201722700750209,0.6378324255626437
sd15,z,5,rich_score_t0_kurtosis,0.08874687413170326,0.5001193938726525
sd15,z,5,rich_latent_t4_nearzero,-0.11801208080745504,0.36916856712787777
sd15,z,5,rich_guidance_t1_kurtosis,-0.03945540427896639,0.7647052205084749
sd15,z,5,rich_latent_step_slope,0.04367879966657406,0.7403608480846684
sd15,z,5,rich_guidance_dz_orthfrac_t4,0.025340372325646017,0.8475953981870646
sd15,z,5,rich_latent_step_late,0.04667963323145319,0.7232145813945883
sd15,z,5,rich_guidance_t3_skew,0.13425951653237012,0.3064343617582206
sd15,z,5,rich_guidance_t1_maxabs,0.08230063906640735,0.5318729282242207
sd15,z,5,rich_guidance_dz_orthfrac_t2,0.07846624062239513,0.5512211634189013
sd15,z,5,rich_latent_step_t3,-0.008057793831619897,0.9512768653132655
sd15,z,5,rich_latent_t2_nearzero,-0.02611235613925427,0.8430104024983146
sd15,z,5,speed_mean,0.05029174770769659,0.7027543088146594
sd15,z,5,rich_latent_step_mean,0.05029174770769659,0.7027543088146594
sd15,z,5,path_length,0.05029174770769659,0.7027543088146594
sd15,z,5,rich_guidance_t1_median,-0.3129917962336221,0.014894054660448458
sd15,z,5,latent_roundtrip_mse,-0.1518199499861073,0.24687165185517523
sd15,z,5,rich_guidance_t5_mean,0.17499305362600726,0.1811176874561973
sd15,z,5,rich_latent_step_t4,0.027285357043623233,0.8360536279124966
sd15,z,5,rich_latent_t3_extreme3,0.16014977612913855,0.2215839234583933
sd15,z,5,rich_latent_step_auc,0.04529035843289803,0.7311364400846712
sd15,cond,1,rich_guidance_t2_median,0.12404803625125872,0.34500969253065794
sd15,cond,1,rich_guidance_t4_mean,-0.0008335648791330927,0.9949566537726218
sd15,cond,1,rich_guidance_t0_skew,-0.0046123923312031126,0.9720988433992861
sd15,cond,1,rich_guidance_t4_skew,0.037565990552931375,0.7756714668509684
sd15,cond,1,rich_score_t5_nearzero,-0.19295624537292744,0.13964553683422404
sd15,cond,1,rich_guidance_t5_median,-0.08911249435196249,0.4983482213652875
sd15,cond,1,rich_guidance_t3_median,-0.0254860280419489,0.846729924821867
sd15,cond,1,rich_score_t0_mean,-0.14898582939705476,0.2559074460882837
sd15,cond,1,rich_score_t3_nearzero,-0.07373724635114251,0.5755378763974366
sd15,cond,1,rich_latent_step_t5,0.06635176437899419,0.6144703903431303
sd15,cond,1,rich_score_t0_kurtosis,0.1539316476799111,0.24028227392724133
sd15,cond,1,rich_latent_t4_nearzero,0.1433560236682734,0.27451334351524764
sd15,cond,1,rich_guidance_t1_kurtosis,-0.01339260905807169,0.919105163297943
sd15,cond,1,rich_latent_step_slope,0.046512920255626575,0.724163699773819
sd15,cond,1,rich_guidance_dz_orthfrac_t4,-0.10691858849680469,0.41616038700333613
sd15,cond,1,rich_latent_step_late,0.08368991386496251,0.5249463793502671
sd15,cond,1,rich_guidance_t3_skew,0.0026118366212836905,0.9841984187547932
sd15,cond,1,rich_guidance_t1_maxabs,-0.02389552653514866,0.8561900793554112
sd15,cond,1,rich_guidance_dz_orthfrac_t2,-0.1665462628507919,0.20343419616949374
sd15,cond,1,rich_latent_step_t3,0.16048902472909143,0.22059385062247316
sd15,cond,1,rich_latent_t2_nearzero,-0.14955511322354575,0.25407472543294457
sd15,cond,1,speed_mean,0.13320366768546824,0.3102886147907789
sd15,cond,1,rich_latent_step_mean,0.13320366768546824,0.3102886147907789
sd15,cond,1,path_length,0.13320366768546824,0.3102886147907789
sd15,cond,1,rich_guidance_t1_median,0.13542219217036536,0.30222605113576917
sd15,cond,1,latent_roundtrip_mse,-0.023450958599611008,0.8588379901448707
sd15,cond,1,rich_guidance_t5_mean,0.05623784384551265,0.6695316508097633
sd15,cond,1,rich_latent_step_t4,0.10425118088357879,0.42795117842081004
sd15,cond,1,rich_latent_t3_extreme3,-0.14083776188078034,0.2831200531022328
sd15,cond,1,rich_latent_step_auc,0.1384829119199778,0.2913276585639917
sd15,cond,2,rich_guidance_t2_median,-0.12616043839221674,0.3367923347153059
sd15,cond,2,rich_guidance_t4_mean,0.043123089747151996,0.7435502034367201
sd15,cond,2,rich_guidance_t0_skew,0.1789385940539039,0.1713230347597045
sd15,cond,2,rich_guidance_t4_skew,-0.21794943039733264,0.09434843163010626
sd15,cond,2,rich_score_t5_nearzero,-0.1475825954012947,0.2604630639094343
sd15,cond,2,rich_guidance_t5_median,0.09606137881484166,0.46531280115569756
sd15,cond,2,rich_guidance_t3_median,-0.09107711438764073,0.4888869354064083
sd15,cond,2,rich_score_t0_mean,-0.03278688524590165,0.8036001839026267
sd15,cond,2,rich_score_t3_nearzero,-0.038412349004499365,0.7707536336495331
sd15,cond,2,rich_latent_step_t5,0.2727979994442901,0.034960867908111676
sd15,cond,2,rich_score_t0_kurtosis,0.20611280911364274,0.11411259589113004
sd15,cond,2,rich_latent_t4_nearzero,0.06679561669464865,0.6120989846905704
sd15,cond,2,rich_guidance_t1_kurtosis,0.0809113642678522,0.538844273691448
sd15,cond,2,rich_latent_step_slope,0.3048068908030009,0.017884113255900835
sd15,cond,2,rich_guidance_dz_orthfrac_t4,0.09419283134203947,0.47407763176305057
sd15,cond,2,rich_latent_step_late,0.25390386218394,0.05028065777875201
sd15,cond,2,rich_guidance_t3_skew,-0.01872742428452348,0.8870619320838274
sd15,cond,2,rich_guidance_t1_maxabs,0.022228396776882473,0.866127637029643
sd15,cond,2,rich_guidance_dz_orthfrac_t2,0.05262572936926925,0.6896434291966582
sd15,cond,2,rich_latent_step_t3,0.1989441511530981,0.1275398322766806
sd15,cond,2,rich_latent_t2_nearzero,-0.2193549150441296,0.09219123952482462
sd15,cond,2,speed_mean,0.1781050291747708,0.17335944224119906
sd15,cond,2,rich_latent_step_mean,0.1781050291747708,0.17335944224119906
sd15,cond,2,path_length,0.1781050291747708,0.17335944224119906
sd15,cond,2,rich_guidance_t1_median,-0.16925688892079332,0.19607004705735334
sd15,cond,2,latent_roundtrip_mse,0.1663795498749653,0.20389343204278296
sd15,cond,2,rich_guidance_t5_mean,0.2726312864684635,0.035076734028094206
sd15,cond,2,rich_latent_step_t4,0.2146151708808003,0.09962357493833116
sd15,cond,2,rich_latent_t3_extreme3,-0.20459539732680931,0.11686024509190734
sd15,cond,2,rich_latent_step_auc,0.15232008891358714,0.24529998254530233
sd15,cond,3,rich_guidance_t2_median,-0.07590750324942586,0.5643171505892591
sd15,cond,3,rich_guidance_t4_mean,0.11575437621561546,0.3784619375415015
sd15,cond,3,rich_guidance_t0_skew,0.03312031119755488,0.8016432821716032
sd15,cond,3,rich_guidance_t4_skew,-0.09024729091414284,0.49287169098216865
sd15,cond,3,rich_score_t5_nearzero,0.03933681242175885,0.7653922083298221
sd15,cond,3,rich_guidance_t5_median,-0.11443422933469416,0.3839604399701186
sd15,cond,3,rich_guidance_t3_median,0.10013757800996934,0.446500645464567
sd15,cond,3,rich_score_t0_mean,0.3595998888580162,0.004773740189196778
sd15,cond,3,rich_score_t3_nearzero,0.12447158710726622,0.3433521571982703
sd15,cond,3,rich_latent_step_t5,0.1124756876910253,0.39220506070383965
sd15,cond,3,rich_score_t0_kurtosis,-0.08519033064740207,0.5175165655115531
sd15,cond,3,rich_latent_t4_nearzero,0.052830019201640065,0.6885000940356558
sd15,cond,3,rich_guidance_t1_kurtosis,0.04117810502917477,0.7547464104797978
sd15,cond,3,rich_latent_step_slope,0.08424562378438456,0.522188408880172
sd15,cond,3,rich_guidance_dz_orthfrac_t4,-0.07068630175048626,0.5914832140897321
sd15,cond,3,rich_latent_step_late,0.10864128924701308,0.4086458130322445
sd15,cond,3,rich_guidance_t3_skew,-0.0763545429285913,0.5620186579369872
sd15,cond,3,rich_guidance_t1_maxabs,0.10258405112531262,0.4354155564305428
sd15,cond,3,rich_guidance_dz_orthfrac_t2,-0.19016393442622953,0.14557667529036827
sd15,cond,3,rich_latent_step_t3,0.0726868574604057,0.5810052309363979
sd15,cond,3,rich_latent_t2_nearzero,0.08606788312139721,0.513195774926798
sd15,cond,3,speed_mean,0.09830508474576273,0.45490518120922385
sd15,cond,3,rich_latent_step_mean,0.09830508474576273,0.45490518120922385
sd15,cond,3,path_length,0.09830508474576273,0.45490518120922385
sd15,cond,3,rich_guidance_t1_median,-0.2105980508500344,0.10628015465077155
sd15,cond,3,latent_roundtrip_mse,0.007335370936371215,0.9556405443944408
sd15,cond,3,rich_guidance_t5_mean,-0.024395665462628512,0.8532130645465288
sd15,cond,3,rich_latent_step_t4,0.09380383439844403,0.47591335285082165
sd15,cond,3,rich_latent_t3_extreme3,-0.03302634320733721,0.8021946652304046
sd15,cond,3,rich_latent_step_auc,0.08858016115587665,0.5009280790766905
sd15,cond,4,rich_guidance_t2_median,0.010172883994613646,0.9385096514140604
sd15,cond,4,rich_guidance_t4_mean,-0.12281189219227566,0.3498756072607578
sd15,cond,4,rich_guidance_t0_skew,0.11664351208669078,0.3747853783033205
sd15,cond,4,rich_guidance_t4_skew,0.042067240900250075,0.7496217588595765
sd15,cond,4,rich_score_t5_nearzero,0.14955778188074653,0.2540661551091505
sd15,cond,4,rich_guidance_t5_median,0.04391694980539635,0.738995371867815
sd15,cond,4,rich_guidance_t3_median,-0.19260433405747643,0.14038289329825704
sd15,cond,4,rich_score_t0_mean,0.10586273964990277,0.4208050809439702
sd15,cond,4,rich_score_t3_nearzero,0.018608154586538795,0.8877765499653134
sd15,cond,4,rich_latent_step_t5,0.07168657960544597,0.5862336494847649
sd15,cond,4,rich_score_t0_kurtosis,-0.005056960266740762,0.9694108023911988
sd15,cond,4,rich_latent_t4_nearzero,0.04209153188629879,0.7494819043705678
sd15,cond,4,rich_guidance_t1_kurtosis,0.03612114476243402,0.7840870381852892
sd15,cond,4,rich_latent_step_slope,0.09641567101972771,0.4636608678725172
sd15,cond,4,rich_guidance_dz_orthfrac_t4,-0.08385662684078912,0.5241182263370013
sd15,cond,4,rich_latent_step_late,0.09663795498749654,0.4626260665376098
sd15,cond,4,rich_guidance_t3_skew,0.04868018894137261,0.7118578587141632
sd15,cond,4,rich_guidance_t1_maxabs,-0.07385384829119201,0.574932417131488
sd15,cond,4,rich_guidance_dz_orthfrac_t2,0.08207835509863853,0.5329853455939916
sd15,cond,4,rich_latent_step_t3,0.08763545429285914,0.5055233445227699
sd15,cond,4,rich_latent_t2_nearzero,0.10720248446946243,0.41491657076590865
sd15,cond,4,speed_mean,0.07502083912197834,0.5688890026941463
sd15,cond,4,rich_latent_step_mean,0.07502083912197834,0.5688890026941463
sd15,cond,4,path_length,0.07502083912197834,0.5688890026941463
sd15,cond,4,rich_guidance_t1_median,-0.02869137801679677,0.827731342125868
sd15,cond,4,latent_roundtrip_mse,0.12086690747429846,0.357617149503839
sd15,cond,4,rich_guidance_t5_mean,-0.016337871631008617,0.9013955078595358
sd15,cond,4,rich_latent_step_t4,0.10275076410113923,0.43466584345108406
sd15,cond,4,rich_latent_t3_extreme3,-0.014078178502788656,0.9149790723868737
sd15,cond,4,rich_latent_step_auc,0.07340928035565437,0.5772424211954474
sd15,cond,5,rich_guidance_t2_median,-0.03407638190545444,0.7960387869866895
sd15,cond,5,rich_guidance_t4_mean,0.09302584051125315,0.47959615178448467
sd15,cond,5,rich_guidance_t0_skew,0.16743539872186722,0.20099732206435167
sd15,cond,5,rich_guidance_t4_skew,0.0422895248680189,0.7483422663431443
sd15,cond,5,rich_score_t5_nearzero,0.0654871686285858,0.619101005906142
sd15,cond,5,rich_guidance_t5_median,0.03835784223509302,0.7710700816267395
sd15,cond,5,rich_guidance_t3_median,0.21250400262676258,0.10308031327119017
sd15,cond,5,rich_score_t0_mean,0.10080577938316201,0.4434575661083696
sd15,cond,5,rich_score_t3_nearzero,-0.005034493243891662,0.9695466394040241
sd15,cond,5,rich_latent_step_t5,0.14042789663795502,0.284537519678746
sd15,cond,5,rich_score_t0_kurtosis,0.008669074742984164,0.9475856273305068
sd15,cond,5,rich_latent_t4_nearzero,0.06907684975127555,0.5999736315785517
sd15,cond,5,rich_guidance_t1_kurtosis,0.12636843567657682,0.33598989835579757
sd15,cond,5,rich_latent_step_slope,0.11797721589330372,0.3693110219811517
sd15,cond,5,rich_guidance_dz_orthfrac_t4,-0.05268130036121146,0.6893323503042146
sd15,cond,5,rich_latent_step_late,0.1360933592664629,0.29981388928372976
sd15,cond,5,rich_guidance_t3_skew,-0.23678799666574055,0.06852039110714662
sd15,cond,5,rich_guidance_t1_maxabs,0.116976938038344,0.37341223092395304
sd15,cond,5,rich_guidance_dz_orthfrac_t2,-0.11931091969991667,0.3638853650560695
sd15,cond,5,rich_latent_step_t3,0.15087524312308978,0.24985907008437136
sd15,cond,5,rich_latent_t2_nearzero,-0.18642943083872274,0.15380007236658738
sd15,cond,5,speed_mean,0.1627674353987219,0.2140244896039874
sd15,cond,5,rich_latent_step_mean,0.1627674353987219,0.2140244896039874
sd15,cond,5,path_length,0.1627674353987219,0.2140244896039874
sd15,cond,5,rich_guidance_t1_median,-0.2594456779580886,0.04530583758626954
sd15,cond,5,latent_roundtrip_mse,0.43428730202834126,0.0005263771799060482
sd15,cond,5,rich_guidance_t5_mean,0.028396776882467355,0.8294735691645608
sd15,cond,5,rich_latent_step_t4,0.12898027229786055,0.3260158124879992
sd15,cond,5,rich_latent_t3_extreme3,0.059727302037675935,0.6503193799178519
sd15,cond,5,rich_latent_step_auc,0.16115587663239792,0.21865670557218392
sd15,uncond,1,rich_guidance_t2_median,-0.14572795296109106,0.2665675588303707
sd15,uncond,1,rich_guidance_t4_mean,0.006835232008891359,0.9586623193663527
sd15,uncond,1,rich_guidance_t0_skew,0.029174770769658243,0.8248744212075443
sd15,uncond,1,rich_guidance_t4_skew,-0.049736037788274526,0.7058888534117537
sd15,uncond,1,rich_score_t5_nearzero,0.1925945915104926,0.14040334816792524
sd15,uncond,1,rich_guidance_t5_median,0.07749395953002851,0.55618025874377
sd15,uncond,1,rich_guidance_t3_median,0.01928822623894497,0.883703031586226
sd15,uncond,1,rich_score_t0_mean,0.13959433175882194,0.2874347000160805
sd15,uncond,1,rich_score_t3_nearzero,0.07220742796211467,0.5835085405669422
sd15,uncond,1,rich_latent_step_t5,-0.03573214781883857,0.7863570210587046
sd15,uncond,1,rich_score_t0_kurtosis,-0.1395387607668797,0.28762853213721534
sd15,uncond,1,rich_latent_t4_nearzero,-0.1437733223981442,0.2731041267985074
sd15,uncond,1,rich_guidance_t1_kurtosis,0.048180050013892764,0.714691321794421
sd15,uncond,1,rich_latent_step_slope,-0.010725201444845792,0.9351781278374584
sd15,uncond,1,rich_guidance_dz_orthfrac_t4,0.13542650736315648,0.3022105023636985
sd15,uncond,1,rich_latent_step_late,-0.05568213392609059,0.6726112221910711
sd15,uncond,1,rich_guidance_t3_skew,0.022506251736593503,0.864469902398938
sd15,uncond,1,rich_guidance_t1_maxabs,0.04301194776326758,0.7441885910073097
sd15,uncond,1,rich_guidance_dz_orthfrac_t2,0.19094192831342044,0.1439055861850193
sd15,uncond,1,rich_latent_step_t3,-0.14153931647679913,0.2807046465661496
sd15,uncond,1,rich_latent_t2_nearzero,0.18918249075116808,0.1477053495286279
sd15,uncond,1,speed_mean,-0.12175604334537375,0.3540652197732921
sd15,uncond,1,rich_latent_step_mean,-0.12175604334537375,0.3540652197732921
sd15,uncond,1,path_length,-0.12175604334537375,0.3540652197732921
sd15,uncond,1,rich_guidance_t1_median,-0.15296507931048045,0.24328323364847906
sd15,uncond,1,latent_roundtrip_mse,0.02823006390664074,0.8304598472905009
sd15,uncond,1,rich_guidance_t5_mean,-0.03817727146429565,0.7721186796305834
sd15,uncond,1,rich_latent_step_t4,-0.08235621005834955,0.5315950029957736
sd15,uncond,1,rich_latent_t3_extreme3,0.12272924996963867,0.35020242239560095
sd15,uncond,1,rich_latent_step_auc,-0.13086968602389557,0.31891863482348837
sd15,uncond,2,rich_guidance_t2_median,0.10867753119928783,0.40848857230056107
sd15,uncond,2,rich_guidance_t4_mean,-0.09297026951931094,0.4798597869561239
sd15,uncond,2,rich_guidance_t0_skew,-0.13409280355654352,0.30704086497441657
sd15,uncond,2,rich_guidance_t4_skew,0.2195054181717144,0.09196254735609005
sd15,uncond,2,rich_score_t5_nearzero,0.1972404526663863,0.13090021783035713
sd15,uncond,2,rich_guidance_t5_median,-0.016816300400167593,0.8985230269012254
sd15,uncond,2,rich_guidance_t3_median,0.039827129971769654,0.7625530303656399
sd15,uncond,2,rich_score_t0_mean,-0.02283967768824674,0.8624813880084123
sd15,uncond,2,rich_score_t3_nearzero,0.02119493840798589,0.8722984228724147
sd15,uncond,2,rich_latent_step_t5,-0.2880244512364546,0.02564018534641501
sd15,uncond,2,rich_score_t0_kurtosis,-0.21811614337315927,0.09409051325522957
sd15,uncond,2,rich_latent_t4_nearzero,-0.08852297056325363,0.501205652491
sd15,uncond,2,rich_guidance_t1_kurtosis,-0.1168102250625174,0.37409842506980134
sd15,uncond,2,rich_latent_step_slope,-0.3084190052792443,0.016506757730117626
sd15,uncond,2,rich_guidance_dz_orthfrac_t4,-0.08569046957488193,0.5150517946563207
sd15,uncond,2,rich_latent_step_late,-0.2686857460405669,0.03791346284197889
sd15,uncond,2,rich_guidance_t3_skew,0.05418171714365103,0.6809526995744283
sd15,uncond,2,rich_guidance_t1_maxabs,-0.0602945262572937,0.6472172153160008
sd15,uncond,2,rich_guidance_dz_orthfrac_t2,0.0021116976938038347,0.9872239717730513
sd15,uncond,2,rich_latent_step_t3,-0.21961656015559883,0.09179395022411684
sd15,uncond,2,rich_latent_t2_nearzero,0.2537820682926885,0.050394804262195066
sd15,uncond,2,speed_mean,-0.20022228396776884,0.12506204397908016
sd15,uncond,2,rich_latent_step_mean,-0.20022228396776884,0.12506204397908016
sd15,uncond,2,path_length,-0.20022228396776884,0.12506204397908016
sd15,uncond,2,rich_guidance_t1_median,0.1602491307062176,0.22129364370786495
sd15,uncond,2,latent_roundtrip_mse,-0.1490969713809392,0.2555489409605334
sd15,uncond,2,rich_guidance_t5_mean,-0.24879133092525707,0.055257135666399386
sd15,uncond,2,rich_latent_step_t4,-0.22911919977771605,0.07825135759225578
sd15,uncond,2,rich_latent_t3_extreme3,0.22583861300000332,0.08273508161280002
sd15,uncond,2,rich_latent_step_auc,-0.17477076965823843,0.18168129848071396
sd15,uncond,3,rich_guidance_t2_median,0.012535439020685117,0.9242670033279116
sd15,uncond,3,rich_guidance_t4_mean,-0.06096137816060018,0.643577806284505
sd15,uncond,3,rich_guidance_t0_skew,0.03628785773826064,0.7831147346186882
sd15,uncond,3,rich_guidance_t4_skew,0.017393720477910532,0.8950579302067252
sd15,uncond,3,rich_score_t5_nearzero,-0.079702947375063,0.5449441313163681
sd15,uncond,3,rich_guidance_t5_median,0.13789366328137426,0.29340555031067084
sd15,uncond,3,rich_guidance_t3_median,-0.07829241111687028,0.5521062199113235
sd15,uncond,3,rich_score_t0_mean,-0.30664073353709376,0.017173060054295728
sd15,uncond,3,rich_score_t3_nearzero,-0.18115831214069833,0.16598539803146822
sd15,uncond,3,rich_latent_step_t5,-0.06707418727424287,0.6106126601435841
sd15,uncond,3,rich_score_t0_kurtosis,0.13714920811336484,0.2960445658589965
sd15,uncond,3,rich_latent_t4_nearzero,-0.04670963783020203,0.7230438053298973
sd15,uncond,3,rich_guidance_t1_kurtosis,0.010113920533481525,0.9388653760486276
sd15,uncond,3,rich_latent_step_slope,-0.033953876076687976,0.7967563516240783
sd15,uncond,3,rich_guidance_dz_orthfrac_t4,0.07179772158933038,0.5856516659510468
sd15,uncond,3,rich_latent_step_late,-0.0710197277021395,0.5897310228250789
sd15,uncond,3,rich_guidance_t3_skew,0.06135037510419563,0.6414586490665006
sd15,uncond,3,rich_guidance_t1_maxabs,-0.0431786607390942,0.7432310739903634
sd15,uncond,3,rich_guidance_dz_orthfrac_t2,0.16954709641567106,0.19529304374149278
sd15,uncond,3,rich_latent_step_t3,-0.044679077521533765,0.7346309798051736
sd15,uncond,3,rich_latent_t2_nearzero,-0.13840383014384292,0.2916059667068473
sd15,uncond,3,speed_mean,-0.07507641011392054,0.5686019599121629
sd15,uncond,3,rich_latent_step_mean,-0.07507641011392054,0.5686019599121629
sd15,uncond,3,path_length,-0.07507641011392054,0.5686019599121629
sd15,uncond,3,rich_guidance_t1_median,0.12580279605233077,0.3381748928029816
sd15,uncond,3,latent_roundtrip_mse,0.058905251458738546,0.6548256775378556
sd15,uncond,3,rich_guidance_t5_mean,0.09108085579327593,0.4888690077966418
sd15,uncond,3,rich_latent_step_t4,-0.061294804112253416,0.6417612122118134
sd15,uncond,3,rich_latent_t3_extreme3,0.03602110483715507,0.7846706488601097
sd15,uncond,3,rich_latent_step_auc,-0.07035287579883302,0.5932377311282164
sd15,uncond,4,rich_guidance_t2_median,-0.04744566387651773,0.7188588178229538
sd15,uncond,4,rich_guidance_t4_mean,0.10175048624617951,0.4391750012239962
sd15,uncond,4,rich_guidance_t0_skew,-0.13781606001667135,0.2936799257720866
sd15,uncond,4,rich_guidance_t4_skew,-0.03428730202834121,0.7948037389540028
sd15,uncond,4,rich_score_t5_nearzero,-0.12579990507156544,0.338186083071221
sd15,uncond,4,rich_guidance_t5_median,-0.04866998677800571,0.711915619015091
sd15,uncond,4,rich_guidance_t3_median,0.1695640753368923,0.1952476524556495
sd15,uncond,4,rich_score_t0_mean,-0.08146707418727425,0.5360503906069393
sd15,uncond,4,rich_score_t3_nearzero,-0.00225300526384102,0.9863691222282741
sd15,uncond,4,rich_latent_step_t5,-0.08519033064740207,0.5175165655115531
sd15,uncond,4,rich_score_t0_kurtosis,-0.026118366212836905,0.8429747273557484
sd15,uncond,4,rich_latent_t4_nearzero,-0.03766816534966858,0.7750773026391974
sd15,uncond,4,rich_guidance_t1_kurtosis,-0.05701583773270354,0.6652293360093191
sd15,uncond,4,rich_latent_step_slope,-0.1115309808280078,0.3962189635995389
sd15,uncond,4,rich_guidance_dz_orthfrac_t4,0.08163378716310088,0.5352136129379315
sd15,uncond,4,rich_latent_step_late,-0.11053070297304808,0.4004951946071032
sd15,uncond,4,rich_guidance_t3_skew,-0.03767713253681579,0.7750251630025091
sd15,uncond,4,rich_guidance_t1_maxabs,0.06601833842734094,0.6162543992312528
sd15,uncond,4,rich_guidance_dz_orthfrac_t2,-0.10414003889969436,0.42844653507848107
sd15,uncond,4,rich_latent_step_t3,-0.11064184495693251,0.40001872857216086
sd15,uncond,4,rich_latent_t2_nearzero,-0.05784206684733641,0.6606720076904327
sd15,uncond,4,speed_mean,-0.09152542372881357,0.4867412395747407
sd15,uncond,4,rich_latent_step_mean,-0.09152542372881357,0.4867412395747407
sd15,uncond,4,path_length,-0.09152542372881357,0.4867412395747407
sd15,uncond,4,rich_guidance_t1_median,0.004893103227670766,0.9704015117974294
sd15,uncond,4,latent_roundtrip_mse,-0.14709641567101975,0.2620541203604485
sd15,uncond,4,rich_guidance_t5_mean,-0.0030008335648791335,0.9818453616919867
sd15,uncond,4,rich_latent_step_t4,-0.11914420672409005,0.3645609045291394
sd15,uncond,4,rich_latent_t3_extreme3,0.023594243494733276,0.8579843942834071
sd15,uncond,4,rich_latent_step_auc,-0.08952486801889416,0.49635446704475866
sd15,uncond,5,rich_guidance_t2_median,0.032742233184849374,0.8038623415106181
sd15,uncond,5,rich_guidance_t4_mean,-0.10269519310919702,0.4349156670798656
sd15,uncond,5,rich_guidance_t0_skew,-0.13709363712142264,0.2962421777778161
sd15,uncond,5,rich_guidance_t4_skew,-0.024340094470686306,0.8535437442333965
sd15,uncond,5,rich_score_t5_nearzero,-0.06242702056182946,0.6356082129953383
sd15,uncond,5,rich_guidance_t5_median,-0.020957835540043577,0.8737152471534531
sd15,uncond,5,rich_guidance_t3_median,-0.23193119303169418,0.0745633547229743
sd15,uncond,5,rich_score_t0_mean,-0.13237010280633513,0.31335336413565607
sd15,uncond,5,rich_score_t3_nearzero,-0.0023642647830430454,0.9856960610421696
sd15,uncond,5,rich_latent_step_t5,-0.12453459294248406,0.3431060124659084
sd15,uncond,5,rich_score_t0_kurtosis,0.017782717421505976,0.892724655185822
sd15,uncond,5,rich_latent_t4_nearzero,-0.04170205307175273,0.7517252787505381
sd15,uncond,5,rich_guidance_t1_kurtosis,-0.14187274242845235,0.2795614745655379
sd15,uncond,5,rich_latent_step_slope,-0.09680466796332317,0.4618507895616691
sd15,uncond,5,rich_guidance_dz_orthfrac_t4,0.03989997221450404,0.7621315025414913
sd15,uncond,5,rich_latent_step_late,-0.11919977771603224,0.36433563995224455
sd15,uncond,5,rich_guidance_t3_skew,0.21972770213948323,0.09162559504916919
sd15,uncond,5,rich_guidance_t1_maxabs,-0.14920811336482356,0.2551907759178172
sd15,uncond,5,rich_guidance_dz_orthfrac_t2,0.13075854404001114,0.3193333683448873
sd15,uncond,5,rich_latent_step_t3,-0.1268130036121145,0.33427881365829226
sd15,uncond,5,rich_latent_t2_nearzero,0.16028926601348417,0.22117645750182474
sd15,uncond,5,speed_mean,-0.14431786607390945,0.2712724621454395
sd15,uncond,5,rich_latent_step_mean,-0.14431786607390945,0.2712724621454395
sd15,uncond,5,path_length,-0.14431786607390945,0.2712724621454395
sd15,uncond,5,rich_guidance_t1_median,0.2928633488652491,0.023157304402670255
sd15,uncond,5,latent_roundtrip_mse,-0.41283689913864974,0.0010451026148472359
sd15,uncond,5,rich_guidance_t5_mean,-0.002667407613225897,0.9838622590839571
sd15,uncond,5,rich_latent_step_t4,-0.11236454570714088,0.3926760340151265
sd15,uncond,5,rich_latent_t3_extreme3,-0.043633956830710766,0.7406180517690467
sd15,uncond,5,rich_latent_step_auc,-0.14098360655737707,0.28261679381608124
sd15,guidance,1,rich_guidance_t2_median,-0.08596920818398908,0.5136807043664794
sd15,guidance,1,rich_guidance_t4_mean,0.08419005279244235,0.5224638791441092
sd15,guidance,1,rich_guidance_t0_skew,-0.14893025840511256,0.25608682620203643
sd15,guidance,1,rich_guidance_t4_skew,-0.1339816615726591,0.30744563026637606
sd15,guidance,1,rich_score_t5_nearzero,0.19273368914989059,0.1401115185916417
sd15,guidance,1,rich_guidance_t5_median,0.0804680820801408,0.541078001074657
sd15,guidance,1,rich_guidance_t3_median,-0.23234808552965408,0.07402855934508056
sd15,guidance,1,rich_score_t0_mean,0.24629063628785777,0.057832950993890804
sd15,guidance,1,rich_score_t3_nearzero,0.17409333267136967,0.1834067849528315
sd15,guidance,1,rich_latent_step_t5,0.35043067518755217,0.006051934339813159
sd15,guidance,1,rich_score_t0_kurtosis,-0.14426229508196722,0.2714590081407349
sd15,guidance,1,rich_latent_t4_nearzero,-0.06982798746504294,0.5960044334096943
sd15,guidance,1,rich_guidance_t1_kurtosis,0.13253681578216173,0.3127388672885257
sd15,guidance,1,rich_latent_step_slope,0.3528202278410671,0.005692807847189999
sd15,guidance,1,rich_guidance_dz_orthfrac_t4,-0.16248958043901085,0.21481818942190886
sd15,guidance,1,rich_latent_step_late,0.363601000277855,0.004295022972523483
sd15,guidance,1,rich_guidance_t3_skew,0.19205334815226455,0.14154322057083238
sd15,guidance,1,rich_guidance_t1_maxabs,-0.07418727424284524,0.5732027130760102
sd15,guidance,1,rich_guidance_dz_orthfrac_t2,0.10686301750486248,0.41640410740030626
sd15,guidance,1,rich_latent_step_t3,0.3342039455404279,0.009059939893967856
sd15,guidance,1,rich_latent_t2_nearzero,0.020161297338614853,0.8784778788893028
sd15,guidance,1,speed_mean,0.3437621561544874,0.007161302661605466
sd15,guidance,1,rich_latent_step_mean,0.3437621561544874,0.007161302661605466
sd15,guidance,1,path_length,0.3437621561544874,0.007161302661605466
sd15,guidance,1,rich_guidance_t1_median,0.0018349137103765372,0.9888984354010462
sd15,guidance,1,latent_roundtrip_mse,0.05801611558766325,0.6597135403389548
sd15,guidance,1,rich_guidance_t5_mean,0.1420950263962212,0.2788010745718887
sd15,guidance,1,rich_latent_step_t4,0.3704362322867464,0.0035746278128175285
sd15,guidance,1,rich_latent_t3_extreme3,-0.025441479640228408,0.8469946084159997
sd15,guidance,1,rich_latent_step_auc,0.33214781883856637,0.009521283674633644
sd15,guidance,2,rich_guidance_t2_median,-0.01717716477779025,0.8963572555350131
sd15,guidance,2,rich_guidance_t4_mean,-0.06679633231453183,0.6120951644756221
sd15,guidance,2,rich_guidance_t0_skew,0.01294804112253404,0.9217819308634028
sd15,guidance,2,rich_guidance_t4_skew,-0.1783273131425396,0.1728146858490416
sd15,guidance,2,rich_score_t5_nearzero,-0.004367665877097694,0.973578694063037
sd15,guidance,2,rich_guidance_t5_median,0.015259750280482659,0.9078730921158908
sd15,guidance,2,rich_guidance_t3_median,-0.055502287895062105,0.6736090225728485
sd15,guidance,2,rich_score_t0_mean,0.06407335370936372,0.6267048911248021
sd15,guidance,2,rich_score_t3_nearzero,0.18889084872523912,0.1483423407069683
sd15,guidance,2,rich_latent_step_t5,0.03384273409280356,0.797407498576255
sd15,guidance,2,rich_score_t0_kurtosis,-0.04012225618227286,0.7608456016983994
sd15,guidance,2,rich_latent_t4_nearzero,0.0620105912587971,0.6378684682371601
sd15,guidance,2,rich_guidance_t1_kurtosis,0.05373714920811338,0.6834316194803286
sd15,guidance,2,rich_latent_step_slope,0.0413448180050014,0.7537847295392327
sd15,guidance,2,rich_guidance_dz_orthfrac_t4,0.08174492914698529,0.5346561176420223
sd15,guidance,2,rich_latent_step_late,0.018671853292581277,0.8873948808749303
sd15,guidance,2,rich_guidance_t3_skew,-0.16148930258405117,0.21769260889591124
sd15,guidance,2,rich_guidance_t1_maxabs,0.282467352042234,0.02876453678077754
sd15,guidance,2,rich_guidance_dz_orthfrac_t2,-0.3015282022784107,0.019218056679971476
sd15,guidance,2,rich_latent_step_t3,-0.02322867463184218,0.860162527530825
sd15,guidance,2,rich_latent_t2_nearzero,-0.05517243299284396,0.6754405377517538
sd15,guidance,2,speed_mean,-0.038121700472353436,0.7724414693014988
sd15,guidance,2,rich_latent_step_mean,-0.038121700472353436,0.7724414693014988
sd15,guidance,2,path_length,-0.038121700472353436,0.7724414693014988
sd15,guidance,2,rich_guidance_t1_median,-0.21048684395849643,0.10646919760357638
sd15,guidance,2,latent_roundtrip_mse,0.052292303417616016,0.6915109738572699
sd15,guidance,2,rich_guidance_t5_mean,0.03634342873020285,0.7827907066439164
sd15,guidance,2,rich_latent_step_t4,-0.005334815226451794,0.9677309467210353
sd15,guidance,2,rich_latent_t3_extreme3,-0.26748539155298445,0.03881326097834479
sd15,guidance,2,rich_latent_step_auc,-0.05595998888580162,0.6710707640255605
sd15,guidance,3,rich_guidance_t2_median,-0.02832286554784509,0.8299107982659839
sd15,guidance,3,rich_guidance_t4_mean,-0.07107529869408169,0.5894392176251788
sd15,guidance,3,rich_guidance_t0_skew,-0.07074187274242848,0.5911910204843271
sd15,guidance,3,rich_guidance_t4_skew,-0.06035009724923591,0.646913615738001
sd15,guidance,3,rich_score_t5_nearzero,-0.07113453278814526,0.58912824876796
sd15,guidance,3,rich_guidance_t5_median,-0.031047615780144137,0.8138272738735715
sd15,guidance,3,rich_guidance_t3_median,0.11206070345162265,0.3939652934646131
sd15,guidance,3,rich_score_t0_mean,-0.050680744651292034,0.7005630488480057
sd15,guidance,3,rich_score_t3_nearzero,-0.059913251090290824,0.6493017659251223
sd15,guidance,3,rich_latent_step_t5,-0.0979716587941095,0.45644367900235794
sd15,guidance,3,rich_score_t0_kurtosis,-0.2402333981661573,0.0644762086006651
sd15,guidance,3,rich_latent_t4_nearzero,0.0009736970363651406,0.9941088212921615
sd15,guidance,3,rich_guidance_t1_kurtosis,-0.12186718532925815,0.35362276006724264
sd15,guidance,3,rich_latent_step_slope,-0.10130591831064185,0.4411874378310238
sd15,guidance,3,rich_guidance_dz_orthfrac_t4,-0.11647679911086414,0.37547309034910037
sd15,guidance,3,rich_latent_step_late,-0.10764101139205336,0.4129994911360594
sd15,guidance,3,rich_guidance_t3_skew,-0.2826340650180606,0.02866636359697993
sd15,guidance,3,rich_guidance_t1_maxabs,0.04995832175604335,0.7046344488528204
sd15,guidance,3,rich_guidance_dz_orthfrac_t2,0.06801889413726038,0.6055837939925577
sd15,guidance,3,rich_latent_step_t3,-0.14092803556543484,0.28280848031183864
sd15,guidance,3,rich_latent_t2_nearzero,0.14863742658606396,0.25703347620730826
sd15,guidance,3,speed_mean,-0.13148096693525982,0.316643741954754
sd15,guidance,3,rich_latent_step_mean,-0.13148096693525982,0.316643741954754
sd15,guidance,3,path_length,-0.13148096693525982,0.316643741954754
sd15,guidance,3,rich_guidance_t1_median,0.049514868457282014,0.707137740731843
sd15,guidance,3,latent_roundtrip_mse,0.009391497638232844,0.9432246733264629
sd15,guidance,3,rich_guidance_t5_mean,-0.05329258127257572,0.6859138675923734
sd15,guidance,3,rich_latent_step_t4,-0.12653514865240348,0.3353475993665874
sd15,guidance,3,rich_latent_t3_extreme3,-0.09356530961197311,0.4770408527782899
sd15,guidance,3,rich_latent_step_auc,-0.1339816615726591,0.30744563026637606
sd15,guidance,4,rich_guidance_t2_median,-0.004725110052142949,0.9714172752050971
sd15,guidance,4,rich_guidance_t4_mean,-0.18916365657126982,0.14774642469508792
sd15,guidance,4,rich_guidance_t0_skew,0.2782439566546263,0.031347235977352075
sd15,guidance,4,rich_guidance_t4_skew,-0.1709919422061684,0.19145732027908288
sd15,guidance,4,rich_score_t5_nearzero,-0.045401469499512334,0.730501826701835
sd15,guidance,4,rich_guidance_t5_median,-0.019540263109616225,0.8821941262643024
sd15,guidance,4,rich_guidance_t3_median,-0.13159906518934356,0.31620543527534056
sd15,guidance,4,rich_score_t0_mean,0.12297860516810227,0.3492169015789504
sd15,guidance,4,rich_score_t3_nearzero,0.1380730633297139,0.29277190175826573
sd15,guidance,4,rich_latent_step_t5,0.08152264517921647,0.5357713934618907
sd15,guidance,4,rich_score_t0_kurtosis,0.08257849402611839,0.5304840194547262
sd15,guidance,4,rich_latent_t4_nearzero,0.07444609340894617,0.5718617038553111
sd15,guidance,4,rich_guidance_t1_kurtosis,0.04862461794943041,0.712172497481033
sd15,guidance,4,rich_latent_step_slope,0.07707696582383998,0.5583135989410639
sd15,guidance,4,rich_guidance_dz_orthfrac_t4,-0.37749374826340654,0.002945164477292707
sd15,guidance,4,rich_latent_step_late,0.11103084190052795,0.3983537131363695
sd15,guidance,4,rich_guidance_t3_skew,0.09824951375382052,0.4551613997922756
sd15,guidance,4,rich_guidance_t1_maxabs,-0.020116699083078636,0.8787446673971141
sd15,guidance,4,rich_guidance_dz_orthfrac_t2,0.025618227285357047,0.8459445644372344
sd15,guidance,4,rich_latent_step_t3,0.1402056126701862,0.285308212733324
sd15,guidance,4,rich_latent_t2_nearzero,-0.13356511878257538,0.30896568654674755
sd15,guidance,4,speed_mean,0.12647957766046125,0.3355616134084145
sd15,guidance,4,rich_latent_step_mean,0.12647957766046125,0.3355616134084145
sd15,guidance,4,path_length,0.12647957766046125,0.3355616134084145
sd15,guidance,4,rich_guidance_t1_median,0.0531290924322661,0.6868275410548669
sd15,guidance,4,latent_roundtrip_mse,0.0728535704362323,0.5801358985863648
sd15,guidance,4,rich_guidance_t5_mean,-0.10425118088357879,0.42795117842081004
sd15,guidance,4,rich_latent_step_t4,0.14137260350097253,0.2812773901810598
sd15,guidance,4,rich_latent_t3_extreme3,-0.04276631561085699,0.7456000824608029
sd15,guidance,4,rich_latent_step_auc,0.13175882189497087,0.31561313601631485
sd15,guidance,5,rich_guidance_t2_median,0.002974039856348798,0.9820074331324158
sd15,guidance,5,rich_guidance_t4_mean,-0.25412614615170886,0.0500728749823037
sd15,guidance,5,rich_guidance_t0_skew,0.03667685468185608,0.7808473111899538
sd15,guidance,5,rich_guidance_t4_skew,-0.16499027507641015,0.20774898826332414
sd15,guidance,5,rich_score_t5_nearzero,-0.06142551755816374,0.6410496188840049
sd15,guidance,5,rich_guidance_t5_median,-0.12016011013210662,0.36045619629733444
sd15,guidance,5,rich_guidance_t3_median,0.07220578064665566,0.583517150347807
sd15,guidance,5,rich_score_t0_mean,0.15054181717143655,0.25091930052808625
sd15,guidance,5,rich_score_t3_nearzero,0.08731090769378966,0.5071069849512938
sd15,guidance,5,rich_latent_step_t5,0.09013614893025843,0.4934066712047029
sd15,guidance,5,rich_score_t0_kurtosis,-0.14709641567101975,0.2620541203604485
sd15,guidance,5,rich_latent_t4_nearzero,0.0013631758509111969,0.9917524198706033
sd15,guidance,5,rich_guidance_t1_kurtosis,0.041678243956654634,0.7518624843128092
sd15,guidance,5,rich_latent_step_slope,0.14720755765490418,0.2616898253332671
sd15,guidance,5,rich_guidance_dz_orthfrac_t4,-0.13892747985551543,0.289766352777875
sd15,guidance,5,rich_latent_step_late,0.10719644345651572,0.41494301558595365
sd15,guidance,5,rich_guidance_t3_skew,-0.01294804112253404,0.9217819308634028
sd15,guidance,5,rich_guidance_t1_maxabs,-0.029063628785773836,0.8255310878275774
sd15,guidance,5,rich_guidance_dz_orthfrac_t2,0.03662128368991387,0.781171118220261
sd15,guidance,5,rich_latent_step_t3,0.12308974715198667,0.34877819080151035
sd15,guidance,5,rich_latent_t2_nearzero,-0.01760289822805959,0.8938031325178591
sd15,guidance,5,speed_mean,0.0819116421228119,0.5338204100417872
sd15,guidance,5,rich_latent_step_mean,0.0819116421228119,0.5338204100417872
sd15,guidance,5,path_length,0.0819116421228119,0.5338204100417872
sd15,guidance,5,rich_guidance_t1_median,0.0614974110204985,0.640658373579071
sd15,guidance,5,latent_roundtrip_mse,0.18638510697415953,0.15389969633927414
sd15,guidance,5,rich_guidance_t5_mean,-0.20061128091136432,0.12431523594230397
sd15,guidance,5,rich_latent_step_t4,0.1196999166435121,0.36231207353559053
sd15,guidance,5,rich_latent_t3_extreme3,0.02348228978894569,0.8586513260478288
sd15,guidance,5,rich_latent_step_auc,0.10141706029452627,0.4406838469126378
sd15,dz,1,rich_guidance_t2_median,-0.2120740570461806,0.10379553700234959
sd15,dz,1,rich_guidance_t4_mean,0.06429563767713255,0.6255067971860907
sd15,dz,1,rich_guidance_t0_skew,0.14170602945262575,0.28013267472617853
sd15,dz,1,rich_guidance_t4_skew,-0.10769658238399557,0.4127569204139169
sd15,dz,1,rich_score_t5_nearzero,0.015801491835614585,0.9046174201402718
sd15,dz,1,rich_guidance_t5_median,0.19014927444222562,0.14560830243969164
sd15,dz,1,rich_guidance_t3_median,-0.0066702799673584905,0.9596590672979677
sd15,dz,1,rich_score_t0_mean,-0.12281189219227566,0.3498756072607578
sd15,dz,1,rich_score_t3_nearzero,0.14522148743844404,0.2682511010092174
sd15,dz,1,rich_latent_step_t5,0.07385384829119201,0.574932417131488
sd15,dz,1,rich_score_t0_kurtosis,0.04284523478744096,0.7451464933114315
sd15,dz,1,rich_latent_t4_nearzero,0.06515424169049026,0.6208880479293886
sd15,dz,1,rich_guidance_t1_kurtosis,-0.05279244234509588,0.6887103459758812
sd15,dz,1,rich_latent_step_slope,0.12092247846624064,0.35739451608571815
sd15,dz,1,rich_guidance_dz_orthfrac_t4,0.03434287302028342,0.7944784248406105
sd15,dz,1,rich_latent_step_late,0.08241178105029176,0.5313171494740896
sd15,dz,1,rich_guidance_t3_skew,0.254959711030842,0.04929992338029047
sd15,dz,1,rich_guidance_t1_maxabs,-0.19566546262850795,0.1340658264727134
sd15,dz,1,rich_guidance_dz_orthfrac_t2,0.14370658516254517,0.2733291740079385
sd15,dz,1,rich_latent_step_t3,0.07185329258127258,0.5853607721749409
sd15,dz,1,rich_latent_t2_nearzero,0.0966908011673984,0.46238023576652665
sd15,dz,1,speed_mean,0.03145318143928869,0.8114396722629227
sd15,dz,1,rich_latent_step_mean,0.03145318143928869,0.8114396722629227
sd15,dz,1,path_length,0.03145318143928869,0.8114396722629227
sd15,dz,1,rich_guidance_t1_median,0.20197951675584158,0.12171535364649143
sd15,dz,1,latent_roundtrip_mse,0.024284523478744102,0.8538744489836518
sd15,dz,1,rich_guidance_t5_mean,0.16393442622950824,0.21071344992284646
sd15,dz,1,rich_latent_step_t4,0.08202278410669632,0.5332636288972391
sd15,dz,1,rich_latent_t3_extreme3,0.09317347164171658,0.47889614668361613
sd15,dz,1,rich_latent_step_auc,0.02934148374548486,0.8238896451563563
sd15,dz,2,rich_guidance_t2_median,-0.011312469360130474,0.9316370000729196
sd15,dz,2,rich_guidance_t4_mean,-0.14320644623506532,0.27501964151021063
sd15,dz,2,rich_guidance_t0_skew,0.021228118921922758,0.872100182172749
sd15,dz,2,rich_guidance_t4_skew,-0.04912475687691026,0.7093424724584855
sd15,dz,2,rich_score_t5_nearzero,-0.21120585566194708,0.10525150977688617
sd15,dz,2,rich_guidance_t5_median,-0.16638408957917886,0.20388091702450298
sd15,dz,2,rich_guidance_t3_median,-0.03240644350808333,0.805834489446599
sd15,dz,2,rich_score_t0_mean,-0.08791330925257018,0.5041695559412632
sd15,dz,2,rich_score_t3_nearzero,-0.07632403017258961,0.5621754016854229
sd15,dz,2,rich_latent_step_t5,-0.24062239510975272,0.06403192158420346
sd15,dz,2,rich_score_t0_kurtosis,0.0070019449847179786,0.9576549946716744
sd15,dz,2,rich_latent_t4_nearzero,0.11792862106148089,0.36950963154294275
sd15,dz,2,rich_guidance_t1_kurtosis,-0.3534870797443735,0.005595987672386377
sd15,dz,2,rich_latent_step_slope,-0.27535426507363164,0.03322373448451535
sd15,dz,2,rich_guidance_dz_orthfrac_t4,-0.11908863573214784,0.36478625384688335
sd15,dz,2,rich_latent_step_late,-0.22217282578494033,0.08798256527568392
sd15,dz,2,rich_guidance_t3_skew,0.1538760766879689,0.2404541169290656
sd15,dz,2,rich_guidance_t1_maxabs,0.016893581550430678,0.8980591522077415
sd15,dz,2,rich_guidance_dz_orthfrac_t2,-0.3210336204501251,0.01238462058793586
sd15,dz,2,rich_latent_step_t3,-0.1563767713253682,0.23280449628996314
sd15,dz,2,rich_latent_t2_nearzero,0.22586214756445497,0.08270220896067339
sd15,dz,2,speed_mean,-0.14065018060572385,0.2837681996970975
sd15,dz,2,rich_latent_step_mean,-0.14065018060572385,0.2837681996970975
sd15,dz,2,path_length,-0.14065018060572385,0.2837681996970975
sd15,dz,2,rich_guidance_t1_median,-0.1007534437334026,0.4436954924005514
sd15,dz,2,latent_roundtrip_mse,-0.0008335648791330927,0.9949566537726218
sd15,dz,2,rich_guidance_t5_mean,-0.28368991386496256,0.02805110338164077
sd15,dz,2,rich_latent_step_t4,-0.20355654348430122,0.11877032855714624
sd15,dz,2,rich_latent_t3_extreme3,-0.04508935500594936,0.732284930851892
sd15,dz,2,rich_latent_step_auc,-0.11419838844123369,0.3849477215930694
sd15,dz,3,rich_guidance_t2_median,-0.11843349371871241,0.367449345550255
sd15,dz,3,rich_guidance_t4_mean,0.0854126146151709,0.5164203783203752
sd15,dz,3,rich_guidance_t0_skew,0.22550708530147268,0.08319925017983734
sd15,dz,3,rich_guidance_t4_skew,0.14092803556543484,0.28280848031183864
sd15,dz,3,rich_score_t5_nearzero,0.06473604137583652,0.6231358992637572
sd15,dz,3,rich_guidance_t5_median,-0.014008951077164409,0.9153956173314001
sd15,dz,3,rich_guidance_t3_median,-0.06172788253126336,0.6394048000063665
sd15,dz,3,rich_score_t0_mean,0.24290080577938322,0.061478871391003734
sd15,dz,3,rich_score_t3_nearzero,0.2627671694753842,0.04252297124437673
sd15,dz,3,rich_latent_step_t5,0.38427340928035575,0.0024352966479887755
sd15,dz,3,rich_score_t0_kurtosis,0.16865796054459575,0.19768059030704124
sd15,dz,3,rich_latent_t4_nearzero,-0.2175239179239724,0.09500923580045155
sd15,dz,3,rich_guidance_t1_kurtosis,0.11308696860238958,0.38962067701010683
sd15,dz,3,rich_latent_step_slope,0.38449569324812455,0.002420001772805449
sd15,dz,3,rich_guidance_dz_orthfrac_t4,0.10719644345651572,0.41494301558595365
sd15,dz,3,rich_latent_step_late,0.39038621839399845,0.0020446500755096097
sd15,dz,3,rich_guidance_t3_skew,0.03450958599611004,0.7935026915525333
sd15,dz,3,rich_guidance_t1_maxabs,0.09235898860794667,0.48276484726860425
sd15,dz,3,rich_guidance_dz_orthfrac_t2,0.21278132814670744,0.1026210048948953
sd15,dz,3,rich_latent_step_t3,0.3564879133092526,0.005177973756085476
sd15,dz,3,rich_latent_t2_nearzero,-0.19004456001668127,0.14583436020066656
sd15,dz,3,speed_mean,0.36726868574604066,0.0038939613094179136
sd15,dz,3,rich_latent_step_mean,0.36726868574604066,0.0038939613094179136
sd15,dz,3,path_length,0.36726868574604066,0.0038939613094179136
sd15,dz,3,rich_guidance_t1_median,0.06850344518739074,0.6030114597110918
sd15,dz,3,latent_roundtrip_mse,0.2960822450680745,0.02162083477354281
sd15,dz,3,rich_guidance_t5_mean,-0.12392331203111978,0.34549873722203756
sd15,dz,3,rich_latent_step_t4,0.3954431786607392,0.0017648667392724422
sd15,dz,3,rich_latent_t3_extreme3,0.18573119790160142,0.1553750022192434
sd15,dz,3,rich_latent_step_auc,0.34648513475965553,0.0066884970313202605
sd15,dz,4,rich_guidance_t2_median,-0.02368113979073996,0.857466802790935
sd15,dz,4,rich_guidance_t4_mean,0.22195054181717147,0.08830897459524911
sd15,dz,4,rich_guidance_t0_skew,-0.30741872742428455,0.016878778233265564
sd15,dz,4,rich_guidance_t4_skew,0.14987496526813007,0.2530489241732977
sd15,dz,4,rich_score_t5_nearzero,-0.11967960893805274,0.36239410489782425
sd15,dz,4,rich_guidance_t5_median,0.102482148058542,0.4358741749526701
sd15,dz,4,rich_guidance_t3_median,0.12640180538144338,0.3358612724284472
sd15,dz,4,rich_score_t0_mean,-0.3143095304251181,0.014455198124465147
sd15,dz,4,rich_score_t3_nearzero,-0.10366605701648743,0.43056270214988884
sd15,dz,4,rich_latent_step_t5,-0.3225340372325647,0.01195921074644048
sd15,dz,4,rich_score_t0_kurtosis,0.0863573214781884,0.5117746957806181
sd15,dz,4,rich_latent_t4_nearzero,-0.08732671420429076,0.5070297975844669
sd15,dz,4,rich_guidance_t1_kurtosis,-0.02311753264795777,0.8608249401650392
sd15,dz,4,rich_latent_step_slope,-0.3357599333148098,0.008723852889169426
sd15,dz,4,rich_guidance_dz_orthfrac_t4,0.031119755487635462,0.8134024570476279
sd15,dz,4,rich_latent_step_late,-0.3334259516532371,0.009232164557398115
sd15,dz,4,rich_guidance_t3_skew,-0.04162267296471243,0.7521827547876153
sd15,dz,4,rich_guidance_t1_maxabs,-0.000944706863017505,0.994284218152518
sd15,dz,4,rich_guidance_dz_orthfrac_t2,-0.05084745762711866,0.699624678566195
sd15,dz,4,rich_latent_step_t3,-0.3342039455404279,0.009059939893967856
sd15,dz,4,rich_latent_t2_nearzero,0.28281433646029386,0.02856052250260388
sd15,dz,4,speed_mean,-0.3304251180883579,0.009923386161017974
sd15,dz,4,rich_latent_step_mean,-0.3304251180883579,0.009923386161017974
sd15,dz,4,path_length,-0.3304251180883579,0.009923386161017974
sd15,dz,4,rich_guidance_t1_median,0.170480164727711,0.192809745592722
sd15,dz,4,latent_roundtrip_mse,-0.12414559599888861,0.34462745978091414
sd15,dz,4,rich_guidance_t5_mean,-0.0028896915809947213,0.9825176488861014
sd15,dz,4,rich_latent_step_t4,-0.3382050569602668,0.008217627987151154
sd15,dz,4,rich_latent_t3_extreme3,-0.14500803742136786,0.2689627562699215
sd15,dz,4,rich_latent_step_auc,-0.3176993609335927,0.013376940540007832
sd15,dz,5,rich_guidance_t2_median,-0.1308577536793471,0.3189631446791007
sd15,dz,5,rich_guidance_t4_mean,-0.16593498193942766,0.2051216516752473
sd15,dz,5,rich_guidance_t0_skew,-0.018671853292581277,0.8873948808749303
sd15,dz,5,rich_guidance_t4_skew,-0.2518477354820784,0.05223620120681406
sd15,dz,5,rich_score_t5_nearzero,-0.14279763660600295,0.2764065683334984
sd15,dz,5,rich_guidance_t5_median,0.28643301755987943,0.026504251470546362
sd15,dz,5,rich_guidance_t3_median,-0.06620252867603302,0.6152686081668175
sd15,dz,5,rich_score_t0_mean,0.007224228952486803,0.9563119977816167
sd15,dz,5,rich_score_t3_nearzero,0.09537722283593651,0.4685117634910621
sd15,dz,5,rich_latent_step_t5,-0.033231453181439295,0.8009912501695988
sd15,dz,5,rich_score_t0_kurtosis,0.09580439010836345,0.4665130349938028
sd15,dz,5,rich_latent_t4_nearzero,-0.021087495816136472,0.8729404042159419
sd15,dz,5,rich_guidance_t1_kurtosis,-0.024340094470686306,0.8535437442333965
sd15,dz,5,rich_latent_step_slope,-0.04078910808557934,0.7569917707777408
sd15,dz,5,rich_guidance_dz_orthfrac_t4,-0.046290636287857755,0.7254298333663267
sd15,dz,5,rich_latent_step_late,-0.0360100027785496,0.7847354230767715
sd15,dz,5,rich_guidance_t3_skew,0.23684356765768275,0.06845358848251135
sd15,dz,5,rich_guidance_t1_maxabs,0.11003056404556824,0.4026433980182002
sd15,dz,5,rich_guidance_dz_orthfrac_t2,0.08630175048624619,0.5120473820031959
sd15,dz,5,rich_latent_step_t3,-0.05823839955543207,0.6584902375885444
sd15,dz,5,rich_latent_t2_nearzero,0.04274195035786348,0.745740139477238
sd15,dz,5,speed_mean,-0.016171158655182,0.9023967480956508
sd15,dz,5,rich_latent_step_mean,-0.016171158655182,0.9023967480956508
sd15,dz,5,path_length,-0.016171158655182,0.9023967480956508
sd15,dz,5,rich_guidance_t1_median,-0.3390142088535075,0.008055839560178857
sd15,dz,5,latent_roundtrip_mse,-0.17210336204501256,0.18854371369781955
sd15,dz,5,rich_guidance_t5_mean,0.26679633231453187,0.0393377201449847
sd15,dz,5,rich_latent_step_t4,-0.044123367602111704,0.7378124866104013
sd15,dz,5,rich_latent_t3_extreme3,0.15040980372561877,0.25133992169248215
sd15,dz,5,rich_latent_step_auc,-0.018505140316754657,0.8883938431446402
amused,z,1,rich_score_t1_v_autocorr,0.08813559322033901,0.5030878677214377
amused,z,1,rich_score_relchange_middle,0.16043345373714923,0.22075581864912291
amused,z,1,rich_score_t3_v_autocorr,0.04740205612670187,0.7191065408635418
amused,z,1,rich_score_t2_v_autocorr,0.09663795498749654,0.4626260665376098
amused,z,1,rich_score_relchange_t3,-0.06157265907196444,0.640248976686054
amused,z,1,rich_score_t3_fft_high_low,0.2729647124201168,0.034845320166165386
amused,z,1,rich_score_t4_v_autocorr,-0.016226729647124204,0.9020629844731732
amused,z,1,rich_score_t3_fft_low,-0.3176437899416505,0.01339404259542203
amused,z,1,rich_latent_t2_skew,-0.2636843567657683,0.041779824900924134
amused,z,1,rich_score_t1_fft_centroid,0.043123089747151996,0.7435502034367201
amused,z,1,rich_latent_t3_skew,-0.3331480966935261,0.00929435913664178
amused,z,1,rich_score_t3_fft_centroid,0.13470408446790777,0.3048208022752782
amused,z,1,rich_score_relchange_t2,0.20383439844401227,0.11825713263375685
amused,z,1,rich_score_t1_fft_high,0.07507641011392054,0.5686019599121629
amused,z,1,rich_latent_t1_skew,-0.2346207279799945,0.07116665295097821
amused,z,1,rich_latent_t0_skew,-0.2346207279799945,0.07116665295097821
amused,z,1,rich_score_t2_fft_high_low,0.20911364267852187,0.1088249791648447
amused,z,1,rich_score_t2_fft_centroid,0.05445957210336205,0.6794050750407422
amused,z,1,rich_latent_accel_t4,-0.07629897193664908,0.5623041409921972
amused,z,1,rich_latent_accel_late,-0.07629897193664908,0.5623041409921972
amused,z,1,rich_score_t2_fft_high,0.13631564323423176,0.29901776895909177
amused,z,1,rich_score_t5_v_autocorr,-0.03712142261739373,0.7782581915343908
amused,z,1,rich_score_t3_fft_high,0.16938038343984443,0.19573913288606043
amused,z,1,rich_score_t4_fft_high_low,0.39394276187829963,0.001844069360772514
amused,z,1,rich_score_t1_fft_low,-0.19483189774937487,0.13576438926557147
amused,z,1,rich_score_t1_fft_high_low,0.17521533759377608,0.18055534150469538
amused,z,1,rich_score_t1_channel_ratio,0.12525701583773274,0.3402915764511179
amused,z,1,rich_score_t5_q25,-0.3539316476799112,0.005532247361885227
amused,z,1,rich_score_t1_channel_pr,-0.09474854126146152,0.4714617607709165
amused,z,1,rich_score_t2_fft_low,-0.2825229230341762,0.028731781111646912
amused,z,2,rich_score_t1_v_autocorr,-0.011280911364267855,0.9318272566480257
amused,z,2,rich_score_relchange_middle,0.09674909697138095,0.46210913669742276
amused,z,2,rich_score_t3_v_autocorr,0.17115865518199505,0.19101823500625284
amused,z,2,rich_score_t2_v_autocorr,0.1268130036121145,0.33427881365829226
amused,z,2,rich_score_relchange_t3,0.1088635732147819,0.4076819557637912
amused,z,2,rich_score_t3_fft_high_low,0.05740483467629899,0.6630821868283675
amused,z,2,rich_score_t4_v_autocorr,0.20327868852459022,0.11928522300005068
amused,z,2,rich_score_t3_fft_low,-0.0845234787440956,0.5208121490501683
amused,z,2,rich_latent_t2_skew,-0.4365101417060296,0.0004889862961644383
amused,z,2,rich_score_t1_fft_centroid,-0.12097804945818286,0.3571719676732655
amused,z,2,rich_latent_t3_skew,-0.4849680466796333,8.601659843035354e-05
amused,z,2,rich_score_t3_fft_centroid,-0.2475687691025285,0.05650454055768079
amused,z,2,rich_score_relchange_t2,0.07502083912197834,0.5688890026941463
amused,z,2,rich_score_t1_fft_high,-0.048457904973603784,0.7131166999542674
amused,z,2,rich_latent_t1_skew,-0.4055015282022785,0.0013079991995128552
amused,z,2,rich_latent_t0_skew,-0.4055015282022785,0.0013079991995128552
amused,z,2,rich_score_t2_fft_high_low,0.008446790775215339,0.948927773002326
amused,z,2,rich_score_t2_fft_centroid,-0.2311197554876355,0.07561308868854447
amused,z,2,rich_latent_accel_t4,0.07407613225896084,0.5737790139591211
amused,z,2,rich_latent_accel_late,0.07407613225896084,0.5737790139591211
amused,z,2,rich_score_t2_fft_high,-0.16999166435120872,0.19410702287178533
amused,z,2,rich_score_t5_v_autocorr,0.2264517921644902,0.08188196370211243
amused,z,2,rich_score_t3_fft_high,-0.1500972492358989,0.25233769159652475
amused,z,2,rich_score_t4_fft_high_low,0.06735204223395388,0.6091317092286105
amused,z,2,rich_score_t1_fft_low,-0.04267852181161435,0.7461047795579923
amused,z,2,rich_score_t1_fft_high_low,0.05234787440955822,0.691199589107015
amused,z,2,rich_score_t1_channel_ratio,0.10647402056126705,0.4181124452918897
amused,z,2,rich_score_t5_q25,-0.07752153375937762,0.5560393255845261
amused,z,2,rich_score_t1_channel_pr,-0.14059460961378165,0.2839604009772551
amused,z,2,rich_score_t2_fft_low,-0.047235343150875256,0.7200538539398217
amused,z,3,rich_score_t1_v_autocorr,-0.1696582383995555,0.1949960545668885
amused,z,3,rich_score_relchange_middle,-0.02039455404278967,0.8770827477848837
amused,z,3,rich_score_t3_v_autocorr,-0.10441789385940542,0.42720875255196095
amused,z,3,rich_score_t2_v_autocorr,-0.07857738260627953,0.5506556380207129
amused,z,3,rich_score_relchange_t3,0.09852736871353154,0.4538810984464676
amused,z,3,rich_score_t3_fft_high_low,-0.09485968324534595,0.4709395183866531
amused,z,3,rich_score_t4_v_autocorr,-0.0764101139205335,0.5617332431060386
amused,z,3,rich_score_t3_fft_low,0.15209780494581832,0.24599765627451214
amused,z,3,rich_latent_t2_skew,0.1846068352320089,0.1579361161146484
amused,z,3,rich_score_t1_fft_centroid,-0.019227563212003338,0.884066273203685
amused,z,3,rich_latent_t3_skew,0.17793831619894418,0.1737688289545332
amused,z,3,rich_score_t3_fft_centroid,0.03784384551264241,0.7740559919019759
amused,z,3,rich_score_relchange_t2,-0.12920255626562935,0.3251757003026663
amused,z,3,rich_score_t1_fft_high,-0.013670464017782718,0.9174326349289765
amused,z,3,rich_latent_t1_skew,0.1889969435954432,0.14811037711093825
amused,z,3,rich_latent_t0_skew,0.1889969435954432,0.14811037711093825
amused,z,3,rich_score_t2_fft_high_low,-0.0783550986385107,0.5517869667820245
amused,z,3,rich_score_t2_fft_centroid,0.02545151430953043,0.8469349861259718
amused,z,3,rich_latent_accel_t4,0.09913864962489582,0.4510714105424144
amused,z,3,rich_latent_accel_late,0.09913864962489582,0.4510714105424144
amused,z,3,rich_score_t2_fft_high,-0.022395109752709086,0.8651329269551354
amused,z,3,rich_score_t5_v_autocorr,-0.0746318421783829,0.5709001874539804
amused,z,3,rich_score_t3_fft_high,0.021783828841344825,0.8687812029235233
amused,z,3,rich_score_t4_fft_high_low,-0.04451236454570715,0.7355849690037779
amused,z,3,rich_score_t1_fft_low,0.10925257015837736,0.40599838453915355
amused,z,3,rich_score_t1_fft_high_low,-0.0755209780494582,0.5663080482470553
amused,z,3,rich_score_t1_channel_ratio,0.19833287024173385,0.12873792646227172
amused,z,3,rich_score_t5_q25,0.3193109196999167,0.012889089996072441
amused,z,3,rich_score_t1_channel_pr,-0.18321756043345377,0.16114349924734858
amused,z,3,rich_score_t2_fft_low,0.13425951653237012,0.3064343617582206
amused,z,4,rich_score_t1_v_autocorr,-0.05507085301472633,0.6760049369887119
amused,z,4,rich_score_relchange_middle,0.17399277577104755,0.1836639158155958
amused,z,4,rich_score_t3_v_autocorr,0.0003889969435954432,0.9976464264881356
amused,z,4,rich_score_t2_v_autocorr,-0.077354820783551,0.556891662035474
amused,z,4,rich_score_relchange_t3,-0.2041678243956655,0.11764353521170043
amused,z,4,rich_score_t3_fft_high_low,-0.1988330091692137,0.12775703698848687
amused,z,4,rich_score_t4_v_autocorr,-0.004556821339260907,0.9724348708395197
amused,z,4,rich_score_t3_fft_low,0.19133092525701587,0.14307543250846416
amused,z,4,rich_latent_t2_skew,0.14442900805779388,0.2708996267783395
amused,z,4,rich_score_t1_fft_centroid,0.07946651847735484,0.5461414728785035
amused,z,4,rich_latent_t3_skew,0.13453737149208117,0.3054252423447872
amused,z,4,rich_score_t3_fft_centroid,-0.004834676298971938,0.9707547824516682
amused,z,4,rich_score_relchange_t2,0.26068352320088917,0.04425174526703901
amused,z,4,rich_score_t1_fft_high,0.10008335648791333,0.44674808427290646
amused,z,4,rich_latent_t1_skew,0.12308974715198667,0.34877819080151035
amused,z,4,rich_latent_t0_skew,0.12308974715198667,0.34877819080151035
amused,z,4,rich_score_t2_fft_high_low,-0.055793275909975,0.671994877885947
amused,z,4,rich_score_t2_fft_centroid,0.11614337315921092,0.3768507897626253
amused,z,4,rich_latent_accel_t4,-0.03123089747151987,0.8127480679980448
amused,z,4,rich_latent_accel_late,-0.03123089747151987,0.8127480679980448
amused,z,4,rich_score_t2_fft_high,0.17571547652125594,0.1792946826419878
amused,z,4,rich_score_t5_v_autocorr,-0.05634898582939706,0.6689163833502351
amused,z,4,rich_score_t3_fft_high,0.0818005001389275,0.534377477031917
amused,z,4,rich_score_t4_fft_high_low,-0.17593776048902476,0.1787364403035379
amused,z,4,rich_score_t1_fft_low,0.021005834954153934,0.873428391408316
amused,z,4,rich_score_t1_fft_high_low,-0.011114198388441236,0.9328323971123987
amused,z,4,rich_score_t1_channel_ratio,0.08746874131703251,0.506336511453628
amused,z,4,rich_score_t5_q25,0.05379272020005558,0.6831215720045205
amused,z,4,rich_score_t1_channel_pr,-0.17321478188385667,0.18566209217692956
amused,z,4,rich_score_t2_fft_low,0.07140872464573493,0.5876897498420439
amused,z,5,rich_score_t1_v_autocorr,-0.08813559322033901,0.5030878677214377
amused,z,5,rich_score_relchange_middle,0.06963045290358434,0.5970471251661931
amused,z,5,rich_score_t3_v_autocorr,-0.06196165601555989,0.6381342902162361
amused,z,5,rich_score_t2_v_autocorr,-0.11858849680466799,0.36681820958099937
amused,z,5,rich_score_relchange_t3,0.11147540983606559,0.39645582524547357
amused,z,5,rich_score_t3_fft_high_low,-0.07435398721867187,0.5723387634213437
amused,z,5,rich_score_t4_v_autocorr,-0.09369269241455962,0.476438540763018
amused,z,5,rich_score_t3_fft_low,0.05329258127257572,0.6859138675923734
amused,z,5,rich_latent_t2_skew,-0.015782161711586553,0.9047335606987904
amused,z,5,rich_score_t1_fft_centroid,0.038121700472353436,0.7724414693014988
amused,z,5,rich_latent_t3_skew,0.00377882745207002,0.9771397289379576
amused,z,5,rich_score_t3_fft_centroid,-0.0323978883023062,0.8058847513462952
amused,z,5,rich_score_relchange_t2,0.06524034454015006,0.620425666755242
amused,z,5,rich_score_t1_fft_high,0.03967768824673521,0.7634180432315715
amused,z,5,rich_latent_t1_skew,-0.005501528202278412,0.9667230997867343
amused,z,5,rich_latent_t0_skew,-0.005501528202278412,0.9667230997867343
amused,z,5,rich_score_t2_fft_high_low,0.0926368435676577,0.48144321311390104
amused,z,5,rich_score_t2_fft_centroid,0.09724923589886082,0.45978684220711363
amused,z,5,rich_latent_accel_t4,0.13175882189497087,0.31561313601631485
amused,z,5,rich_latent_accel_late,0.13175882189497087,0.31561313601631485
amused,z,5,rich_score_t2_fft_high,0.16148930258405117,0.21769260889591124
amused,z,5,rich_score_t5_v_autocorr,-0.052514587385384844,0.6902657402088618
amused,z,5,rich_score_t3_fft_high,0.07252014448457907,0.5818751565502812
amused,z,5,rich_score_t4_fft_high_low,-0.02778549597110309,0.833091190283468
amused,z,5,rich_score_t1_fft_low,-0.04873575993331482,0.7115432677220055
amused,z,5,rich_score_t1_fft_high_low,0.04834676298971938,0.7137464062708962
amused,z,5,rich_score_t1_channel_ratio,0.07796610169491527,0.5537694637360054
amused,z,5,rich_score_t5_q25,-0.031064184495693252,0.8137296991801449
amused,z,5,rich_score_t1_channel_pr,-0.09508196721311477,0.4698959669235081
amused,z,5,rich_score_t2_fft_low,-0.0755209780494582,0.5663080482470553
amused,cond,1,rich_score_t1_v_autocorr,0.10953042511808837,0.4047983131594807
amused,cond,1,rich_score_relchange_middle,0.032898027229786055,0.8029477494631824
amused,cond,1,rich_score_t3_v_autocorr,0.15276465684912477,0.24390869335146573
amused,cond,1,rich_score_t2_v_autocorr,0.15004167824395667,0.2525153723908755
amused,cond,1,rich_score_relchange_t3,-0.008113364823562102,0.9509412549858525
amused,cond,1,rich_score_t3_fft_high_low,-0.2232286746318422,0.08644504070412332
amused,cond,1,rich_score_t4_v_autocorr,0.1502083912197833,0.2519825846614995
amused,cond,1,rich_score_t3_fft_low,0.1823284245623785,0.16322121493609004
amused,cond,1,rich_latent_t2_skew,0.08624617949430399,0.5123201420203517
amused,cond,1,rich_score_t1_fft_centroid,-0.11914420672409005,0.3645609045291394
amused,cond,1,rich_latent_t3_skew,0.10241733814948599,0.43616599541056694
amused,cond,1,rich_score_t3_fft_centroid,-0.15098638510697418,0.24950633823745577
amused,cond,1,rich_score_relchange_t2,-0.032842456237843855,0.8032739499944013
amused,cond,1,rich_score_t1_fft_high,-0.19927757710475136,0.12688989647285548
amused,cond,1,rich_latent_t1_skew,0.05040288969158101,0.7021279881177132
amused,cond,1,rich_latent_t0_skew,0.05040288969158101,0.7021279881177132
amused,cond,1,rich_score_t2_fft_high_low,-0.21989441511530985,0.09137351549096145
amused,cond,1,rich_score_t2_fft_centroid,-0.07396499027507641,0.5743555820715228
amused,cond,1,rich_latent_accel_t4,-0.2393998332870242,0.06543659592299556
amused,cond,1,rich_latent_accel_late,-0.2393998332870242,0.06543659592299556
amused,cond,1,rich_score_t2_fft_high,-0.15548763545429287,0.235504858634085
amused,cond,1,rich_score_t5_v_autocorr,0.1475409836065574,0.2605989860787853
amused,cond,1,rich_score_t3_fft_high,-0.19577660461239238,0.1338405662073169
amused,cond,1,rich_score_t4_fft_high_low,-0.12525701583773274,0.3402915764511179
amused,cond,1,rich_score_t1_fft_low,0.20016671297582667,0.12516900828372282
amused,cond,1,rich_score_t1_fft_high_low,-0.20627952208946934,0.11381376640817735
amused,cond,1,rich_score_t1_channel_ratio,-0.1737149208113365,0.18437576164324257
amused,cond,1,rich_score_t5_q25,0.09930536260072244,0.4503067993000964
amused,cond,1,rich_score_t1_channel_pr,0.23745484856904703,0.06772219508329085
amused,cond,1,rich_score_t2_fft_low,0.20211169769380385,0.12146639713978187
amused,cond,2,rich_score_t1_v_autocorr,0.05923867741039178,0.6529964229542271
amused,cond,2,rich_score_relchange_middle,-0.08519033064740207,0.5175165655115531
amused,cond,2,rich_score_t3_v_autocorr,0.24251180883578774,0.0619088514878186
amused,cond,2,rich_score_t2_v_autocorr,0.21155876632397896,0.1046577866770521
amused,cond,2,rich_score_relchange_t3,-0.15243123089747157,0.24495165306885858
amused,cond,2,rich_score_t3_fft_high_low,-0.10875243123089749,0.408163719344457
amused,cond,2,rich_score_t4_v_autocorr,0.22211725479299807,0.08806407864450905
amused,cond,2,rich_score_t3_fft_low,0.06546262850791887,0.6192326545257638
amused,cond,2,rich_latent_t2_skew,-0.1168102250625174,0.37409842506980134
amused,cond,2,rich_score_t1_fft_centroid,0.00755765490414004,0.9542977300516327
amused,cond,2,rich_latent_t3_skew,-0.14176160044456795,0.2799421889352712
amused,cond,2,rich_score_t3_fft_centroid,-0.17399277577104755,0.1836639158155958
amused,cond,2,rich_score_relchange_t2,0.017838288413448183,0.8923914035225191
amused,cond,2,rich_score_t1_fft_high,0.05823839955543207,0.6584902375885444
amused,cond,2,rich_latent_t1_skew,-0.09397054737427064,0.4751261508887603
amused,cond,2,rich_latent_t0_skew,-0.09397054737427064,0.4751261508887603
amused,cond,2,rich_score_t2_fft_high_low,-0.02183939983328703,0.868449427840205
amused,cond,2,rich_score_t2_fft_centroid,-0.04423450958599612,0.737175833263805
amused,cond,2,rich_latent_accel_t4,0.10275076410113923,0.43466584345108406
amused,cond,2,rich_latent_accel_late,0.10275076410113923,0.43466584345108406
amused,cond,2,rich_score_t2_fft_high,-0.08846901917199224,0.5014675772213072
amused,cond,2,rich_score_t5_v_autocorr,0.20272297860516814,0.12032011980111534
amused,cond,2,rich_score_t3_fft_high,-0.16949152542372883,0.19544165938951133
amused,cond,2,rich_score_t4_fft_high_low,-0.060072242289524874,0.6484321849962578
amused,cond,2,rich_score_t1_fft_low,-0.12614615170880802,0.33684749557531807
amused,cond,2,rich_score_t1_fft_high_low,0.13475965545984997,0.3046194941827503
amused,cond,2,rich_score_t1_channel_ratio,-0.03834398444012226,0.7711505412434259
amused,cond,2,rich_score_t5_q25,-0.009280355654348432,0.943895484668144
amused,cond,2,rich_score_t1_channel_pr,-0.002167268685746041,0.9868877896034889
amused,cond,2,rich_score_t2_fft_low,-0.006501806057238123,0.9606771600486312
amused,cond,3,rich_score_t1_v_autocorr,-0.07535426507363158,0.5671677582302241
amused,cond,3,rich_score_relchange_middle,-0.12886913031397612,0.32643638338120234
amused,cond,3,rich_score_t3_v_autocorr,-0.009391497638232844,0.9432246733264629
amused,cond,3,rich_score_t2_v_autocorr,0.004167824395665463,0.9747871930970542
amused,cond,3,rich_score_relchange_t3,0.0359544317866074,0.785059670120096
amused,cond,3,rich_score_t3_fft_high_low,-0.021617115865518205,0.8697766629660332
amused,cond,3,rich_score_t4_v_autocorr,0.029397054737427066,0.823561446390422
amused,cond,3,rich_score_t3_fft_low,0.04028896915809948,0.7598815979240472
amused,cond,3,rich_latent_t2_skew,-0.08496804667963324,0.5186139242678064
amused,cond,3,rich_score_t1_fft_centroid,0.013892747985551545,0.9160948680614075
amused,cond,3,rich_latent_t3_skew,-0.15426507363156436,0.23925298578752952
amused,cond,3,rich_score_t3_fft_centroid,-0.041844956932481255,0.7509019227445738
amused,cond,3,rich_score_relchange_t2,-0.23034176160044462,0.07663055380383153
amused,cond,3,rich_score_t1_fft_high,-0.026840789108085586,0.8386888097461794
amused,cond,3,rich_latent_t1_skew,-0.02645179216449014,0.8409960408131958
amused,cond,3,rich_latent_t0_skew,-0.02645179216449014,0.8409960408131958
amused,cond,3,rich_score_t2_fft_high_low,-0.10452903584328983,0.42671420825596384
amused,cond,3,rich_score_t2_fft_centroid,-0.06546262850791887,0.6192326545257638
amused,cond,3,rich_latent_accel_t4,-0.10186162823006392,0.43867269552863614
amused,cond,3,rich_latent_accel_late,-0.10186162823006392,0.43867269552863614
amused,cond,3,rich_score_t2_fft_high,-0.10947485412614616,0.40503816202867166
amused,cond,3,rich_score_t5_v_autocorr,0.0188941372603501,0.8860632023980713
amused,cond,3,rich_score_t3_fft_high,-0.11892192275632123,0.3654628101569807
amused,cond,3,rich_score_t4_fft_high_low,-0.1727146429563768,0.18695487229880212
amused,cond,3,rich_score_t1_fft_low,0.0014448457904973607,0.9912583135052945
amused,cond,3,rich_score_t1_fft_high_low,-0.02589608224506808,0.8442943890375854
amused,cond,3,rich_score_t1_channel_ratio,-0.020561267018616287,0.8760858487793725
amused,cond,3,rich_score_t5_q25,0.06173937204779106,0.6393423327801209
amused,cond,3,rich_score_t1_channel_pr,0.0098916365657127,0.9402065142129656
amused,cond,3,rich_score_t2_fft_low,0.10386218393998334,0.4296863469673866
amused,cond,4,rich_score_t1_v_autocorr,0.05273687135315367,0.6890213225486811
amused,cond,4,rich_score_relchange_middle,0.0026118366212836905,0.9841984187547932
amused,cond,4,rich_score_t3_v_autocorr,0.1367602111697694,0.29742965409507466
amused,cond,4,rich_score_t2_v_autocorr,0.11958877465962771,0.36276116139077147
amused,cond,4,rich_score_relchange_t3,-0.04056682411781051,0.7582757325688768
amused,cond,4,rich_score_t3_fft_high_low,-0.07135315365379273,0.5879811653107642
amused,cond,4,rich_score_t4_v_autocorr,0.09969435954431788,0.4485254902548491
amused,cond,4,rich_score_t3_fft_low,-0.07952208946929704,0.5458599318271666
amused,cond,4,rich_latent_t2_skew,-0.0898027229786052,0.4950134270547434
amused,cond,4,rich_score_t1_fft_centroid,0.00916921367046402,0.9445663347606648
amused,cond,4,rich_latent_t3_skew,-0.08057793831619896,0.5405240088320812
amused,cond,4,rich_score_t3_fft_centroid,-0.10130591831064185,0.4411874378310238
amused,cond,4,rich_score_relchange_t2,0.06235065295915534,0.6360224671286209
amused,cond,4,rich_score_t1_fft_high,-0.021783828841344825,0.8687812029235233
amused,cond,4,rich_latent_t1_skew,-0.08596832453459295,0.5136850480339089
amused,cond,4,rich_latent_t0_skew,-0.08596832453459295,0.5136850480339089
amused,cond,4,rich_score_t2_fft_high_low,-0.011447624340094473,0.9308222220506812
amused,cond,4,rich_score_t2_fft_centroid,0.0,1.0
amused,cond,4,rich_latent_accel_t4,-0.03534315087524313,0.7886287737955264
amused,cond,4,rich_latent_accel_late,-0.03534315087524313,0.7886287737955264
amused,cond,4,rich_score_t2_fft_high,-0.041678243956654634,0.7518624843128092
amused,cond,4,rich_score_t5_v_autocorr,0.06496248958043903,0.6219183005722048
amused,cond,4,rich_score_t3_fft_high,-0.16582383995554323,0.205429523268302
amused,cond,4,rich_score_t4_fft_high_low,-0.06246179494303974,0.6354196170200668
amused,cond,4,rich_score_t1_fft_low,-0.06607390941928315,0.6159569107062783
amused,cond,4,rich_score_t1_fft_high_low,-0.013726035009724927,0.9170981717213113
amused,cond,4,rich_score_t1_channel_ratio,-0.0008335648791330927,0.9949566537726218
amused,cond,4,rich_score_t5_q25,-0.20361211447624344,0.11866755358990379
amused,cond,4,rich_score_t1_channel_pr,0.077354820783551,0.556891662035474
amused,cond,4,rich_score_t2_fft_low,-0.09180327868852461,0.4854138636074339
amused,cond,5,rich_score_t1_v_autocorr,-0.0594053903862184,0.6520825560828835
amused,cond,5,rich_score_relchange_middle,-0.0980272297860517,0.4561870650585708
amused,cond,5,rich_score_t3_v_autocorr,0.010725201444845792,0.9351781278374584
amused,cond,5,rich_score_t2_v_autocorr,-0.023006390664073357,0.8614874481665897
amused,cond,5,rich_score_relchange_t3,0.02934148374548486,0.8238896451563563
amused,cond,5,rich_score_t3_fft_high_low,0.024228952486801892,0.8542051787418986
amused,cond,5,rich_score_t4_v_autocorr,-0.005723812170047237,0.9653793846685327
amused,cond,5,rich_score_t3_fft_low,-0.04940261183662129,0.707771919521627
amused,cond,5,rich_latent_t2_skew,-0.2050569602667408,0.11601917039627258
amused,cond,5,rich_score_t1_fft_centroid,0.12886913031397612,0.32643638338120234
amused,cond,5,rich_latent_t3_skew,-0.210780772436788,0.10597010521396454
amused,cond,5,rich_score_t3_fft_centroid,-0.005557099194220618,0.9663871622346598
amused,cond,5,rich_score_relchange_t2,-0.1465962767435399,0.2636976692581348
amused,cond,5,rich_score_t1_fft_high,0.07813281467074189,0.5529194063535563
amused,cond,5,rich_latent_t1_skew,-0.21300361211447627,0.1022540026762908
amused,cond,5,rich_latent_t0_skew,-0.21300361211447627,0.1022540026762908
amused,cond,5,rich_score_t2_fft_high_low,0.13203667685468187,0.3145846780623502
amused,cond,5,rich_score_t2_fft_centroid,0.0745207001944985,0.571475416612392
amused,cond,5,rich_latent_accel_t4,-0.1348152264517922,0.3044182720556645
amused,cond,5,rich_latent_accel_late,-0.1348152264517922,0.3044182720556645
amused,cond,5,rich_score_t2_fft_high,0.009058071686579608,0.9452372231420628
amused,cond,5,rich_score_t5_v_autocorr,0.010502917477076967,0.9365187927809023
amused,cond,5,rich_score_t3_fft_high,-0.05801611558766325,0.6597135403389548
amused,cond,5,rich_score_t4_fft_high_low,0.10575159766601835,0.4212957138906718
amused,cond,5,rich_score_t1_fft_low,-0.14198388441233678,0.27918110312093386
amused,cond,5,rich_score_t1_fft_high_low,0.13464851347596557,0.30502219633319017
amused,cond,5,rich_score_t1_channel_ratio,0.023006390664073357,0.8614874481665897
amused,cond,5,rich_score_t5_q25,0.014948596832453464,0.9097436976121359
amused,cond,5,rich_score_t1_channel_pr,-0.005112531258682969,0.9690748204499386
amused,cond,5,rich_score_t2_fft_low,-0.17104751319811062,0.19131087824913282
amused,uncond,1,rich_score_t1_v_autocorr,-0.12420116699083082,0.3444098539111508
amused,uncond,1,rich_score_relchange_middle,-0.030730758544040022,0.8156938151001678
amused,uncond,1,rich_score_t3_v_autocorr,-0.16899138649624898,0.19678283488364448
amused,uncond,1,rich_score_t2_v_autocorr,-0.16771325368157824,0.20024006998325253
amused,uncond,1,rich_score_relchange_t3,0.022672964712420123,0.8634755399207965
amused,uncond,1,rich_score_t3_fft_high_low,0.2321200333425952,0.07432072823664718
amused,uncond,1,rich_score_t4_v_autocorr,-0.1629341483745485,0.21354925966439237
amused,uncond,1,rich_score_t3_fft_low,-0.19027507641011396,0.14533706644572314
amused,uncond,1,rich_latent_t2_skew,-0.09258127257571551,0.4817073864334214
amused,uncond,1,rich_score_t1_fft_centroid,0.13203667685468187,0.3145846780623502
amused,uncond,1,rich_latent_t3_skew,-0.10897471519866632,0.4072005224093045
amused,uncond,1,rich_score_t3_fft_centroid,0.1654348430119478,0.2065096489819918
amused,uncond,1,rich_score_relchange_t2,0.02528480133370381,0.8479256433327611
amused,uncond,1,rich_score_t1_fft_high,0.20361211447624344,0.11866755358990379
amused,uncond,1,rich_latent_t1_skew,-0.05568213392609059,0.6726112221910711
amused,uncond,1,rich_latent_t0_skew,-0.05568213392609059,0.6726112221910711
amused,uncond,1,rich_score_t2_fft_high_low,0.23473186996387888,0.07102899159255896
amused,uncond,1,rich_score_t2_fft_centroid,0.08430119477632678,0.5219130113429931
amused,uncond,1,rich_latent_accel_t4,0.2148930258405113,0.09917541408759453
amused,uncond,1,rich_latent_accel_late,0.2148930258405113,0.09917541408759453
amused,uncond,1,rich_score_t2_fft_high,0.15754376215615454,0.22929284148311685
amused,uncond,1,rich_score_t5_v_autocorr,-0.1610447346485135,0.21897873388575437
amused,uncond,1,rich_score_t3_fft_high,0.20200055570991945,0.12167570179955088
amused,uncond,1,rich_score_t4_fft_high_low,0.13448180050013897,0.30562689429820733
amused,uncond,1,rich_score_t1_fft_low,-0.2076132258960823,0.11144468996240235
amused,uncond,1,rich_score_t1_fft_high_low,0.21172547929980554,0.10437821747314874
amused,uncond,1,rich_score_t1_channel_ratio,0.1817727146429564,0.1645297366145023
amused,uncond,1,rich_score_t5_q25,-0.08958043901083634,0.4960861081830047
amused,uncond,1,rich_score_t1_channel_pr,-0.24295637677132545,0.06141764269600125
amused,uncond,1,rich_score_t2_fft_low,-0.21650458460683528,0.09660690496132007
amused,uncond,2,rich_score_t1_v_autocorr,-0.0467907752153376,0.7225820659702129
amused,uncond,2,rich_score_relchange_middle,0.07057515976660185,0.5920677950782555
amused,uncond,2,rich_score_t3_v_autocorr,-0.22461794943039737,0.08445426734318234
amused,uncond,2,rich_score_t2_v_autocorr,-0.1934981939427619,0.1385156797922984
amused,uncond,2,rich_score_relchange_t3,0.1348152264517922,0.3044182720556645
amused,uncond,2,rich_score_t3_fft_high_low,0.08591275354265075,0.513958250223543
amused,uncond,2,rich_score_t4_v_autocorr,-0.20333425951653242,0.11918210808148016
amused,uncond,2,rich_score_t3_fft_low,-0.05990552931369826,0.6493440110063838
amused,uncond,2,rich_latent_t2_skew,0.1303695470964157,0.3207876409129921
amused,uncond,2,rich_score_t1_fft_centroid,-0.03445401500416784,0.7938279010871625
amused,uncond,2,rich_latent_t3_skew,0.15759933314809674,0.22912654054441817
amused,uncond,2,rich_score_t3_fft_centroid,0.14176160044456795,0.2799421889352712
amused,uncond,2,rich_score_relchange_t2,-0.031008613503751045,0.8140569729795689
amused,uncond,2,rich_score_t1_fft_high,-0.10097249235898863,0.4427001354873318
amused,uncond,2,rich_latent_t1_skew,0.10108363434287304,0.4421955822738383
amused,uncond,2,rich_latent_t0_skew,0.10108363434287304,0.4421955822738383
amused,uncond,2,rich_score_t2_fft_high_low,-0.004112253403723257,0.9751232570337339
amused,uncond,2,rich_score_t2_fft_centroid,0.021283689913864964,0.8717681845808063
amused,uncond,2,rich_latent_accel_t4,-0.11303139761044738,0.3898552032824819
amused,uncond,2,rich_latent_accel_late,-0.11303139761044738,0.3898552032824819
amused,uncond,2,rich_score_t2_fft_high,0.04918032786885247,0.709028265373181
amused,uncond,2,rich_score_t5_v_autocorr,-0.18477354820783554,0.15755441757569302
amused,uncond,2,rich_score_t3_fft_high,0.1279244234509586,0.3300250885679071
amused,uncond,2,rich_score_t4_fft_high_low,0.05818282856348987,0.6587959799916625
amused,uncond,2,rich_score_t1_fft_low,0.140150041678244,0.28550110056132716
amused,uncond,2,rich_score_t1_fft_high_low,-0.15998888580161158,0.22205455270245708
amused,uncond,2,rich_score_t1_channel_ratio,0.01544873575993332,0.906737183369981
amused,uncond,2,rich_score_t5_q25,-0.010780772436787999,0.9348429894256768
amused,uncond,2,rich_score_t1_channel_pr,0.03023061961656016,0.8186421010952553
amused,uncond,2,rich_score_t2_fft_low,0.01989441511530981,0.8800745781808934
amused,uncond,3,rich_score_t1_v_autocorr,0.07107529869408169,0.5894392176251788
amused,uncond,3,rich_score_relchange_middle,0.12042233953876079,0.3594012761128297
amused,uncond,3,rich_score_t3_v_autocorr,0.013892747985551545,0.9160948680614075
amused,uncond,3,rich_score_t2_v_autocorr,0.0006668519033064742,0.9959653135986447
amused,uncond,3,rich_score_relchange_t3,-0.04278966379549876,0.7454658794664689
amused,uncond,3,rich_score_t3_fft_high_low,0.017449291469852742,0.8947245505958312
amused,uncond,3,rich_score_t4_v_autocorr,-0.017949430397332596,0.8917249557674052
amused,uncond,3,rich_score_t3_fft_low,-0.05451514309530426,0.6790957077268008
amused,uncond,3,rich_latent_t2_skew,0.093525979438733,0.47722690205997514
amused,uncond,3,rich_score_t1_fft_centroid,-0.01339260905807169,0.919105163297943
amused,uncond,3,rich_latent_t3_skew,0.16954709641567106,0.19529304374149278
amused,uncond,3,rich_score_t3_fft_centroid,0.03789941650458461,0.7737330109875938
amused,uncond,3,rich_score_relchange_t2,0.23123089747151993,0.07546861711333226
amused,uncond,3,rich_score_t1_fft_high,0.015671019727702143,0.90540136992014
amused,uncond,3,rich_latent_t1_skew,0.029897193664906927,0.8206090162038672
amused,uncond,3,rich_latent_t0_skew,0.029897193664906927,0.8206090162038672
amused,uncond,3,rich_score_t2_fft_high_low,0.09974993053626009,0.44827133598892777
amused,uncond,3,rich_score_t2_fft_centroid,0.06979716587941097,0.5961670727923148
amused,uncond,3,rich_latent_accel_t4,0.12208946929702698,0.3527388623083876
amused,uncond,3,rich_latent_accel_late,0.12208946929702698,0.3527388623083876
amused,uncond,3,rich_score_t2_fft_high,0.09041400388996945,0.4920697886081003
amused,uncond,3,rich_score_t5_v_autocorr,-0.014392886913031398,0.9130857441428404
amused,uncond,3,rich_score_t3_fft_high,0.091636565712698,0.4862100600891856
amused,uncond,3,rich_score_t4_fft_high_low,0.1646568491247569,0.2086819338245062
amused,uncond,3,rich_score_t1_fft_low,-0.006168380105584886,0.9626922453591942
amused,uncond,3,rich_score_t1_fft_high_low,0.01583773270352876,0.9043996806634829
amused,uncond,3,rich_score_t1_channel_ratio,0.01589330369547097,0.9040658170877223
amused,uncond,3,rich_score_t5_q25,-0.07713253681578218,0.5580290741005038
amused,uncond,3,rich_score_t1_channel_pr,0.004445679355376494,0.9731069399576658
amused,uncond,3,rich_score_t2_fft_low,-0.11280911364267854,0.39079414402117946
amused,uncond,4,rich_score_t1_v_autocorr,0.03350930814115033,0.7993617616982229
amused,uncond,4,rich_score_relchange_middle,0.037065851625451514,0.7785817010607267
amused,uncond,4,rich_score_t3_v_autocorr,-0.09480411225340374,0.4712006007104017
amused,uncond,4,rich_score_t2_v_autocorr,-0.07063073075854405,0.5917754723000523
amused,uncond,4,rich_score_relchange_t3,0.028785773826062795,0.827173273598155
amused,uncond,4,rich_score_t3_fft_high_low,0.06323978883023063,0.6312062712938675
amused,uncond,4,rich_score_t4_v_autocorr,-0.09046957488191167,0.491802639376312
amused,uncond,4,rich_score_t3_fft_low,0.07546540705751599,0.5665945505754838
amused,uncond,4,rich_latent_t2_skew,0.17377049180327872,0.18423323360738783
amused,uncond,4,rich_score_t1_fft_centroid,-0.10641844956932484,0.4183568212414685
amused,uncond,4,rich_latent_t3_skew,0.1718255070853015,0.18926911152071846
amused,uncond,4,rich_score_t3_fft_centroid,0.06257293692692416,0.6348170021470381
amused,uncond,4,rich_score_relchange_t2,0.037343706585162555,0.7769645281626809
amused,uncond,4,rich_score_t1_fft_high,-0.05990552931369826,0.6493440110063838
amused,uncond,4,rich_latent_t1_skew,0.17404834676298975,0.18352178486880386
amused,uncond,4,rich_latent_t0_skew,0.17404834676298975,0.18352178486880386
amused,uncond,4,rich_score_t2_fft_high_low,-0.027952208946929707,0.8321042216162017
amused,uncond,4,rich_score_t2_fft_centroid,-0.06618505140316756,0.6153621179905044
amused,uncond,4,rich_latent_accel_t4,0.09891636565712701,0.45209200439509034
amused,uncond,4,rich_latent_accel_late,0.09891636565712701,0.45209200439509034
amused,uncond,4,rich_score_t2_fft_high,0.008669074742984164,0.9475856273305068
amused,uncond,4,rich_score_t5_v_autocorr,-0.05101417060294527,0.6986867547847623
amused,uncond,4,rich_score_t3_fft_high,0.15081967213114758,0.25003556316921666
amused,uncond,4,rich_score_t4_fft_high_low,0.048235621005834964,0.7143763025436971
amused,uncond,4,rich_score_t1_fft_low,0.13409280355654352,0.30704086497441657
amused,uncond,4,rich_score_t1_fft_high_low,-0.06940816893581551,0.5982214227030476
amused,uncond,4,rich_score_t1_channel_ratio,-0.04456793553764935,0.7352669283927045
amused,uncond,4,rich_score_t5_q25,0.16010002778549598,0.22172937071172874
amused,uncond,4,rich_score_t1_channel_pr,-0.019060850236176718,0.8850646489298637
amused,uncond,4,rich_score_t2_fft_low,0.12197832731314258,0.3531806408931128
amused,uncond,5,rich_score_t1_v_autocorr,0.03473186996387886,0.7922022035904938
amused,uncond,5,rich_score_relchange_middle,0.07968880244512366,0.5450157294488327
amused,uncond,5,rich_score_t3_v_autocorr,0.02311753264795777,0.8608249401650392
amused,uncond,5,rich_score_t2_v_autocorr,0.037343706585162555,0.7769645281626809
amused,uncond,5,rich_score_relchange_t3,-0.03889969435954432,0.7679259273285244
amused,uncond,5,rich_score_t3_fft_high_low,0.02528480133370381,0.8479256433327611
amused,uncond,5,rich_score_t4_v_autocorr,0.021561544873575998,0.8701085277245547
amused,uncond,5,rich_score_t3_fft_low,-0.08524590163934428,0.5172424088072812
amused,uncond,5,rich_latent_t2_skew,0.0745207001944985,0.571475416612392
amused,uncond,5,rich_score_t1_fft_centroid,-0.08891358710752989,0.4993113837290571
amused,uncond,5,rich_latent_t3_skew,0.0908585718255071,0.48993471923688064
amused,uncond,5,rich_score_t3_fft_centroid,-0.009502639622117256,0.9425539011975057
amused,uncond,5,rich_score_relchange_t2,0.15959988885801615,0.22319530858214856
amused,uncond,5,rich_score_t1_fft_high,-0.07424284523478746,0.5729146629333451
amused,uncond,5,rich_latent_t1_skew,0.08741317032509033,0.5066077158959013
amused,uncond,5,rich_latent_t0_skew,0.08741317032509033,0.5066077158959013
amused,uncond,5,rich_score_t2_fft_high_low,-0.02634065018060573,0.8416554949437839
amused,uncond,5,rich_score_t2_fft_centroid,-0.015170880800222287,0.9084073111167711
amused,uncond,5,rich_latent_accel_t4,0.12025562656293418,0.3600717252299731
amused,uncond,5,rich_latent_accel_late,0.12025562656293418,0.3600717252299731
amused,uncond,5,rich_score_t2_fft_high,-0.0010002778549597113,0.9939480017960649
amused,uncond,5,rich_score_t5_v_autocorr,0.011558766323978885,0.9301522585680033
amused,uncond,5,rich_score_t3_fft_high,-0.019116421228118925,0.8847318371967631
amused,uncond,5,rich_score_t4_fft_high_low,-0.05145873853848292,0.6961878171529903
amused,uncond,5,rich_score_t1_fft_low,0.032898027229786055,0.8029477494631824
amused,uncond,5,rich_score_t1_fft_high_low,-0.07368713531536539,0.5757981696306438
amused,uncond,5,rich_score_t1_channel_ratio,0.06251736593498196,0.6351182801584875
amused,uncond,5,rich_score_t5_q25,-0.0002778549597110309,0.99831887490005
amused,uncond,5,rich_score_t1_channel_pr,-0.051625451514309535,0.6952515412882772
amused,uncond,5,rich_score_t2_fft_low,0.010725201444845792,0.9351781278374584
amused,guidance,1,rich_score_t1_v_autocorr,0.14392886913031402,0.2725800807827371
amused,guidance,1,rich_score_relchange_middle,-0.06524034454015006,0.620425666755242
amused,guidance,1,rich_score_t3_v_autocorr,-0.020450125034731877,0.8767504269404814
amused,guidance,1,rich_score_t2_v_autocorr,0.0387329813837177,0.7688929035904698
amused,guidance,1,rich_score_relchange_t3,-0.21883856626840792,0.09297922314652599
amused,guidance,1,rich_score_t3_fft_high_low,0.1069741594887469,0.41591674862290673
amused,guidance,1,rich_score_t4_v_autocorr,-0.024284523478744102,0.8538744489836518
amused,guidance,1,rich_score_t3_fft_low,-0.0030564045568213394,0.9815092227745024
amused,guidance,1,rich_latent_t2_skew,0.15037510419560993,0.2514505607772473
amused,guidance,1,rich_score_t1_fft_centroid,-0.07396499027507641,0.5743555820715228
amused,guidance,1,rich_latent_t3_skew,0.12820227841066964,0.32896701429035974
amused,guidance,1,rich_score_t3_fft_centroid,0.17415948874687417,0.18323776105489248
amused,guidance,1,rich_score_relchange_t2,-0.001222561822728536,0.9926031474175256
amused,guidance,1,rich_score_t1_fft_high,-0.03228674631842179,0.8065377822600712
amused,guidance,1,rich_latent_t1_skew,0.14920811336482356,0.2551907759178172
amused,guidance,1,rich_latent_t0_skew,0.14920811336482356,0.2551907759178172
amused,guidance,1,rich_score_t2_fft_high_low,0.04378994165045847,0.7397234962936015
amused,guidance,1,rich_score_t2_fft_centroid,0.0628507918866352,0.6333114962832426
amused,guidance,1,rich_latent_accel_t4,0.08174492914698529,0.5346561176420223
amused,guidance,1,rich_latent_accel_late,0.08174492914698529,0.5346561176420223
amused,guidance,1,rich_score_t2_fft_high,0.09524868018894139,0.4691141206973677
amused,guidance,1,rich_score_t5_v_autocorr,-0.0925257015837733,0.48197163653325603
amused,guidance,1,rich_score_t3_fft_high,0.20227841066963048,0.12115295444753112
amused,guidance,1,rich_score_t4_fft_high_low,0.0539594331758822,0.6821917420506339
amused,guidance,1,rich_score_t1_fft_low,0.10947485412614616,0.40503816202867166
amused,guidance,1,rich_score_t1_fft_high_low,-0.07968880244512366,0.5450157294488327
amused,guidance,1,rich_score_t1_channel_ratio,0.012447902195054183,0.9247943246385903
amused,guidance,1,rich_score_t5_q25,-0.14548485690469576,0.267374748869715
amused,guidance,1,rich_score_t1_channel_pr,-0.013892747985551545,0.9160948680614075
amused,guidance,1,rich_score_t2_fft_low,0.02817449291469853,0.8307886645559727
amused,guidance,2,rich_score_t1_v_autocorr,-0.08469019171992222,0.5199872674008424
amused,guidance,2,rich_score_relchange_middle,-0.09758266185051405,0.4582421876402512
amused,guidance,2,rich_score_t3_v_autocorr,-0.11986662961933874,0.36163907797745626
amused,guidance,2,rich_score_t2_v_autocorr,-0.08580161155876634,0.514504875362143
amused,guidance,2,rich_score_relchange_t3,-0.01872742428452348,0.8870619320838274
amused,guidance,2,rich_score_t3_fft_high_low,-0.08596832453459295,0.5136850480339089
amused,guidance,2,rich_score_t4_v_autocorr,-0.0800777993887191,0.5430483825387219
amused,guidance,2,rich_score_t3_fft_low,0.1224228952486802,0.35141557065783297
amused,guidance,2,rich_latent_t2_skew,0.04779105307029732,0.7168977795588205
amused,guidance,2,rich_score_t1_fft_centroid,-0.10402889691580997,0.4289422164343667
amused,guidance,2,rich_latent_t3_skew,0.06607390941928315,0.6159569107062783
amused,guidance,2,rich_score_t3_fft_centroid,-0.033953876076687976,0.7967563516240783
amused,guidance,2,rich_score_relchange_t2,-0.12803556543484304,0.3296016016356547
amused,guidance,2,rich_score_t1_fft_high,-0.03884412336760212,0.7682482137464169
amused,guidance,2,rich_latent_t1_skew,0.06385106974159489,0.6279039449611933
amused,guidance,2,rich_latent_t0_skew,0.06385106974159489,0.6279039449611933
amused,guidance,2,rich_score_t2_fft_high_low,-0.14231731036399003,0.27804204603994404
amused,guidance,2,rich_score_t2_fft_centroid,-0.09724923589886082,0.45978684220711363
amused,guidance,2,rich_latent_accel_t4,0.15726590719644348,0.2301256008306967
amused,guidance,2,rich_latent_accel_late,0.15726590719644348,0.2301256008306967
amused,guidance,2,rich_score_t2_fft_high,-0.035065295915532105,0.7902525279654199
amused,guidance,2,rich_score_t5_v_autocorr,-0.06035009724923591,0.646913615738001
amused,guidance,2,rich_score_t3_fft_high,0.0007224228952486803,0.9956290928813778
amused,guidance,2,rich_score_t4_fft_high_low,-0.1312031119755488,0.3176764956599137
amused,guidance,2,rich_score_t1_fft_low,0.12709085857182553,0.3332121691929503
amused,guidance,2,rich_score_t1_fft_high_low,-0.13153653792720202,0.316437448938487
amused,guidance,2,rich_score_t1_channel_ratio,0.36732425673798286,0.0038881484080125995
amused,guidance,2,rich_score_t5_q25,0.2348430119477633,0.07089154291493209
amused,guidance,2,rich_score_t1_channel_pr,-0.41239233120311203,0.001059564804230957
amused,guidance,2,rich_score_t2_fft_low,0.19055293136982498,0.14473933123987132
amused,guidance,3,rich_score_t1_v_autocorr,0.026951931091969996,0.8380298479343103
amused,guidance,3,rich_score_relchange_middle,0.16343428730202836,0.2121280205621495
amused,guidance,3,rich_score_t3_v_autocorr,0.005946096137816061,0.9640357652890056
amused,guidance,3,rich_score_t2_v_autocorr,-0.030730758544040022,0.8156938151001678
amused,guidance,3,rich_score_relchange_t3,0.12609058071686582,0.3370621088787067
amused,guidance,3,rich_score_t3_fft_high_low,0.2159488746874132,0.09748667803086788
amused,guidance,3,rich_score_t4_v_autocorr,-0.07396499027507641,0.5743555820715228
amused,guidance,3,rich_score_t3_fft_low,-0.22000555709919428,0.0912057642780589
amused,guidance,3,rich_latent_t2_skew,-0.020839121978327317,0.8744247765761988
amused,guidance,3,rich_score_t1_fft_centroid,0.17171436510141708,0.18955983086040012
amused,guidance,3,rich_latent_t3_skew,-0.0030008335648791335,0.9818453616919867
amused,guidance,3,rich_score_t3_fft_centroid,0.21689358155043073,0.09599475265875645
amused,guidance,3,rich_score_relchange_t2,0.21422617393720483,0.10025364113444134
amused,guidance,3,rich_score_t1_fft_high,0.17327035287579887,0.18551884829226145
amused,guidance,3,rich_latent_t1_skew,-0.01789385940539039,0.8920581703641627
amused,guidance,3,rich_latent_t0_skew,-0.01789385940539039,0.8920581703641627
amused,guidance,3,rich_score_t2_fft_high_low,0.21555987774381777,0.09810622055001944
amused,guidance,3,rich_score_t2_fft_centroid,0.2104473464851348,0.10653640262855943
amused,guidance,3,rich_latent_accel_t4,0.032898027229786055,0.8029477494631824
amused,guidance,3,rich_latent_accel_late,0.032898027229786055,0.8029477494631824
amused,guidance,3,rich_score_t2_fft_high,0.23195332036676858,0.07453489244997841
amused,guidance,3,rich_score_t5_v_autocorr,-0.06990830786329537,0.5955806911914235
amused,guidance,3,rich_score_t3_fft_high,0.26062795220894697,0.044298630953319394
amused,guidance,3,rich_score_t4_fft_high_low,0.302417338149486,0.01884819983005313
amused,guidance,3,rich_score_t1_fft_low,-0.1539872186718533,0.2401105152208147
amused,guidance,3,rich_score_t1_fft_high_low,0.16737982772992502,0.20114901631738794
amused,guidance,3,rich_score_t1_channel_ratio,-0.06251736593498196,0.6351182801584875
amused,guidance,3,rich_score_t5_q25,-0.010614059460961379,0.9358484381651403
amused,guidance,3,rich_score_t1_channel_pr,0.09597110308419006,0.4657342321711328
amused,guidance,3,rich_score_t2_fft_low,-0.20861350375104198,0.10969289192080868
amused,guidance,4,rich_score_t1_v_autocorr,-0.16404556821339264,0.21040000549177887
amused,guidance,4,rich_score_relchange_middle,0.19555432064462352,0.13429137216409676
amused,guidance,4,rich_score_t3_v_autocorr,-0.08446790775215339,0.5210872553862405
amused,guidance,4,rich_score_t2_v_autocorr,-0.13381494859683246,0.3080534229174409
amused,guidance,4,rich_score_relchange_t3,0.08185607113086969,0.534098907821557
amused,guidance,4,rich_score_t3_fft_high_low,0.024673520422339543,0.8515600440010263
amused,guidance,4,rich_score_t4_v_autocorr,-0.1592108919144207,0.2243401414539581
amused,guidance,4,rich_score_t3_fft_low,-0.021228118921922758,0.872100182172749
amused,guidance,4,rich_latent_t2_skew,-0.026118366212836905,0.8429747273557484
amused,guidance,4,rich_score_t1_fft_centroid,-0.07118644067796612,0.5888558018521014
amused,guidance,4,rich_latent_t3_skew,-0.058516254515143105,0.6569623603662847
amused,guidance,4,rich_score_t3_fft_centroid,-0.058349541539316485,0.657878919611193
amused,guidance,4,rich_score_relchange_t2,0.11842178382884137,0.3674970522080092
amused,guidance,4,rich_score_t1_fft_high,-0.15348707974437345,0.2416593790026833
amused,guidance,4,rich_latent_t1_skew,-0.03589886079466519,0.7853839534921943
amused,guidance,4,rich_latent_t0_skew,-0.03589886079466519,0.7853839534921943
amused,guidance,4,rich_score_t2_fft_high_low,0.05084745762711866,0.699624678566195
amused,guidance,4,rich_score_t2_fft_centroid,-0.007113086968602391,0.9569834813617708
amused,guidance,4,rich_latent_accel_t4,-0.07329813837176995,0.5778205867503332
amused,guidance,4,rich_latent_accel_late,-0.07329813837176995,0.5778205867503332
amused,guidance,4,rich_score_t2_fft_high,-0.030341761600444574,0.8179867090282466
amused,guidance,4,rich_score_t5_v_autocorr,-0.1996665740483468,0.1261348144142866
amused,guidance,4,rich_score_t3_fft_high,-0.035843289802722986,0.7857082731408324
amused,guidance,4,rich_score_t4_fft_high_low,0.11086412892470132,0.3990667927896775
amused,guidance,4,rich_score_t1_fft_low,0.005723812170047237,0.9653793846685327
amused,guidance,4,rich_score_t1_fft_high_low,-0.013892747985551545,0.9160948680614075
amused,guidance,4,rich_score_t1_channel_ratio,0.1663239788830231,0.2040466738098015
amused,guidance,4,rich_score_t5_q25,0.044679077521533765,0.7346309798051736
amused,guidance,4,rich_score_t1_channel_pr,-0.18099472075576553,0.16637456924951352
amused,guidance,4,rich_score_t2_fft_low,-0.05990552931369826,0.6493440110063838
amused,guidance,5,rich_score_t1_v_autocorr,-0.20327868852459022,0.11928522300005068
amused,guidance,5,rich_score_relchange_middle,-0.17049180327868857,0.19277891374182055
amused,guidance,5,rich_score_t3_v_autocorr,-0.22900805779383165,0.07840004069848854
amused,guidance,5,rich_score_t2_v_autocorr,-0.18799666574048352,0.15030811027000532
amused,guidance,5,rich_score_relchange_t3,-0.015559877743817731,0.9060692442958781
amused,guidance,5,rich_score_t3_fft_high_low,0.13548207835509865,0.30201031181561366
amused,guidance,5,rich_score_t4_v_autocorr,-0.18027229786051685,0.16810114906963627
amused,guidance,5,rich_score_t3_fft_low,-0.14081689358155045,0.2831921106752147
amused,guidance,5,rich_latent_t2_skew,-0.0783550986385107,0.5517869667820245
amused,guidance,5,rich_score_t1_fft_centroid,0.10930814115031956,0.40575820488554454
amused,guidance,5,rich_latent_t3_skew,-0.0476799110864129,0.717528619880946
amused,guidance,5,rich_score_t3_fft_centroid,0.2466796332314532,0.05742600313022476
amused,guidance,5,rich_score_relchange_t2,-0.20305640455682136,0.1196983635654839
amused,guidance,5,rich_score_t1_fft_high,0.11853292581272577,0.367044405817527
amused,guidance,5,rich_latent_t1_skew,-0.06257293692692416,0.6348170021470381
amused,guidance,5,rich_latent_t0_skew,-0.06257293692692416,0.6348170021470381
amused,guidance,5,rich_score_t2_fft_high_low,0.015671019727702143,0.90540136992014
amused,guidance,5,rich_score_t2_fft_centroid,0.08374548485690471,0.5246702558755766
amused,guidance,5,rich_latent_accel_t4,0.10352875798833011,0.43117679686632576
amused,guidance,5,rich_latent_accel_late,0.10352875798833011,0.43117679686632576
amused,guidance,5,rich_score_t2_fft_high,0.09224784662406225,0.4832940378754248
amused,guidance,5,rich_score_t5_v_autocorr,-0.10391775493192555,0.4294382223468369
amused,guidance,5,rich_score_t3_fft_high,0.2195609891636566,0.09187821853218639
amused,guidance,5,rich_score_t4_fft_high_low,0.29658238399555437,0.02139004065203124
amused,guidance,5,rich_score_t1_fft_low,-0.08974715198666298,0.49528148413640677
amused,guidance,5,rich_score_t1_fft_high_low,0.06529591553209227,0.6201273223429546
amused,guidance,5,rich_score_t1_channel_ratio,-0.09219227563212004,0.4835587481396539
amused,guidance,5,rich_score_t5_q25,0.11564323423173106,0.37892302293801156
amused,guidance,5,rich_score_t1_channel_pr,0.11925534870797445,0.3641104601249739
amused,guidance,5,rich_score_t2_fft_low,0.008057793831619897,0.9512768653132655
amused,dz,1,rich_score_t1_v_autocorr,0.08585718255070854,0.5142315260091228
amused,dz,1,rich_score_relchange_middle,0.1499861072520145,0.25269313808002625
amused,dz,1,rich_score_t3_v_autocorr,0.04662406223951098,0.7235309082036758
amused,dz,1,rich_score_t2_v_autocorr,0.10263962211725482,0.4351655714125358
amused,dz,1,rich_score_relchange_t3,-0.06524034454015006,0.620425666755242
amused,dz,1,rich_score_t3_fft_high_low,0.2764656849124757,0.03249121743186535
amused,dz,1,rich_score_t4_v_autocorr,-0.012336760211169771,0.9254638896226969
amused,dz,1,rich_score_t3_fft_low,-0.31969991664351216,0.012773656182080907
amused,dz,1,rich_latent_t2_skew,-0.2665184773548208,0.0395508531841046
amused,dz,1,rich_score_t1_fft_centroid,0.038621839399833297,0.7695377491036065
amused,dz,1,rich_latent_t3_skew,-0.339316476799111,0.007996117982643108
amused,dz,1,rich_score_t3_fft_centroid,0.13559322033898305,0.3016101886095583
amused,dz,1,rich_score_relchange_t2,0.1951097527090859,0.1351964129128105
amused,dz,1,rich_score_t1_fft_high,0.0711308696860239,0.5891474772885882
amused,dz,1,rich_latent_t1_skew,-0.23356487913309257,0.07248508468375857
amused,dz,1,rich_latent_t0_skew,-0.23356487913309257,0.07248508468375857
amused,dz,1,rich_score_t2_fft_high_low,0.19938871908863576,0.12667381000938574
amused,dz,1,rich_score_t2_fft_centroid,0.04367879966657406,0.7403608480846684
amused,dz,1,rich_latent_accel_t4,-0.0710197277021395,0.5897310228250789
amused,dz,1,rich_latent_accel_late,-0.0710197277021395,0.5897310228250789
amused,dz,1,rich_score_t2_fft_high,0.12514587385384832,0.34072362624811103
amused,dz,1,rich_score_t5_v_autocorr,-0.032120033342595174,0.8075175748300524
amused,dz,1,rich_score_t3_fft_high,0.16626840789108088,0.2041999971725197
amused,dz,1,rich_score_t4_fft_high_low,0.3990552931369825,0.0015865414080025624
amused,dz,1,rich_score_t1_fft_low,-0.19127535426507367,0.14319380630008266
amused,dz,1,rich_score_t1_fft_high_low,0.17149208113364828,0.19014223063221541
amused,dz,1,rich_score_t1_channel_ratio,0.1257015837732704,0.33856679824578956
amused,dz,1,rich_score_t5_q25,-0.35382050569602674,0.005548122336245032
amused,dz,1,rich_score_t1_channel_pr,-0.09769380383439846,0.45772793341691864
amused,dz,1,rich_score_t2_fft_low,-0.2760211169769381,0.032782591144733905
amused,dz,2,rich_score_t1_v_autocorr,0.04523478744095583,0.731453902329472
amused,dz,2,rich_score_relchange_middle,-0.07607668796888026,0.5634467547762794
amused,dz,2,rich_score_t3_v_autocorr,-0.12731314253959433,0.33236039567985226
amused,dz,2,rich_score_t2_v_autocorr,-0.08057793831619896,0.5405240088320812
amused,dz,2,rich_score_relchange_t3,-0.10658516254515144,0.4176239390712046
amused,dz,2,rich_score_t3_fft_high_low,-0.0647957766046124,0.6228146088288303
amused,dz,2,rich_score_t4_v_autocorr,-0.15570991942206172,0.23482775318370985
amused,dz,2,rich_score_t3_fft_low,0.08419005279244235,0.5224638791441092
amused,dz,2,rich_latent_t2_skew,0.43095304251180894,0.0005873419201467202
amused,dz,2,rich_score_t1_fft_centroid,0.09852736871353154,0.4538810984464676
amused,dz,2,rich_latent_t3_skew,0.47096415671019737,0.00014600256083289207
amused,dz,2,rich_score_t3_fft_centroid,0.2338983050847458,0.07206665082008715
amused,dz,2,rich_score_relchange_t2,-0.04906918588496806,0.7096567276980992
amused,dz,2,rich_score_t1_fft_high,0.033398166157265916,0.8000134554157966
amused,dz,2,rich_latent_t1_skew,0.40705751597666023,0.0012477266068975298
amused,dz,2,rich_latent_t0_skew,0.40705751597666023,0.0012477266068975298
amused,dz,2,rich_score_t2_fft_high_low,-0.015726590719644346,0.9050674571366703
amused,dz,2,rich_score_t2_fft_centroid,0.2182272853570437,0.09391887374315618
amused,dz,2,rich_latent_accel_t4,-0.06813003612114478,0.6049933521074156
amused,dz,2,rich_latent_accel_late,-0.06813003612114478,0.6049933521074156
amused,dz,2,rich_score_t2_fft_high,0.1555432064462351,0.23533545626540966
amused,dz,2,rich_score_t5_v_autocorr,-0.1853292581272576,0.15628700508641552
amused,dz,2,rich_score_t3_fft_high,0.13259238677410395,0.3125342068840539
amused,dz,2,rich_score_t4_fft_high_low,-0.08602389552653517,0.5134119194686937
amused,dz,2,rich_score_t1_fft_low,0.05084745762711866,0.699624678566195
amused,dz,2,rich_score_t1_fft_high_low,-0.06651847735482079,0.613579217351116
amused,dz,2,rich_score_t1_channel_ratio,-0.10980828007779941,0.4036003100871163
amused,dz,2,rich_score_t5_q25,0.04662406223951098,0.7235309082036758
amused,dz,2,rich_score_t1_channel_pr,0.15054181717143655,0.25091930052808625
amused,dz,2,rich_score_t2_fft_low,0.044623506529591565,0.7349489319767787
amused,dz,3,rich_score_t1_v_autocorr,-0.18416226729647128,0.1589573129875528
amused,dz,3,rich_score_relchange_middle,-0.03628785773826064,0.7831147346186882
amused,dz,3,rich_score_t3_v_autocorr,-0.13687135315365384,0.29703348487619446
amused,dz,3,rich_score_t2_v_autocorr,-0.10330647402056128,0.4321720499347707
amused,dz,3,rich_score_relchange_t3,0.15159766601833843,0.2475723717221781
amused,dz,3,rich_score_t3_fft_high_low,-0.02589608224506808,0.8442943890375854
amused,dz,3,rich_score_t4_v_autocorr,-0.10163934426229511,0.43967762845525316
amused,dz,3,rich_score_t3_fft_low,0.07729924979160879,0.5571759118902485
amused,dz,3,rich_latent_t2_skew,0.15031953320366773,0.2516278172132394
amused,dz,3,rich_score_t1_fft_centroid,-0.02356210058349542,0.8581758662828863
amused,dz,3,rich_latent_t3_skew,0.14737427063073077,0.26114402216113713
amused,dz,3,rich_score_t3_fft_centroid,0.05557099194220618,0.6732277807998218
amused,dz,3,rich_score_relchange_t2,-0.16404556821339264,0.21040000549177887
amused,dz,3,rich_score_t1_fft_high,-0.01544873575993332,0.906737183369981
amused,dz,3,rich_latent_t1_skew,0.16626840789108088,0.2041999971725197
amused,dz,3,rich_latent_t0_skew,0.16626840789108088,0.2041999971725197
amused,dz,3,rich_score_t2_fft_high_low,-0.03128646846346208,0.8124209211883052
amused,dz,3,rich_score_t2_fft_centroid,0.027396499027507647,0.8353951111694584
amused,dz,3,rich_latent_accel_t4,0.1368157821617116,0.29723152651225443
amused,dz,3,rich_latent_accel_late,0.1368157821617116,0.29723152651225443
amused,dz,3,rich_score_t2_fft_high,-0.02706307307585441,0.8373709967327029
amused,dz,3,rich_score_t5_v_autocorr,-0.07485412614615172,0.569750535307831
amused,dz,3,rich_score_t3_fft_high,0.03617671575437622,0.7837629004415101
amused,dz,3,rich_score_t4_fft_high_low,0.00755765490414004,0.9542977300516327
amused,dz,3,rich_score_t1_fft_low,0.07129758266185053,0.5882726458264692
amused,dz,3,rich_score_t1_fft_high_low,-0.04906918588496806,0.7096567276980992
amused,dz,3,rich_score_t1_channel_ratio,0.20861350375104198,0.10969289192080868
amused,dz,3,rich_score_t5_q25,0.3257015837732704,0.011102371261654835
amused,dz,3,rich_score_t1_channel_pr,-0.17732703528757993,0.1752759312704286
amused,dz,3,rich_score_t2_fft_low,0.08141150319533204,0.5363294589659978
amused,dz,4,rich_score_t1_v_autocorr,-0.06863017504862463,0.6023394801599652
amused,dz,4,rich_score_relchange_middle,0.09674909697138095,0.46210913669742276
amused,dz,4,rich_score_t3_v_autocorr,-0.017393720477910532,0.8950579302067252
amused,dz,4,rich_score_t2_v_autocorr,-0.06179494303973328,0.6390402346298082
amused,dz,4,rich_score_relchange_t3,-0.21500416782439571,0.09899658905993634
amused,dz,4,rich_score_t3_fft_high_low,-0.25351486524034456,0.0506459706420056
amused,dz,4,rich_score_t4_v_autocorr,-0.05012503473186997,0.7036941583204285
amused,dz,4,rich_score_t3_fft_low,0.2977493748263407,0.02085963280589627
amused,dz,4,rich_latent_t2_skew,0.21350375104195612,0.10143196692041337
amused,dz,4,rich_score_t1_fft_centroid,-0.006946373992775773,0.9579907623305071
amused,dz,4,rich_latent_t3_skew,0.1989441511530981,0.1275398322766806
amused,dz,4,rich_score_t3_fft_centroid,-0.097026951931092,0.4608181867622808
amused,dz,4,rich_score_relchange_t2,0.18166157265907198,0.16479236159095978
amused,dz,4,rich_score_t1_fft_high,-0.008168935815504309,0.9506056531325789
amused,dz,4,rich_latent_t1_skew,0.19127535426507367,0.14319380630008266
amused,dz,4,rich_latent_t0_skew,0.19127535426507367,0.14319380630008266
amused,dz,4,rich_score_t2_fft_high_low,-0.08858016115587665,0.5009280790766905
amused,dz,4,rich_score_t2_fft_centroid,0.03400944706863019,0.7964308297775727
amused,dz,4,rich_latent_accel_t4,-0.07468741317032511,0.5706126735938217
amused,dz,4,rich_latent_accel_late,-0.07468741317032511,0.5706126735938217
amused,dz,4,rich_score_t2_fft_high,0.07891080855793278,0.5489607322308162
amused,dz,4,rich_score_t5_v_autocorr,-0.06518477354820786,0.6207240720044234
amused,dz,4,rich_score_t3_fft_high,-0.011725479299805504,0.929147403867792
amused,dz,4,rich_score_t4_fft_high_low,-0.18110586273964993,0.16611009839845098
amused,dz,4,rich_score_t1_fft_low,0.1079188663517644,0.41178746005465466
amused,dz,4,rich_score_t1_fft_high_low,-0.0639622117254793,0.6273042982176432
amused,dz,4,rich_score_t1_channel_ratio,0.19811058627396502,0.12917570216088062
amused,dz,4,rich_score_t5_q25,0.11347596554598503,0.38798133430261117
amused,dz,4,rich_score_t1_channel_pr,-0.2613503751041956,0.04369229143172976
amused,dz,4,rich_score_t2_fft_low,0.13798277299249792,0.29309069912053476
amused,dz,5,rich_score_t1_v_autocorr,0.02634065018060573,0.8416554949437839
amused,dz,5,rich_score_relchange_middle,-0.07079744373437068,0.5908988915208396
amused,dz,5,rich_score_t3_v_autocorr,-0.006112809113642679,0.9630281158153183
amused,dz,5,rich_score_t2_v_autocorr,-0.02717421505973882,0.8367122565794681
amused,dz,5,rich_score_relchange_t3,0.18499583217560436,0.15704654559590564
amused,dz,5,rich_score_t3_fft_high_low,-0.14687413170325092,0.26278373363062874
amused,dz,5,rich_score_t4_v_autocorr,-0.04440122256182274,0.7362211826145677
amused,dz,5,rich_score_t3_fft_low,0.15098638510697418,0.24950633823745577
amused,dz,5,rich_latent_t2_skew,0.044067796610169505,0.7381308790098645
amused,dz,5,rich_score_t1_fft_centroid,-0.12670186162823008,0.33470607102341055
amused,dz,5,rich_latent_t3_skew,0.062072797999444304,0.637530619387021
amused,dz,5,rich_score_t3_fft_centroid,-0.20022228396776884,0.12506204397908016
amused,dz,5,rich_score_relchange_t2,-0.12509030286190612,0.34093977940452536
amused,dz,5,rich_score_t1_fft_high,-0.18299527646568495,0.16166109489457156
amused,dz,5,rich_latent_t1_skew,0.03989997221450404,0.7621315025414913
amused,dz,5,rich_latent_t0_skew,0.03989997221450404,0.7621315025414913
amused,dz,5,rich_score_t2_fft_high_low,-0.007224228952486803,0.9563119977816167
amused,dz,5,rich_score_t2_fft_centroid,-0.10108363434287304,0.4421955822738383
amused,dz,5,rich_latent_accel_t4,-0.04990275076410115,0.7049479768170493
amused,dz,5,rich_latent_accel_late,-0.04990275076410115,0.7049479768170493
amused,dz,5,rich_score_t2_fft_high,-0.09497082522923035,0.4704175870423584
amused,dz,5,rich_score_t5_v_autocorr,0.02650736315643235,0.8406663544589801
amused,dz,5,rich_score_t3_fft_high,-0.152820227841067,0.24373516249290428
amused,dz,5,rich_score_t4_fft_high_low,-0.04417893859405391,0.7374941380119341
amused,dz,5,rich_score_t1_fft_low,0.08074465129202558,0.5396838226273518
amused,dz,5,rich_score_t1_fft_high_low,-0.07446512920255628,0.5717631318408217
amused,dz,5,rich_score_t1_channel_ratio,-0.05818282856348987,0.6587959799916625
amused,dz,5,rich_score_t5_q25,0.11347596554598503,0.38798133430261117
amused,dz,5,rich_score_t1_channel_pr,0.06068352320088915,0.6450932213996246
amused,dz,5,rich_score_t2_fft_low,0.028730202834120595,0.8275017993273223
