feature,family,coef,univariate_auroc,univariate_auroc_direction_free,paired_cohens_d,frac_pairs_fake_higher,sign_stability,boot_coef_std,boot_coef_iqr,boot_ci_lo,boot_ci_hi,abs_coef,abs_coef_rank,sign
rich_score_t1_v_autocorr,rich_score_spatial,0.10657002609933303,0.8633333333333333,0.8633333333333333,1.2588136612488585,0.85,1.0,0.013218790278680264,0.018450800296331712,0.07084090729298291,0.12107937100113139,0.10657002609933303,1,1
rich_score_relchange_middle,rich_score_dynamics,-0.10473030676869301,0.12833333333333335,0.8716666666666666,-1.1910170545180847,0.1,1.0,0.013584397430628753,0.0181247632857008,-0.1104790091655029,-0.05911224701212538,0.10473030676869301,2,-1
rich_score_t3_v_autocorr,rich_score_spatial,0.09736873490866912,0.8911111111111111,0.8911111111111111,1.3313628076212285,0.9,1.0,0.011701355532244778,0.015941701898833385,0.06366095833972625,0.10875828565894506,0.09736873490866912,3,1
rich_score_t2_v_autocorr,rich_score_spatial,0.09634982585662868,0.8713888888888889,0.8713888888888889,1.28396274838199,0.8333333333333334,1.0,0.012507100153600527,0.017037346224379454,0.06251605388979309,0.11011317497217027,0.09634982585662868,4,1
rich_score_relchange_t3,rich_score_dynamics,-0.09593310753201971,0.2338888888888889,0.7661111111111111,-0.7313766345818998,0.18333333333333332,1.0,0.01763455679430674,0.024247797187125747,-0.10733781316695547,-0.037407190700188456,0.09593310753201971,5,-1
rich_score_t3_fft_high_low,rich_score_fft,-0.0881410025023904,0.04555555555555557,0.9544444444444444,-1.5309921767843295,0.06666666666666667,1.0,0.011590387839093347,0.0171394233758327,-0.09722147150032422,-0.05187338888396169,0.0881410025023904,6,-1
rich_score_t4_v_autocorr,rich_score_spatial,0.08461681550617527,0.8352777777777778,0.8352777777777778,1.0957503519496088,0.8666666666666667,1.0,0.011773779190449347,0.016010295211125097,0.050135607420395654,0.09441676191995517,0.08461681550617527,7,1
rich_score_t3_fft_low,rich_score_fft,0.08384060513666886,0.9483333333333333,0.9483333333333333,1.4182809211504623,0.9333333333333333,1.0,0.012233133020335246,0.016529067177704485,0.04589045832433618,0.09466910079768563,0.08384060513666886,8,1
rich_latent_t2_skew,rich_latent_typicality,-0.08239036510974344,0.38611111111111107,0.6138888888888889,-0.3458865638817056,0.35,1.0,0.013406774692841473,0.017885524047891198,-0.09439160526025583,-0.041359419573790385,0.08239036510974344,9,-1
rich_score_t1_fft_centroid,rich_score_fft,-0.08089859702087149,0.06972222222222223,0.9302777777777778,-1.5436661346511706,0.1,1.0,0.011378080799524197,0.017550945727669437,-0.09786028270335141,-0.055030701834473325,0.08089859702087149,10,-1
rich_latent_t3_skew,rich_latent_typicality,-0.08087612485789647,0.4386111111111111,0.5613888888888889,-0.24892659690600377,0.38333333333333336,1.0,0.014865379975644416,0.019977897378197267,-0.09153841911452423,-0.03370254241322261,0.08087612485789647,11,-1
rich_score_t3_fft_centroid,rich_score_fft,-0.07954248981676866,0.05138888888888889,0.9486111111111111,-1.6388855594825933,0.03333333333333333,1.0,0.009266071998533356,0.013039571466915811,-0.09087451090130304,-0.05424980996137788,0.07954248981676866,12,-1
rich_score_relchange_t2,rich_score_dynamics,-0.07862858703407176,0.17777777777777778,0.8222222222222222,-0.9176811977902182,0.18333333333333332,1.0,0.011688269503897813,0.015373402445846313,-0.08771535691306931,-0.0425521969563559,0.07862858703407176,13,-1
rich_score_t1_fft_high,rich_score_fft,-0.07817229600840618,0.09305555555555556,0.9069444444444444,-1.4337094923704494,0.1,1.0,0.009174276125360504,0.012368853635557023,-0.08964368347462401,-0.05527059040125426,0.07817229600840618,14,-1
rich_latent_t1_skew,rich_latent_typicality,-0.0766314972880918,0.3652777777777778,0.6347222222222222,-0.373320648848145,0.38333333333333336,1.0,0.013683592933527002,0.018278439759123674,-0.0890719869266116,-0.03674317842080248,0.0766314972880918,15,-1
rich_latent_t0_skew,rich_latent_typicality,-0.07662472307135935,0.3655555555555556,0.6344444444444444,-0.3729409092279934,0.38333333333333336,1.0,0.013690753347988603,0.018313309192791158,-0.08908207353814997,-0.03672493449601666,0.07662472307135935,16,-1
rich_score_t2_fft_high_low,rich_score_fft,-0.07654585299649783,0.05722222222222225,0.9427777777777777,-1.4620942169530668,0.05,1.0,0.011802408796803984,0.016622361691069044,-0.09175126779645074,-0.04666142801285357,0.07654585299649783,17,-1
rich_score_t2_fft_centroid,rich_score_fft,-0.07591645295966576,0.0663888888888889,0.9336111111111111,-1.48031293231938,0.08333333333333333,1.0,0.010887728108403381,0.01442970806997182,-0.0928006541671261,-0.05031059159911625,0.07591645295966576,18,-1
rich_latent_accel_t4,rich_latent_geometry,0.07558235480685277,0.7363888888888889,0.7363888888888889,0.745869054323514,0.7666666666666667,1.0,0.01684783458253675,0.02533943955986291,0.031854425311181454,0.09351533964736561,0.07558235480685277,19,1
rich_latent_accel_late,rich_latent_geometry,0.07558235480685277,0.7363888888888889,0.7363888888888889,0.745869054323514,0.7666666666666667,1.0,0.01684783458253675,0.02533943955986291,0.031854425311181454,0.09351533964736561,0.07558235480685277,19,1
rich_score_t2_fft_high,rich_score_fft,-0.07530462781909976,0.08916666666666667,0.9108333333333334,-1.343479517252529,0.06666666666666667,1.0,0.010636935557720446,0.015100332798795399,-0.0878992677798216,-0.04828674166530406,0.07530462781909976,21,-1
rich_score_t5_v_autocorr,rich_score_spatial,0.07454859123538499,0.8113888888888888,0.8113888888888888,1.02584723675656,0.8166666666666667,1.0,0.011880743229513891,0.016479427664133336,0.04162041088418771,0.08780373946503973,0.07454859123538499,22,1
rich_score_t3_fft_high,rich_score_fft,-0.07425290428201155,0.0677777777777778,0.9322222222222222,-1.4234082176650227,0.08333333333333333,1.0,0.009005205941771042,0.012315757109214433,-0.08410611964239864,-0.04951395534636243,0.07425290428201155,23,-1
rich_score_t4_fft_high_low,rich_score_fft,-0.07290988514309277,0.07611111111111112,0.9238888888888889,-1.3600070264228339,0.05,1.0,0.01226131922132568,0.017251310073434334,-0.08669175080024207,-0.03965600931555632,0.07290988514309277,24,-1
rich_score_t1_fft_low,rich_score_fft,0.07276147852089339,0.9225,0.9225,1.297800465829011,0.9,1.0,0.010723394528399412,0.014947984896685501,0.04451552495237349,0.08536901711803294,0.07276147852089339,25,1
rich_score_t1_fft_high_low,rich_score_fft,-0.07249635808240396,0.06861111111111114,0.9313888888888888,-1.3498312796365604,0.1,1.0,0.009430488201842712,0.012741100348016815,-0.08458220550139847,-0.04763424836682309,0.07249635808240396,26,-1
rich_score_t1_channel_ratio,rich_score_spatial,-0.07244558337507022,0.49111111111111105,0.508888888888889,-0.07140564420074118,0.48333333333333334,1.0,0.015746194452905746,0.02190450876579899,-0.08675543971538889,-0.02612865639172607,0.07244558337507022,27,-1
rich_score_t5_q25,rich_score_moments,0.07106671775719356,0.9220833333333334,0.9220833333333334,1.5058728351640593,0.9833333333333333,1.0,0.011377056448754521,0.016136349736116634,0.03560941053079358,0.07929490117433699,0.07106671775719356,28,1
rich_score_t1_channel_pr,rich_score_spatial,0.06906681190724552,0.48055555555555557,0.5194444444444444,0.07296908755903486,0.48333333333333334,0.998,0.018007984333106578,0.025174197147330393,0.01894695767323263,0.08463530080666232,0.06906681190724552,29,1
rich_score_t2_fft_low,rich_score_fft,0.06778454039284705,0.9352777777777779,0.9352777777777779,1.3649090419369259,0.9333333333333333,1.0,0.013313082494542114,0.018565373984120934,0.035767913359581016,0.08675938040962039,0.06778454039284705,30,1
rich_latent_t3_nearzero,rich_latent_typicality,-0.06713227128114824,0.33458333333333334,0.6654166666666667,-0.3026914182962698,0.36666666666666664,0.944,0.025635297934712482,0.032113587351166095,-0.0913452040086652,0.013059980843238351,0.06713227128114824,31,-1
rich_latent_t2_extreme3,rich_latent_typicality,0.06678223116944285,0.8216666666666665,0.8216666666666665,0.8184120618328109,0.8,1.0,0.012759305374178563,0.018096547047935174,0.030035900749289548,0.07836034155620511,0.06678223116944285,32,1
rich_score_consecutive_cos_t4,rich_score_dynamics,-0.06649735845821499,0.35222222222222227,0.6477777777777778,-0.5261841105195382,0.3,1.0,0.013327509521709531,0.019419707285046446,-0.07812941977124573,-0.029049886911028572,0.06649735845821499,33,-1
rich_score_crosscos_4_5,rich_crosstime,-0.06649735845821499,0.35222222222222227,0.6477777777777778,-0.5261841105195382,0.3,1.0,0.013327509521709531,0.019419707285046446,-0.07812941977124573,-0.029049886911028572,0.06649735845821499,33,-1
rich_score_consecutive_cos_late,rich_score_dynamics,-0.06649735845821499,0.35222222222222227,0.6477777777777778,-0.5261841105195382,0.3,1.0,0.013327509521709531,0.019419707285046446,-0.07812941977124573,-0.029049886911028572,0.06649735845821499,33,-1
rich_score_angle_late,rich_score_dynamics,0.06617526187987692,0.6477777777777778,0.6477777777777778,0.5319652982091709,0.7,1.0,0.013257689767048341,0.020992423935794903,0.02903697728362534,0.07705490837110943,0.06617526187987692,36,1
rich_score_angle_t4,rich_score_dynamics,0.06617526187987692,0.6477777777777778,0.6477777777777778,0.5319652982091709,0.7,1.0,0.013257689767048341,0.020992423935794903,0.02903697728362534,0.07705490837110943,0.06617526187987692,36,1
rich_score_t0_fft_centroid,rich_score_fft,0.06600647770170923,0.5333333333333333,0.5333333333333333,0.1301927169498269,0.65,1.0,0.015021517914845892,0.021004696269169024,0.025038553383284978,0.08254035129847002,0.06600647770170923,38,1
rich_score_consecutive_cos_max,rich_score_dynamics,-0.06593505957294897,0.3527777777777778,0.6472222222222221,-0.5151825701781322,0.3,1.0,0.013511468641557535,0.019442781410503387,-0.07797921285962063,-0.028881494877873528,0.06593505957294897,39,-1
rich_latent_accel_min,rich_latent_geometry,0.0657336251279274,0.5372222222222222,0.5372222222222222,0.1905102420782049,0.55,1.0,0.01037706843713159,0.013184556929826993,0.033706677223767585,0.0734396317770364,0.0657336251279274,40,1
rich_score_angle_min,rich_score_dynamics,0.06570344184638881,0.6472222222222221,0.6472222222222221,0.522212946859733,0.7,1.0,0.013397448635246171,0.020863735639751843,0.02857727215744477,0.07714211393696749,0.06570344184638881,41,1
rich_score_t5_kurtosis,rich_score_moments,0.0649996578131161,0.9450000000000001,0.9450000000000001,1.4555802801460935,0.9333333333333333,1.0,0.007798098103376425,0.011325351221383992,0.04182686484521236,0.07189632735411565,0.0649996578131161,42,1
rich_score_t4_fft_low,rich_score_fft,0.06440504439643456,0.9177777777777778,0.9177777777777778,1.2449964132251543,0.9166666666666666,1.0,0.015168248363840245,0.021291278030394635,0.026284601189060407,0.08468581282883089,0.06440504439643456,43,1
rich_score_t0_v_autocorr,rich_score_spatial,-0.06430418783158745,0.40555555555555556,0.5944444444444444,-0.2508240958850828,0.3,1.0,0.019294154933923405,0.026970935154368388,-0.09319793849663642,-0.01910919973990789,0.06430418783158745,44,-1
rich_score_t1_channel_cv,rich_score_spatial,-0.06352979867323115,0.5194444444444444,0.5194444444444444,-0.007036518904633113,0.5166666666666667,1.0,0.015850298971785547,0.022786298155446437,-0.0780916420042964,-0.017706330866684047,0.06352979867323115,45,-1
rich_latent_step_t2,rich_latent_geometry,0.06302907661514873,0.9086111111111111,0.9086111111111111,1.460465274842682,0.9333333333333333,1.0,0.007274395675095353,0.010069632330193312,0.0391210507732187,0.06708364184912326,0.06302907661514873,46,1
rich_latent_accel_mean,rich_latent_geometry,0.06211120939650337,0.6233333333333333,0.6233333333333333,0.3262143149463311,0.6333333333333333,1.0,0.007984106320271155,0.011611846958531923,0.03773751725831957,0.0679502761180532,0.06211120939650337,47,1
rich_score_t3_nearzero,rich_score_moments,0.061308277610915694,0.7713888888888889,0.7713888888888889,0.760220325580368,0.75,0.992,0.018105555877076233,0.024322064978162063,0.010336184148375206,0.07930987090594575,0.061308277610915694,48,1
rich_latent_step_std,rich_latent_geometry,0.06026354965599098,0.8458333333333333,0.8458333333333333,1.0200376185883302,0.85,1.0,0.006780643940241072,0.009018156889643095,0.038029080524637486,0.06360306336567664,0.06026354965599098,49,1
endpoint_kurtosis,endpoint,0.05998598548865133,0.9363888888888889,0.9363888888888889,1.3396698721751283,0.9333333333333333,1.0,0.0072106157184447985,0.010587957174479315,0.03957748006442398,0.06739966147767609,0.05998598548865133,50,1
rich_latent_step_early,rich_latent_geometry,0.05972862439209553,0.8052777777777778,0.8052777777777778,0.9180501875783849,0.8166666666666667,1.0,0.00762781611485282,0.009960280042595873,0.034696037271898614,0.06435199971644336,0.05972862439209553,51,1
rich_latent_step_max,rich_latent_geometry,0.0595187533601343,0.7894444444444445,0.7894444444444445,0.8666483308960327,0.7833333333333333,1.0,0.007643234583876187,0.010171141628942261,0.03376281234671344,0.06424674985963509,0.0595187533601343,52,1
speed_max,legacy_geometry,0.0595187533601343,0.7894444444444445,0.7894444444444445,0.8666483308960327,0.7833333333333333,1.0,0.007643234583876187,0.010171141628942261,0.03376281234671344,0.06424674985963509,0.0595187533601343,52,1
rich_latent_step_t1,rich_latent_geometry,0.05951796623896435,0.7894444444444445,0.7894444444444445,0.866612215775704,0.7833333333333333,1.0,0.007642976394333537,0.01017031601474773,0.033762641014585155,0.06424598025494774,0.05951796623896435,54,1
rich_latent_accel_t0,rich_latent_geometry,0.05936648591907601,0.7866666666666666,0.7866666666666666,0.8530814341896411,0.7833333333333333,1.0,0.00762445778681924,0.010162160256751318,0.033453640520290574,0.06413385528630608,0.05936648591907601,55,1
rich_latent_accel_max,rich_latent_geometry,0.05936648591907601,0.7866666666666666,0.7866666666666666,0.8530814341896411,0.7833333333333333,1.0,0.00762445778681924,0.010162160256751318,0.033453640520290574,0.06413385528630608,0.05936648591907601,55,1
rich_latent_t4_skew,rich_latent_typicality,-0.05927419696692712,0.5438888888888889,0.5438888888888889,0.013480081101997204,0.5333333333333333,0.994,0.015847324565231746,0.02287691926160753,-0.07211708081843604,-0.014228893117468782,0.05927419696692712,57,-1
rich_score_t4_kurtosis,rich_score_moments,0.05874121333767966,0.9475,0.9475,1.4603309128791373,0.9333333333333333,1.0,0.007709247652453115,0.010819857644992534,0.03846723088570317,0.06814004097944565,0.05874121333767966,58,1
rich_score_t4_fft_centroid,rich_score_fft,-0.0580948628306389,0.08027777777777778,0.9197222222222222,-1.4018396026803965,0.06666666666666667,1.0,0.009911481296112246,0.013171993347606374,-0.07534309594136879,-0.03864756799282882,0.0580948628306389,59,-1
rich_latent_t0_extreme3,rich_latent_typicality,0.056732896886053215,0.7773611111111112,0.7773611111111112,0.6628553035622363,0.75,1.0,0.014385646285449437,0.02113930098121193,0.019306191326177745,0.07139779186094852,0.056732896886053215,60,1
rich_score_t5_fft_high_low,rich_score_fft,-0.05650895933968207,0.09694444444444444,0.9030555555555555,-1.2302229287045898,0.06666666666666667,1.0,0.011929124733992878,0.017065403497766952,-0.07577553731937829,-0.029078002026122114,0.05650895933968207,61,-1
rich_latent_t5_pr,rich_latent_typicality,-0.0559900109195612,0.08611111111111112,0.9138888888888889,-1.3307789562959356,0.06666666666666667,1.0,0.00659576952936992,0.009413966751272505,-0.06426939037465833,-0.03949686395152345,0.0559900109195612,62,-1
rich_latent_t1_extreme3,rich_latent_typicality,0.05587077111839323,0.7754166666666665,0.7754166666666665,0.6547275993900695,0.75,1.0,0.014304002060372313,0.021078675444756584,0.018648053966662723,0.07045507703969223,0.05587077111839323,63,1
rich_guidance_dz_orthfrac_t0,rich_alignment,-0.05574714412571414,0.3711111111111111,0.6288888888888888,-0.3696235386161598,0.38333333333333336,1.0,0.014928580115639332,0.019342685927521093,-0.07336618024642674,-0.014587489610982132,0.05574714412571414,64,-1
rich_score_change_late,rich_score_dynamics,0.055615124997612446,0.5938888888888888,0.5938888888888888,0.3391624377461129,0.6166666666666667,1.0,0.011814157889126879,0.016906462617344124,0.0230867419061128,0.0679141280738024,0.055615124997612446,65,1
rich_score_change_t4,rich_score_dynamics,0.055615124997612446,0.5938888888888888,0.5938888888888888,0.3391624377461129,0.6166666666666667,1.0,0.011814157889126879,0.016906462617344124,0.0230867419061128,0.0679141280738024,0.055615124997612446,65,1
rich_score_t4_q25,rich_score_moments,0.05554135653054988,0.9123611111111111,0.9123611111111111,1.446286041090578,0.95,1.0,0.008667715896828533,0.011815496626962123,0.031525230589400724,0.06520177378975345,0.05554135653054988,67,1
rich_score_change_min,rich_score_dynamics,0.05500679770562964,0.5924999999999999,0.5924999999999999,0.3289892906003746,0.6166666666666667,1.0,0.01195317681838438,0.016877687830519968,0.022500516679151334,0.0676655837509905,0.05500679770562964,68,1
rich_latent_t4_pr,rich_latent_typicality,-0.05449696123561076,0.15611111111111112,0.8438888888888889,-0.9396491883597576,0.15,1.0,0.008935533312696507,0.012518839512226987,-0.06457957780512376,-0.031663701292486766,0.05449696123561076,69,-1
rich_latent_t5_kurtosis,rich_latent_typicality,0.054031392116223716,0.9205555555555556,0.9205555555555556,1.1683516334520576,0.95,1.0,0.007345962449919834,0.010603380680404999,0.03662873954620271,0.06410834292477716,0.054031392116223716,70,1
rich_score_t0_kurtosis,rich_score_moments,-0.05380311404464768,0.3211111111111111,0.6788888888888889,-0.4376080154142227,0.3333333333333333,0.964,0.021645931834848482,0.02987032019319125,-0.08059506885547725,0.002316271126975671,0.05380311404464768,71,-1
rich_latent_t3_pr,rich_latent_typicality,-0.05358827334889919,0.2777777777777778,0.7222222222222222,-0.47147743020939203,0.26666666666666666,1.0,0.011095706343502145,0.015683868177308984,-0.06536579932530447,-0.02336039108032317,0.05358827334889919,72,-1
rich_guidance_t3_kurtosis,rich_guidance_moments,0.05263727487233042,0.7752777777777778,0.7752777777777778,0.6569632628177215,0.8,0.998,0.01517833123521899,0.019654331535537868,0.013996257316499913,0.0735955799755592,0.05263727487233042,73,1
rich_guidance_t4_maxabs,rich_guidance_moments,0.052197368181609784,0.5640277777777778,0.5640277777777778,0.24824941487889046,0.5333333333333333,1.0,0.014789118942208414,0.020649997895546876,0.017639276901033733,0.07644017418506252,0.052197368181609784,74,1
rich_score_t4_fft_high,rich_score_fft,-0.05154147843385961,0.11916666666666666,0.8808333333333334,-1.16910348549196,0.1,1.0,0.009143995479264418,0.012983673403039499,-0.06828710802556805,-0.032518679647243705,0.05154147843385961,75,-1
rich_score_t0_median,rich_score_moments,0.05132587351429819,0.5429166666666666,0.5429166666666666,0.06060089625417423,0.55,0.892,0.028351601196667818,0.041619016391313796,-0.016015396679134472,0.09305352103743954,0.05132587351429819,76,1
rich_score_t1_fft_mid,rich_score_fft,0.05121103639858479,0.7336111111111111,0.7336111111111111,0.6276835052980295,0.7166666666666667,1.0,0.014492478629455593,0.020381236555857503,0.022873301301187046,0.07924656067340109,0.05121103639858479,77,1
rich_score_t2_channel_pr,rich_score_spatial,0.05094983720089127,0.4436111111111111,0.5563888888888888,-0.026395007803459523,0.43333333333333335,0.988,0.017537993994158844,0.02713093141043125,0.005400075201374494,0.06949108886198561,0.05094983720089127,78,1
rich_score_t2_fft_mid,rich_score_fft,0.04938927971399846,0.6869444444444445,0.6869444444444445,0.5312679066579862,0.6833333333333333,0.994,0.02024098292009384,0.0281552287216923,0.006695289172746404,0.0840330435390225,0.04938927971399846,79,1
rich_latent_t4_kurtosis,rich_latent_typicality,0.04915458666017247,0.8677777777777778,0.8677777777777778,0.8530202966168614,0.85,1.0,0.009219076739659441,0.012688739350329992,0.026490236398041555,0.06233510376934161,0.04915458666017247,80,1
rich_guidance_t5_maxabs,rich_guidance_moments,0.048881646798394685,0.7859722222222223,0.7859722222222223,0.8232758926335676,0.8,0.998,0.015435525605593624,0.02181427343552167,0.011480587364982704,0.07107049967431621,0.048881646798394685,81,1
rich_score_t2_channel_ratio,rich_score_spatial,-0.04884288672122054,0.5252777777777777,0.5252777777777777,0.018156055370025098,0.55,0.99,0.016637643321643966,0.02449875264431555,-0.06908940791980703,-0.004579899894706266,0.04884288672122054,82,-1
rich_latent_step_middle,rich_latent_geometry,0.04883024871917534,0.9052777777777778,0.9052777777777778,1.4010811631185962,0.9166666666666666,1.0,0.0055132559525527805,0.007681729060496717,0.031393309089585535,0.0534677345592743,0.04883024871917534,83,1
rich_guidance_t0_mean,rich_guidance_moments,-0.048515274795550144,0.4938888888888889,0.5061111111111112,0.021067749762037312,0.5,0.994,0.014089569627768668,0.01858607181692288,-0.06586083178783528,-0.010087667190476407,0.048515274795550144,84,-1
rich_latent_t2_maxabs,rich_latent_typicality,0.04846221512597493,0.7076388888888889,0.7076388888888889,0.49754345280364537,0.7,1.0,0.011317311990004537,0.016113611976406417,0.01637785861989771,0.059494350399501066,0.04846221512597493,85,1
rich_score_t0_mean,rich_score_moments,0.04840271020773814,0.7583333333333333,0.7583333333333333,0.7139448082898276,0.7666666666666667,0.99,0.01782623975736564,0.024694913400348295,0.006481573195290339,0.0774339897015458,0.04840271020773814,86,1
rich_score_t3_kurtosis,rich_score_moments,0.048392692755059405,0.9458333333333333,0.9458333333333333,1.425605003438453,0.9333333333333333,1.0,0.008408970622874025,0.011382344696076317,0.03102884182929492,0.0620280890314758,0.048392692755059405,87,1
rich_score_t5_fft_centroid,rich_score_fft,-0.047827082684438735,0.09444444444444444,0.9055555555555556,-1.3281463680732488,0.1,1.0,0.009842164986953289,0.012559365552769985,-0.06881056181702513,-0.03147237238044301,0.047827082684438735,88,-1
rich_score_t1_maxabs,rich_score_moments,0.04777886262623174,0.824861111111111,0.824861111111111,1.0099541351324284,0.8333333333333334,0.99,0.01841938310027809,0.023793078033289762,0.014954353061463121,0.08337340642277474,0.04777886262623174,89,1
rich_score_t2_kurtosis,rich_score_moments,0.04772118573914938,0.9569444444444444,0.9569444444444444,1.4955038796445368,0.95,1.0,0.011174900732465548,0.013904239711584623,0.024556547869665456,0.06802960829358085,0.04772118573914938,90,1
rich_latent_t0_maxabs,rich_latent_typicality,0.04727779392507126,0.6708333333333333,0.6708333333333333,0.42688588642174835,0.6833333333333333,1.0,0.012599510739820215,0.017558249550751855,0.011179934541807804,0.05962195664571077,0.04727779392507126,91,1
rich_latent_t1_maxabs,rich_latent_typicality,0.04725951373836578,0.6715277777777777,0.6715277777777777,0.42698767548381206,0.6833333333333333,1.0,0.01258626047317687,0.017491857639031015,0.011234293575932754,0.059562565931641144,0.04725951373836578,92,1
rich_guidance_t1_mean,rich_guidance_moments,0.04703630182368027,0.6244444444444444,0.6244444444444444,0.3784843026245214,0.6,0.974,0.019521271605891222,0.026182776107541533,1.3659417000553702e-05,0.07691345390224823,0.04703630182368027,93,1
rich_latent_t5_q25,rich_latent_typicality,0.04671353920090394,0.8565277777777778,0.8565277777777778,1.1129629644904462,0.85,1.0,0.0075862234698783615,0.011252490073035894,0.023715921077723127,0.05284524619840152,0.04671353920090394,94,1
rich_score_t5_fft_low,rich_score_fft,0.046626242456907045,0.8902777777777778,0.8902777777777778,1.1360952822586794,0.9166666666666666,1.0,0.015000259265890856,0.022099976899714185,0.015844345459589248,0.07194152280313537,0.046626242456907045,95,1
rich_score_t0_fft_high,rich_score_fft,0.04593378296488202,0.495,0.505,0.05078104252850679,0.5333333333333333,1.0,0.011860304786316798,0.016794929827417402,0.014374540799801848,0.06141649390394159,0.04593378296488202,96,1
rich_guidance_t1_skew,rich_guidance_moments,-0.045877501020676614,0.44916666666666666,0.5508333333333333,-0.1685044230568608,0.5333333333333333,0.982,0.018712753683279144,0.027147853520071586,-0.07382345915496272,-0.001036529398907723,0.045877501020676614,97,-1
rich_score_t1_mean,rich_score_moments,-0.04520128601098769,0.40805555555555556,0.5919444444444444,-0.12012800256389151,0.4,0.9,0.02044833270381411,0.027135662720560116,-0.0663542984376493,0.012736315884674653,0.04520128601098769,98,-1
rich_latent_accel_early,rich_latent_geometry,0.04504611170081332,0.6830555555555555,0.6830555555555555,0.5126427824510467,0.7166666666666667,1.0,0.008135730348539328,0.011078170131256442,0.02149815508756293,0.053988566728793576,0.04504611170081332,99,1
rich_latent_step_auc,rich_latent_geometry,0.04474643045498525,0.8975,0.8975,1.3888002718922108,0.9,1.0,0.004972331535165593,0.006439148670754423,0.02997684405564081,0.04934325718427859,0.04474643045498525,100,1
rich_score_t4_channel_cv,rich_score_spatial,-0.04463544988481852,0.5525,0.5525,0.09495314624924595,0.5833333333333334,1.0,0.01085374852371029,0.013317828274615789,-0.05983873128541575,-0.015806267568353682,0.04463544988481852,101,-1
rich_guidance_dz_orthfrac_slope,rich_alignment,0.04437288508693107,0.6566666666666667,0.6566666666666667,0.44430378173864543,0.7,1.0,0.013221034402669422,0.017930555147127887,0.0131955644169922,0.06302936116319756,0.04437288508693107,102,1
rich_score_change_t3,rich_score_dynamics,-0.044252496165074526,0.2588888888888889,0.741111111111111,-0.971213522465406,0.13333333333333333,0.998,0.014266114894351395,0.022405918122663297,-0.05724519477920766,-0.006871159332672125,0.044252496165074526,103,-1
rich_score_norm_t2,rich_score_dynamics,0.044114012392541514,0.4311111111111111,0.5688888888888889,-0.1956901545309292,0.48333333333333334,1.0,0.008865436187490106,0.010963856856179496,0.015452174389869927,0.05068449679157246,0.044114012392541514,104,1
rich_score_t2_rms,rich_score_moments,0.044114012392541514,0.4311111111111111,0.5688888888888889,-0.1956901545309292,0.48333333333333334,1.0,0.008865436187490106,0.010963856856179496,0.015452174389869927,0.05068449679157246,0.044114012392541514,104,1
eps_t2,legacy_noise,0.0441138734886291,0.4311111111111111,0.5688888888888889,-0.19569048115387144,0.48333333333333334,1.0,0.008865426410391567,0.010963840985262343,0.015452082655928345,0.05068434658228349,0.0441138734886291,106,1
rich_score_t2_var,rich_score_moments,0.04343312701693247,0.43083333333333335,0.5691666666666666,-0.1970751507138089,0.48333333333333334,1.0,0.008491295453622661,0.010471132447002648,0.015736942916597416,0.04994799037884229,0.04343312701693247,107,1
rich_latent_accel_auc,rich_latent_geometry,0.04342470208725404,0.5155555555555555,0.5155555555555555,0.06830646800133072,0.5333333333333333,1.0,0.007381129360267402,0.010286322074667516,0.0240494499303798,0.05188445085147506,0.04342470208725404,108,1
rich_score_t0_fft_low,rich_score_fft,-0.04338504158539793,0.5066666666666666,0.5066666666666666,-0.06913829063542366,0.43333333333333335,1.0,0.014743362083192608,0.01877186871529998,-0.06565536588477007,-0.009120927655065522,0.04338504158539793,109,-1
rich_score_change_max,rich_score_dynamics,0.04337993044674621,0.7180555555555556,0.7180555555555556,0.6587132005279529,0.7166666666666667,1.0,0.008299205423439593,0.010313670270465002,0.022833331114508647,0.05487454974667615,0.04337993044674621,110,1
rich_score_change_t0,rich_score_dynamics,0.04337993044674621,0.7180555555555556,0.7180555555555556,0.6587132005279529,0.7166666666666667,1.0,0.008299205423439593,0.010313670270465002,0.022833331114508647,0.05487454974667615,0.04337993044674621,110,1
endpoint_extreme_fraction,endpoint,0.043319385905131985,0.8269444444444444,0.8269444444444444,0.926016151965126,0.8,1.0,0.01423879824602203,0.020319767662129562,0.015011512134818111,0.0703778250366049,0.043319385905131985,112,1
rich_score_t2_channel_cv,rich_score_spatial,-0.04328866907500911,0.5563888888888889,0.5563888888888889,0.08831238228797254,0.5666666666666667,0.99,0.015175207256038178,0.021295663369869447,-0.06413987654683004,-0.005622650053293337,0.04328866907500911,113,-1
rich_score_t5_fft_high,rich_score_fft,-0.04325386841181094,0.12166666666666667,0.8783333333333333,-1.1265254813797665,0.13333333333333333,1.0,0.00936344990925412,0.012099889279584872,-0.0625777169312566,-0.025501407306486517,0.04325386841181094,114,-1
rich_cond_uncond_cos_t4,rich_alignment,-0.04306163227406408,0.5733333333333334,0.5733333333333334,0.15693355679991852,0.55,0.958,0.016354113911053174,0.023537029079908667,-0.055599185466806963,0.0030316672842626456,0.04306163227406408,115,-1
rich_guidance_dz_align_t3,rich_alignment,0.042902830457069434,0.35527777777777775,0.6447222222222222,-0.47288353525740545,0.2833333333333333,0.872,0.02202827753237712,0.029342402694740526,-0.015328788979023756,0.06644733517987915,0.042902830457069434,116,1
path_length,legacy_geometry,0.042736797301636036,0.8983333333333333,0.8983333333333333,1.3903964977439989,0.9,1.0,0.004785801589911367,0.006172743368729763,0.028785755533203075,0.047371054858374596,0.042736797301636036,117,1
rich_latent_step_mean,rich_latent_geometry,0.042736797301636015,0.8983333333333333,0.8983333333333333,1.3903964976795755,0.9,1.0,0.004785801589911369,0.006172743368729777,0.028785755533203058,0.04737105485837458,0.042736797301636015,118,1
speed_mean,legacy_geometry,0.042736797301636015,0.8983333333333333,0.8983333333333333,1.3903964976795755,0.9,1.0,0.004785801589911369,0.006172743368729777,0.028785755533203058,0.04737105485837458,0.042736797301636015,118,1
rich_score_t5_absmean,rich_score_moments,-0.042680344963098166,0.11444444444444445,0.8855555555555555,-1.353644620612059,0.08333333333333333,1.0,0.00516464219223696,0.006602314011676408,-0.04688849486671264,-0.025997156045894212,0.042680344963098166,120,-1
rich_latent_t2_pr,rich_latent_typicality,-0.04265884669572857,0.42444444444444446,0.5755555555555556,-0.13089660589170193,0.4666666666666667,0.998,0.0119268601645595,0.01722778280872845,-0.057660831475236256,-0.01072207938266917,0.04265884669572857,121,-1
rich_guidance_dz_orthfrac_early,rich_alignment,-0.042582778298436194,0.42611111111111116,0.5738888888888889,-0.1760868260975856,0.43333333333333335,0.986,0.013686653511993295,0.018155291178350585,-0.05831616504645869,-0.00265768423978341,0.042582778298436194,122,-1
rich_latent_t3_maxabs,rich_latent_typicality,0.042573843788637565,0.7247222222222223,0.7247222222222223,0.5678809907010065,0.7166666666666667,0.998,0.011803041378090212,0.016847690536411893,0.010958550107045578,0.057401808092611396,0.042573843788637565,123,1
rich_score_t1_q05,rich_score_moments,-0.04255112602969763,0.5234722222222222,0.5234722222222222,0.09787530520074433,0.4666666666666667,0.998,0.010627943348860126,0.014992785675380281,-0.05289552407381194,-0.011225427129406664,0.04255112602969763,124,-1
rich_latent_t1_nearzero,rich_latent_typicality,-0.04237993548411333,0.25625,0.74375,-0.5555646207475697,0.3,0.934,0.019053251214973695,0.025558714971283366,-0.0644448568876905,0.010085830849880626,0.04237993548411333,125,-1
eps_early,legacy_noise,0.04215668443975861,0.903888888888889,0.903888888888889,1.4937866247277038,0.9333333333333333,1.0,0.008608823235639822,0.012076971035574001,0.022286153003699766,0.05583660819073976,0.04215668443975861,126,1
rich_score_norm_early,rich_score_dynamics,0.042156663787732425,0.903888888888889,0.903888888888889,1.493786706615465,0.9333333333333333,1.0,0.008608822479943809,0.012076980477516798,0.022286134203085856,0.05583658803787089,0.042156663787732425,127,1
rich_latent_t3_extreme3,rich_latent_typicality,0.04205675150075455,0.8308333333333333,0.8308333333333333,0.8931035680849126,0.8333333333333334,1.0,0.010713432812091837,0.014205829016616323,0.01762763990596237,0.05995944642831916,0.04205675150075455,128,1
rich_guidance_t0_nearzero,rich_guidance_moments,-0.0417970346087344,0.48374999999999996,0.5162500000000001,-0.02340030649216979,0.4666666666666667,0.986,0.017477264832050598,0.02743398888195964,-0.0627159827307615,-0.001433640953545132,0.0417970346087344,129,-1
rich_score_t2_h_autocorr,rich_score_spatial,0.04160376351863553,0.8691666666666666,0.8691666666666666,1.0663027905536933,0.9,1.0,0.014533111409862683,0.01999458396743642,0.014573845734075046,0.07107011685797332,0.04160376351863553,130,1
rich_guidance_t5_q95,rich_guidance_moments,0.041529546053245846,0.6344444444444444,0.6344444444444444,0.28699384647981224,0.6833333333333333,0.982,0.015478389972127927,0.020873281024756038,0.0015861026250156421,0.060584123925493776,0.041529546053245846,131,1
rich_score_t1_median,rich_score_moments,-0.04130800263374716,0.3890277777777778,0.6109722222222222,-0.28103145687054687,0.45,0.914,0.017133620138361998,0.021369488787726893,-0.05262730501667648,0.013888938367284703,0.04130800263374716,132,-1
rich_score_t3_h_autocorr,rich_score_spatial,0.041305206173576914,0.8861111111111112,0.8861111111111112,1.2432968493551815,0.9,1.0,0.012851210168252448,0.018343044815496368,0.01573734260871807,0.06552400510964988,0.041305206173576914,133,1
rich_latent_endpoint_displacement,rich_latent_geometry,0.04119184316707147,0.8969444444444444,0.8969444444444444,1.4088665332311312,0.9,1.0,0.004751615734791091,0.006306313794470039,0.02728025785828556,0.04537008015768938,0.04119184316707147,134,1
rich_latent_t3_kurtosis,rich_latent_typicality,0.04077558192941418,0.7669444444444445,0.7669444444444445,0.4965368753077311,0.7666666666666667,1.0,0.012197352593835425,0.016636882152690137,0.012934061484021205,0.06022228234328293,0.04077558192941418,135,1
rich_score_t4_absmean,rich_score_moments,-0.040168501584291354,0.12361111111111112,0.8763888888888889,-1.2944640738478874,0.08333333333333333,1.0,0.0042223085136139215,0.005968762670427154,-0.043790201106462825,-0.02692869483134192,0.040168501584291354,136,-1
rich_score_t0_fft_high_low,rich_score_fft,0.039825606784590184,0.4936111111111111,0.5063888888888889,0.025095646801106496,0.5333333333333333,0.996,0.01474540689208904,0.020080159087634882,0.006049385685633479,0.06395915988872314,0.039825606784590184,137,1
rich_score_t4_channel_ratio,rich_score_spatial,-0.039791396454812084,0.5483333333333333,0.5483333333333333,0.10347436996304595,0.6166666666666667,0.994,0.012445244513756648,0.016134906608641062,-0.05743610793321461,-0.008498294231251946,0.039791396454812084,138,-1
rich_cond_uncond_cos_late,rich_alignment,-0.03895537323894719,0.4783333333333333,0.5216666666666667,-0.04508096988842358,0.4166666666666667,0.974,0.014549716195234286,0.02144091935294974,-0.05531748334466957,0.00018204969248392057,0.03895537323894719,139,-1
eps_t1,legacy_noise,0.03835459432438585,0.5572222222222223,0.5572222222222223,0.1270507943246307,0.5833333333333334,1.0,0.007936802030563263,0.01077244195602018,0.015494147070383865,0.04640636655861682,0.03835459432438585,140,1
rich_score_t1_rms,rich_score_moments,0.03835457257728679,0.5572222222222223,0.5572222222222223,0.12705058683259024,0.5833333333333334,1.0,0.007936806095885068,0.01077242379469565,0.015494131824845332,0.046406372273783816,0.03835457257728679,141,1
rich_score_norm_t1,rich_score_dynamics,0.03835457257728679,0.5572222222222223,0.5572222222222223,0.12705058683259024,0.5833333333333334,1.0,0.007936806095885068,0.01077242379469565,0.015494131824845332,0.046406372273783816,0.03835457257728679,141,1
rich_latent_step_t3,rich_latent_geometry,0.03826626259982737,0.8930555555555555,0.8930555555555555,1.3378017597070424,0.8833333333333333,1.0,0.004502262698565946,0.006177551490402583,0.025287479174149727,0.04307863800409565,0.03826626259982737,143,1
rich_score_t5_channel_cv,rich_score_spatial,-0.038240128905430916,0.5625,0.5625,0.11785384128469215,0.6,0.998,0.010145861971460926,0.013823178466321268,-0.05186738331492824,-0.011412271308660875,0.038240128905430916,144,-1
rich_score_t4_channel_pr,rich_score_spatial,0.03806708568508765,0.4475,0.5525,-0.09855696025313469,0.4166666666666667,0.998,0.011967401246023168,0.015271198825336809,0.007667347494443716,0.057217183082450135,0.03806708568508765,145,1
rich_guidance_t3_nearzero,rich_guidance_moments,0.03747420805986131,0.8576388888888888,0.8576388888888888,1.204642621146987,0.9,1.0,0.009421385931509124,0.012585561959071595,0.011737036802290662,0.04978023439042712,0.03747420805986131,146,1
rich_score_t0_maxabs,rich_score_moments,0.03746516193905298,0.7619444444444444,0.7619444444444444,0.6784148219933438,0.7166666666666667,0.948,0.015542748113997374,0.021311258132082407,-0.007593724901038586,0.05412985533401496,0.03746516193905298,147,1
rich_guidance_cond_align_t3,rich_alignment,0.03712089608019818,0.465,0.5349999999999999,-0.15351727973428314,0.43333333333333335,0.846,0.02208013806108411,0.03438091359346877,-0.019030259390859013,0.06344020371113837,0.03712089608019818,148,1
rich_latent_t4_nearzero,rich_latent_typicality,0.03705758102960552,0.5756944444444445,0.5756944444444445,0.2564803155829241,0.5666666666666667,0.928,0.02148976252384808,0.03000177959847089,-0.0073638160520669155,0.07403013470374122,0.03705758102960552,149,1
eps_late_early,legacy_noise,-0.03700919227378744,0.10527777777777779,0.8947222222222222,-1.439286717937433,0.06666666666666667,1.0,0.004039726472048045,0.00555609279218728,-0.041907372811645374,-0.026371002079126016,0.03700919227378744,150,-1
rich_cond_dz_orthfrac_slope,rich_alignment,0.03691201302355913,0.7566666666666667,0.7566666666666667,0.6371451542489021,0.7666666666666667,0.998,0.011073192439018836,0.015881643674866625,0.011375444661568514,0.054736163117939475,0.03691201302355913,151,1
rich_guidance_t3_skew,rich_guidance_moments,-0.03681218560224389,0.47500000000000003,0.5249999999999999,0.012789849912417035,0.5666666666666667,0.92,0.017729304884826064,0.02471518967028237,-0.05883740679011187,0.009531765688071757,0.03681218560224389,152,-1
rich_score_t1_kurtosis,rich_score_moments,0.036638335288666446,0.9380555555555555,0.9380555555555555,1.4374757071089026,0.9166666666666666,1.0,0.01325809346243035,0.018946186917820587,0.01456807811180227,0.06521002031451634,0.036638335288666446,153,1
rich_score_change_early,rich_score_dynamics,0.03661924348830388,0.46305555555555555,0.5369444444444444,-0.09122078700355378,0.4666666666666667,1.0,0.007696988488213488,0.009724503145284613,0.018029375268451647,0.04826226988756125,0.03661924348830388,154,1
rich_score_t0_fft_mid,rich_score_fft,-0.03647189642961071,0.5063888888888889,0.5063888888888889,-0.023273271391981824,0.5,0.924,0.018237963557516224,0.02575131276475397,-0.05973472697253966,0.008187852613608826,0.03647189642961071,155,-1
rich_score_t5_channel_ratio,rich_score_spatial,-0.03645205390618841,0.56,0.56,0.12675766238244499,0.5833333333333334,0.988,0.012503366953286459,0.016851133164120707,-0.05338611513921931,-0.0054928448300630124,0.03645205390618841,156,-1
rich_score_t0_skew,rich_score_moments,-0.03630715992397875,0.49444444444444446,0.5055555555555555,-0.024951649559914215,0.45,0.694,0.03691737642046699,0.05393953721966861,-0.09470939396001847,0.04772446072208495,0.03630715992397875,157,-1
rich_score_t5_q75,rich_score_moments,-0.03623489750652315,0.11277777777777778,0.8872222222222222,-1.3036098733028152,0.06666666666666667,1.0,0.008657678313609203,0.012207487235422646,-0.049356866527468526,-0.015988493207167425,0.03623489750652315,158,-1
rich_score_t1_var,rich_score_moments,0.03611124567472958,0.5572222222222223,0.5572222222222223,0.123549413603442,0.5833333333333334,1.0,0.007902661929680975,0.010220107509651223,0.014020800665859959,0.044886920641437525,0.03611124567472958,159,1
rich_score_t0_q75,rich_score_moments,0.03576193572666706,0.89625,0.89625,1.4006305823352272,0.95,1.0,0.009711859325440735,0.013465693476961214,0.014391729180367949,0.05226165036510854,0.03576193572666706,160,1
rich_guidance_dz_align_t2,rich_alignment,-0.03559552996139635,0.35416666666666663,0.6458333333333334,-0.4589027757220464,0.25,0.976,0.01544004495671396,0.022279934660598424,-0.05881935934946683,-0.0007201362545593917,0.03559552996139635,161,-1
rich_cond_uncond_normratio_t5,rich_alignment,-0.03547667778861821,0.4027777777777778,0.5972222222222222,-0.20486000028023135,0.4,0.892,0.019189976840663425,0.02634952130929072,-0.06296608119962636,0.014211316686420554,0.03547667778861821,162,-1
rich_cond_uncond_cos_max,rich_alignment,-0.03509032313791281,0.3622222222222222,0.6377777777777778,-0.2711861014691281,0.31666666666666665,0.932,0.021708964635096112,0.029087785463973365,-0.07260414549286998,0.01338636447696717,0.03509032313791281,163,-1
rich_latent_t0_median,rich_latent_typicality,0.03489187506424281,0.7861111111111111,0.7861111111111111,0.8593706403364677,0.8166666666666667,0.994,0.011271056631204672,0.014160483484865066,0.006598078169141744,0.05172308846655292,0.03489187506424281,164,1
rich_guidance_dz_orthfrac_t5,rich_alignment,0.03474445497306306,0.6211111111111111,0.6211111111111111,0.3468018539958527,0.6333333333333333,0.992,0.01397237915125335,0.017731065652148652,0.004924016259680682,0.06038872058953003,0.03474445497306306,165,1
rich_latent_accel_t2,rich_latent_geometry,0.03464797149108129,0.4197222222222222,0.5802777777777778,-0.23265259474484332,0.38333333333333336,0.986,0.012006644601446476,0.01563359363383785,0.0023997839937675044,0.05133665631025222,0.03464797149108129,166,1
rich_score_t5_mean,rich_score_moments,0.03451784120710911,0.6975,0.6975,0.5212258910936894,0.65,0.99,0.01546252563506378,0.022284643441494757,0.0047065375398631405,0.06394629693839174,0.03451784120710911,167,1
rich_score_t0_h_autocorr,rich_score_spatial,-0.03447668171190178,0.5022222222222222,0.5022222222222222,0.0029903600288974045,0.48333333333333334,0.922,0.018527397106695737,0.026048639634603243,-0.062467199636718124,0.008749141638579783,0.03447668171190178,168,-1
rich_guidance_t2_q25,rich_guidance_moments,0.03441732319073268,0.8379166666666666,0.8379166666666666,1.0419155266094615,0.8833333333333333,1.0,0.007811643060958078,0.011684430165623729,0.014322021018301271,0.04188942985462831,0.03441732319073268,169,1
rich_latent_t1_median,rich_latent_typicality,0.034093373862614955,0.7852777777777776,0.7852777777777776,0.8575422060724803,0.8166666666666667,0.992,0.011406842656391584,0.014546370016988448,0.00600292548552261,0.05153606210954481,0.034093373862614955,170,1
rich_score_consecutive_cos_t3,rich_score_dynamics,0.03407632091429008,0.6577777777777778,0.6577777777777778,0.656429120190622,0.7166666666666667,0.884,0.017069795784564492,0.028047334346917085,-0.007950607041425067,0.05137347519277074,0.03407632091429008,171,1
rich_score_crosscos_3_4,rich_crosstime,0.03407632091429008,0.6577777777777778,0.6577777777777778,0.656429120190622,0.7166666666666667,0.884,0.017069795784564492,0.028047334346917085,-0.007950607041425067,0.05137347519277074,0.03407632091429008,171,1
rich_score_t2_q05,rich_score_moments,-0.03398702014772678,0.6472222222222221,0.6472222222222221,0.4060802421338051,0.6,0.978,0.01191280286815929,0.01788930013416795,-0.04409254833465491,-0.0004876325110694431,0.03398702014772678,173,-1
rich_guidance_t4_mean,rich_guidance_moments,0.03344085611765689,0.7247222222222222,0.7247222222222222,0.5963092305009262,0.7833333333333333,0.97,0.01869940016927101,0.025898187233890424,-0.0012677877590899249,0.07065294321450061,0.03344085611765689,174,1
rich_latent_accel_std,rich_latent_geometry,0.03339100421242438,0.7361111111111112,0.7361111111111112,0.7991341483083104,0.8,1.0,0.0068044925302662915,0.009101130898089761,0.014214129483560625,0.040739028801642346,0.03339100421242438,175,1
rich_guidance_t4_var,rich_guidance_moments,0.033290555663218126,0.3980555555555555,0.6019444444444445,-0.26769440835338865,0.36666666666666664,0.928,0.01457803962184227,0.021267652409775132,-0.006082648945243429,0.0471248083001524,0.033290555663218126,176,1
rich_guidance_t3_q25,rich_guidance_moments,0.033159254024831844,0.8583333333333333,0.8583333333333333,1.181786007057309,0.9166666666666666,1.0,0.007969864519545565,0.011106695259884718,0.012081923292943936,0.04273979698301304,0.033159254024831844,177,1
rich_score_t3_q25,rich_score_moments,0.0331167744245552,0.8761111111111111,0.8761111111111111,1.2006614592643157,0.9,1.0,0.006410171934423466,0.009217466732186833,0.019664026265020153,0.04432526785387217,0.0331167744245552,178,1
rich_guidance_t2_q75,rich_guidance_moments,-0.0330738028852223,0.16736111111111107,0.8326388888888889,-1.033604105649694,0.13333333333333333,1.0,0.007972986175194374,0.010917330874960413,-0.04189786967222893,-0.011610873147949372,0.0330738028852223,179,-1
rich_guidance_t5_nearzero,rich_guidance_moments,-0.03299128613623799,0.4822222222222222,0.5177777777777778,-0.09144448317900226,0.5166666666666667,0.966,0.013337858054288741,0.017903649662374635,-0.051786084276199684,0.0031204530985468114,0.03299128613623799,180,-1
rich_score_t0_q25,rich_score_moments,-0.03294426944642208,0.1275,0.8725,-1.2710414669995411,0.08333333333333333,1.0,0.008272818556095329,0.011640764125510725,-0.04578455824094227,-0.01400959370591178,0.03294426944642208,181,-1
rich_latent_t4_q25,rich_latent_typicality,0.032938698704071706,0.7918055555555555,0.7918055555555555,0.8364197341429331,0.8166666666666667,1.0,0.008448981132066808,0.011811512033055596,0.011960963850512419,0.04425732895682548,0.032938698704071706,182,1
rich_latent_step_t4,rich_latent_geometry,0.03289633290476777,0.8869444444444445,0.8869444444444445,1.323720548519973,0.9,1.0,0.004799880860940134,0.00629918023547317,0.021316580729486605,0.04026575661154369,0.03289633290476777,183,1
rich_score_t5_channel_pr,rich_score_spatial,0.03264938272050901,0.4375,0.5625,-0.12049042950673614,0.4,0.994,0.011354825964684644,0.014463510047324893,0.0048859173500455134,0.051406646523692534,0.03264938272050901,184,1
rich_latent_turn_angle_t1,rich_latent_geometry,-0.03259705777292668,0.3113888888888889,0.6886111111111111,-0.5537907613918776,0.2833333333333333,1.0,0.009581794493947478,0.014381519863313923,-0.042393511500459946,-0.00697278667780668,0.03259705777292668,185,-1
rich_latent_turn_cos_t1,rich_latent_geometry,0.032360106816432095,0.6886111111111112,0.6886111111111112,0.5651915234873489,0.7166666666666667,1.0,0.009590671225848998,0.015029550900090529,0.00736496588848779,0.04172211656290494,0.032360106816432095,186,1
rich_dz_crosscos_1_2,rich_crosstime,0.032360106816432095,0.6886111111111112,0.6886111111111112,0.5651915234873489,0.7166666666666667,1.0,0.009590671225848998,0.015029550900090529,0.00736496588848779,0.04172211656290494,0.032360106816432095,186,1
rich_latent_t0_nearzero,rich_latent_typicality,-0.03194963549104202,0.26708333333333334,0.7329166666666667,-0.5180928896480214,0.25,0.86,0.02003809754967277,0.03197944878701071,-0.056997725472661416,0.014358868249954387,0.03194963549104202,188,-1
rich_latent_t5_absmean,rich_latent_typicality,-0.0319095414971134,0.21972222222222224,0.7802777777777777,-0.8526438615241118,0.15,1.0,0.0050125277237969765,0.006775496613464042,-0.03865974492466535,-0.018557773368447026,0.0319095414971134,189,-1
rich_uncond_dz_align_t4,rich_alignment,-0.03177836528041822,0.09833333333333336,0.9016666666666666,-1.126965092768062,0.1,1.0,0.0058006925624702,0.007848450502139063,-0.041496545056969494,-0.01965216513878753,0.03177836528041822,190,-1
eps_slope,legacy_noise,-0.0317154455217863,0.12666666666666668,0.8733333333333333,-1.2862776302845715,0.1,1.0,0.0030743628153067585,0.004429641850308221,-0.034881683187509595,-0.02332846167175443,0.0317154455217863,191,-1
rich_score_norm_slope,rich_score_dynamics,-0.031715439370769885,0.12666666666666668,0.8733333333333333,-1.2862774792105165,0.1,1.0,0.0030743593770299915,0.004429616993279324,-0.034881674039510924,-0.023328458491348483,0.031715439370769885,192,-1
guidance_late,legacy_guidance,0.031085892002248667,0.5197222222222222,0.5197222222222222,0.04466546721258524,0.55,0.988,0.011547570960160958,0.01742598978389106,0.003617527773962483,0.0455400844868355,0.031085892002248667,193,1
rich_score_t4_q95,rich_score_moments,-0.03096035677565827,0.22777777777777777,0.7722222222222223,-0.797403963578519,0.21666666666666667,0.976,0.01144830340114715,0.015403825297555337,-0.04526615710865491,-0.0008311696853409193,0.03096035677565827,194,-1
rich_latent_t1_pr,rich_latent_typicality,-0.03092738688415435,0.5269444444444444,0.5269444444444444,0.09119492670971312,0.5166666666666667,0.978,0.012740395456952255,0.018402606315014346,-0.04926460222352497,-0.0003675817649516484,0.03092738688415435,195,-1
rich_latent_t0_pr,rich_latent_typicality,-0.030883713051086732,0.5272222222222221,0.5272222222222221,0.09167965143164532,0.5166666666666667,0.976,0.012743016323960054,0.018405931892732742,-0.04924430267993334,-0.000358409970564785,0.030883713051086732,196,-1
rich_score_angle_t3,rich_score_dynamics,-0.030554919205108548,0.3422222222222222,0.6577777777777778,-0.6307447013604958,0.2833333333333333,0.868,0.016087077008253747,0.027078082078005175,-0.047931935317042686,0.007395817062730741,0.030554919205108548,197,-1
rich_score_t1_h_autocorr,rich_score_spatial,0.030535618003219973,0.8541666666666666,0.8541666666666666,0.9728881104034177,0.85,0.98,0.016694924369603577,0.024398661364653088,0.0021845638820592833,0.06692649409603751,0.030535618003219973,198,1
rich_cond_uncond_normratio_t2,rich_alignment,-0.030464191636419474,0.4691666666666666,0.5308333333333334,-0.15335202548250432,0.4,0.968,0.012411561091934937,0.017060358784443355,-0.04881626085440032,0.0017920513564385968,0.030464191636419474,199,-1
rich_latent_t2_median,rich_latent_typicality,0.030430246791307864,0.7849999999999999,0.7849999999999999,0.8377517176916572,0.8166666666666667,0.992,0.010831173750578073,0.01410106416735912,0.004238563032919936,0.047728046442445465,0.030430246791307864,200,1
rich_latent_step_late,rich_latent_geometry,0.030352046571812466,0.888611111111111,0.888611111111111,1.3281619478955704,0.9,1.0,0.004279101737505758,0.005551719318259235,0.020009823724118095,0.0369865150684219,0.030352046571812466,201,1
rich_dz_crosscos_1_3,rich_crosstime,0.030297046886477254,0.7594444444444444,0.7594444444444444,0.8347415944903492,0.7666666666666667,1.0,0.007578515395559793,0.009929334887218387,0.009587219818564106,0.03862046626535825,0.030297046886477254,202,1
rich_guidance_dz_orthfrac_late,rich_alignment,0.030041900663406822,0.6372222222222222,0.6372222222222222,0.40182984406834904,0.6333333333333333,0.982,0.013586246421242032,0.018445833297785274,0.0016935931029295657,0.05617026985797099,0.030041900663406822,203,1
rich_latent_turn_angle_early,rich_latent_geometry,-0.029874817289592327,0.335,0.665,-0.4070823612897975,0.31666666666666665,0.988,0.009933849847462234,0.014733816176498084,-0.03900769438956343,-0.0020086385137108986,0.029874817289592327,204,-1
rich_guidance_t0_q25,rich_guidance_moments,-0.029840691087208486,0.4904166666666666,0.5095833333333334,0.04309331702411926,0.5166666666666667,0.96,0.014136412925880928,0.019970848079980816,-0.050232360732427116,0.001733575485139357,0.029840691087208486,205,-1
rich_guidance_t2_median,rich_guidance_moments,0.029787109313200104,0.53375,0.53375,0.06856453374851429,0.4666666666666667,0.852,0.021420920310421865,0.030229575838227888,-0.018973367718934646,0.0634678567608207,0.029787109313200104,206,1
rich_cond_uncond_normratio_t0,rich_alignment,0.02961536929827469,0.5447222222222222,0.5447222222222222,0.15081578351428385,0.5166666666666667,0.914,0.01569094037162166,0.023275892054094832,-0.008475005026390288,0.05092983954333155,0.02961536929827469,207,1
rich_cond_uncond_normratio_late,rich_alignment,-0.029598654568503663,0.41888888888888887,0.5811111111111111,-0.19899656810279356,0.38333333333333336,0.924,0.014882932978300446,0.019826346578031458,-0.05211577774974715,0.004920333684317085,0.029598654568503663,208,-1
rich_score_t3_skew,rich_score_moments,0.029487306794074183,0.7252777777777778,0.7252777777777778,0.5570882984775202,0.7666666666666667,0.984,0.012087387850466641,0.01654356375480401,0.0034095951722262056,0.049713434638272457,0.029487306794074183,209,1
rich_cond_dz_align_t4,rich_alignment,-0.029339602187019212,0.10222222222222223,0.8977777777777778,-1.1378688968516788,0.08333333333333333,1.0,0.0058207657383430676,0.008135206728896987,-0.03986489348341413,-0.018026969581435036,0.029339602187019212,210,-1
rich_guidance_t3_median,rich_guidance_moments,0.02903389446292806,0.555,0.555,0.11597152177539716,0.5166666666666667,0.926,0.016100275291659086,0.022706119717056418,-0.007479813826582771,0.05531203875488279,0.02903389446292806,211,1
rich_dz_crosscos_0_5,rich_crosstime,-0.028994832753227177,0.4355555555555556,0.5644444444444444,-0.24194512537994076,0.38333333333333336,0.954,0.013785598845405837,0.018986071044279774,-0.050435235369700376,0.003101887498792583,0.028994832753227177,212,-1
rich_guidance_t4_q95,rich_guidance_moments,0.028839118767261838,0.3752777777777778,0.6247222222222222,-0.34018680256870804,0.3333333333333333,0.946,0.012464808076552107,0.017594763003328403,-0.004575838160821801,0.04288157468466558,0.028839118767261838,213,1
rich_latent_t0_q75,rich_latent_typicality,0.028778258561853766,0.8459722222222222,0.8459722222222222,0.9503601480536902,0.85,0.998,0.008444052945711267,0.011994339623940614,0.0063818488405157,0.0393850028638017,0.028778258561853766,214,1
rich_score_secondchange_early,rich_score_dynamics,0.02869006972371252,0.4608333333333333,0.5391666666666667,-0.0443050080676847,0.5333333333333333,0.992,0.010191396908954776,0.01303924869919746,0.0031309427796809767,0.043766572321865524,0.02869006972371252,215,1
rich_score_relchange_min,rich_score_dynamics,0.0286580238690308,0.6002777777777778,0.6002777777777778,0.2650519932011897,0.55,0.986,0.009791888316835308,0.013980098835858835,0.0022180679002924363,0.03915720765762186,0.0286580238690308,216,1
rich_latent_t1_q75,rich_latent_typicality,0.028618069114292034,0.845,0.845,0.9519247279409515,0.85,0.998,0.008416798076671056,0.0119726835009679,0.006221986616069419,0.03917131913082823,0.028618069114292034,217,1
rich_guidance_t4_rms,rich_guidance_moments,0.028607412221236177,0.3980555555555555,0.6019444444444445,-0.2599730635144062,0.36666666666666664,0.94,0.012790121991721392,0.01839438416820266,-0.006019497918394289,0.04281338612593331,0.028607412221236177,218,1
guidance_t4,legacy_guidance,0.02860730998714632,0.3980555555555555,0.6019444444444445,-0.2599730930871777,0.36666666666666664,0.94,0.012790036039581646,0.01839406763918651,-0.0060195601964508445,0.04281298315674029,0.02860730998714632,219,1
rich_guidance_t3_q75,rich_guidance_moments,-0.02844338324437246,0.15069444444444444,0.8493055555555555,-1.1458247467163696,0.11666666666666667,1.0,0.006920037008537588,0.009805230518974316,-0.03767188001173211,-0.011436442738952455,0.02844338324437246,220,-1
rich_score_t2_median,rich_score_moments,-0.028343995983851254,0.4297222222222222,0.5702777777777778,-0.18707105096393253,0.43333333333333335,0.834,0.019935633664164017,0.02610955816310917,-0.05440932778327783,0.02386315890901457,0.028343995983851254,221,-1
rich_latent_t0_var,rich_latent_typicality,0.02822965682722161,0.8227777777777778,0.8227777777777778,0.911653391131209,0.8333333333333334,1.0,0.00656080154814696,0.009542178995330813,0.013764927274259412,0.038731578468181524,0.02822965682722161,222,1
rich_latent_t1_var,rich_latent_typicality,0.02820985349601028,0.8225,0.8225,0.9116168072787346,0.8333333333333334,1.0,0.006564679476384186,0.009560551129515666,0.013733655142394415,0.03873211833106153,0.02820985349601028,223,1
rich_latent_t0_rms,rich_latent_typicality,0.02798914718786826,0.8641666666666667,0.8641666666666667,1.102149384952281,0.85,1.0,0.004851990582339638,0.0072336403097759926,0.017205839893242966,0.03489127695716623,0.02798914718786826,224,1
rich_score_change_middle,rich_score_dynamics,-0.027972283069297884,0.21277777777777776,0.7872222222222223,-0.9966665086187807,0.13333333333333333,1.0,0.008013243833949366,0.011733350885683658,-0.037324044522301196,-0.0086538345187548,0.027972283069297884,225,-1
rich_latent_t1_rms,rich_latent_typicality,0.02797162765839982,0.8641666666666667,0.8641666666666667,1.1020456028307841,0.85,1.0,0.004852956183092544,0.0072383912916342205,0.017195699433937842,0.034880972108688284,0.02797162765839982,226,1
rich_score_relchange_t4,rich_score_dynamics,0.027524310633117926,0.6097222222222222,0.6097222222222222,0.3107890680990036,0.5666666666666667,0.99,0.009471690832161078,0.013694865221361756,0.002383435590129117,0.03867972581523713,0.027524310633117926,227,1
rich_score_relchange_late,rich_score_dynamics,0.027524310633117926,0.6097222222222222,0.6097222222222222,0.3107890680990036,0.5666666666666667,0.99,0.009471690832161078,0.013694865221361756,0.002383435590129117,0.03867972581523713,0.027524310633117926,227,1
rich_score_secondchange_t1,rich_score_dynamics,0.027501797686680762,0.35333333333333333,0.6466666666666667,-0.3386888955141378,0.36666666666666664,0.972,0.009876677874343067,0.01348789942940672,-0.0005663076134826506,0.0378340090440039,0.027501797686680762,229,1
rich_uncond_dz_align_slope,rich_alignment,-0.027488420868543022,0.11333333333333336,0.8866666666666666,-1.1038044798961606,0.1,1.0,0.005249532456026555,0.007344468334263391,-0.03687600380626523,-0.016959455775659802,0.027488420868543022,230,-1
rich_latent_step_t5,rich_latent_geometry,0.02743526088669049,0.8875,0.8875,1.3200243916596321,0.8666666666666667,1.0,0.0041269391988694535,0.005683297062298642,0.017910553329211196,0.03460632781759558,0.02743526088669049,231,1
rich_cond_dz_align_slope,rich_alignment,-0.027362013838974603,0.1166666666666667,0.8833333333333333,-1.1004594818082385,0.1,1.0,0.005767207541518761,0.00850306263631562,-0.03713678033035826,-0.016067983982944744,0.027362013838974603,232,-1
rich_guidance_dz_align_t1,rich_alignment,-0.0273224674878341,0.40555555555555556,0.5944444444444444,-0.25932689692605654,0.4166666666666667,0.924,0.014600236732189596,0.019156979041917828,-0.04923185788377281,0.007115964879701422,0.0273224674878341,233,-1
acceleration_abs_mean,legacy_geometry,0.02719806984443998,0.45805555555555555,0.5419444444444445,-0.10539729110250198,0.43333333333333335,0.994,0.008516754107040898,0.011823698726221417,0.006395232105414962,0.03960249388417495,0.02719806984443998,234,1
rich_score_change_std,rich_score_dynamics,0.027037125825452393,0.7094444444444444,0.7094444444444444,0.7511159665324483,0.7666666666666667,1.0,0.006745968073827775,0.009134436423320971,0.011216581420229011,0.03704928744319504,0.027037125825452393,235,1
rich_score_t3_fft_mid,rich_score_fft,0.026867893766736758,0.6997222222222222,0.6997222222222222,0.5045272712696983,0.65,0.99,0.013999382492225196,0.020148441856142472,0.006589685914978354,0.05708211872567629,0.026867893766736758,236,1
rich_score_crosscos_1_4,rich_crosstime,0.026854407373756585,0.7602777777777777,0.7602777777777777,0.9252081928471882,0.8333333333333334,0.998,0.008717943701155166,0.012403612114236153,0.006159522941696084,0.03862449491317841,0.026854407373756585,237,1
rich_score_t4_var,rich_score_moments,-0.02681945942518205,0.18694444444444447,0.8130555555555555,-0.9713114641799911,0.15,1.0,0.005373297977189557,0.007331250839083599,-0.03419261430309221,-0.01304809248613164,0.02681945942518205,238,-1
eps_t4,legacy_noise,-0.026720307441797552,0.18722222222222223,0.8127777777777778,-0.9639652189982942,0.15,1.0,0.005504341461104823,0.007517141259042251,-0.03398437583929465,-0.012750285759755122,0.026720307441797552,239,-1
rich_score_t4_rms,rich_score_moments,-0.026720269462664238,0.18722222222222223,0.8127777777777778,-0.9639651279670989,0.15,1.0,0.005504341265804919,0.007517131247764618,-0.0339843485622632,-0.01275025569640657,0.026720269462664238,240,-1
rich_score_norm_t4,rich_score_dynamics,-0.026720269462664238,0.18722222222222223,0.8127777777777778,-0.9639651279670989,0.15,1.0,0.005504341265804919,0.007517131247764618,-0.0339843485622632,-0.01275025569640657,0.026720269462664238,240,-1
rich_uncond_dz_align_std,rich_alignment,0.026558471427181495,0.8897222222222223,0.8897222222222223,1.1125749407368917,0.8833333333333333,1.0,0.004942938574086544,0.007045494282825825,0.017026731094456685,0.03518655569168046,0.026558471427181495,242,1
rich_score_t5_q95,rich_score_moments,-0.026555409384867737,0.22541666666666665,0.7745833333333334,-0.7972369389766074,0.2,0.95,0.011677013428250088,0.015618862222329328,-0.044247616744395764,0.0032771694221322926,0.026555409384867737,243,-1
rich_latent_t5_skew,rich_latent_typicality,-0.02639746666415341,0.6144444444444445,0.6144444444444445,0.2757991003092598,0.6833333333333333,0.878,0.01457672514751097,0.021702829195035928,-0.043022042148539885,0.010725458292229078,0.02639746666415341,244,-1
rich_latent_t3_median,rich_latent_typicality,0.026137751413134788,0.7794444444444445,0.7794444444444445,0.8191685709860933,0.7833333333333333,0.986,0.010209167976175094,0.012638067679080784,0.002179228502096567,0.042504153495322515,0.026137751413134788,245,1
rich_dz_crosscos_1_5,rich_crosstime,0.025915235578601207,0.7611111111111111,0.7611111111111111,0.8739799916287162,0.8,0.994,0.008665585585585644,0.011840689127389859,0.0028258175562049298,0.03648840773084458,0.025915235578601207,246,1
rich_cond_dz_align_std,rich_alignment,0.025762600150283695,0.8883333333333333,0.8883333333333333,1.1137529164992812,0.9,1.0,0.005398471824905307,0.008070243790364067,0.01595242101254626,0.035482614241251806,0.025762600150283695,247,1
rich_score_t5_maxabs,rich_score_moments,0.02570957693916414,0.7116666666666667,0.7116666666666667,0.5357228435070404,0.7166666666666667,0.922,0.017613662737371485,0.023847368862762362,-0.013215769140625623,0.05780995731796566,0.02570957693916414,248,1
rich_latent_turn_cos_early,rich_latent_geometry,0.025576727568409497,0.6313888888888889,0.6313888888888889,0.2945280416707058,0.65,0.95,0.010116849885865893,0.014478678831663589,-0.0029567905472219153,0.035431765457688245,0.025576727568409497,249,1
eps_late,legacy_noise,-0.025548651454302754,0.18472222222222226,0.8152777777777778,-0.9956359769310996,0.18333333333333332,1.0,0.005780451864755897,0.008100336793222244,-0.03313817873990509,-0.011092482848541212,0.025548651454302754,250,-1
rich_score_norm_late,rich_score_dynamics,-0.02554863588916793,0.18472222222222226,0.8152777777777778,-0.9956358284029836,0.18333333333333332,1.0,0.005780453211517621,0.008100351770583332,-0.03313815872108175,-0.01109246341987937,0.02554863588916793,251,-1
rich_cond_uncond_cos_std,rich_alignment,-0.025483620118502266,0.18555555555555556,0.8144444444444444,-0.839110081218463,0.16666666666666666,0.944,0.013598505628871762,0.019834116553925744,-0.04641582305905108,0.004443950822176525,0.025483620118502266,252,-1
rich_score_t4_q75,rich_score_moments,-0.025408296630045027,0.11666666666666667,0.8833333333333333,-1.2898916328679255,0.1,1.0,0.007722711619876986,0.010785541119288249,-0.040349328140701746,-0.011472446019566106,0.025408296630045027,253,-1
rich_latent_t2_kurtosis,rich_latent_typicality,0.025220372403858386,0.6416666666666667,0.6416666666666667,0.2476979496150907,0.6833333333333333,0.968,0.013565794195972892,0.017520746079732138,-0.0009330922098801915,0.05100707253722661,0.025220372403858386,254,1
rich_uncond_dz_align_late,rich_alignment,-0.025026909170990746,0.11333333333333336,0.8866666666666666,-1.095659397651217,0.13333333333333333,1.0,0.00515573360848898,0.007667517427187586,-0.03431606321788747,-0.015188251104548696,0.025026909170990746,255,-1
rich_guidance_t2_maxabs,rich_guidance_moments,-0.024939508317496924,0.38500000000000006,0.615,-0.21870121032568504,0.38333333333333336,0.724,0.02704592851392074,0.04089842121373357,-0.0623373961432192,0.03659948921264569,0.024939508317496924,256,-1
rich_score_t5_nearzero,rich_score_moments,-0.024907417944983506,0.6997222222222222,0.6997222222222222,0.5355547463294816,0.6833333333333333,0.744,0.016182006012287475,0.021405340252427546,-0.042746830824405356,0.021035462006627335,0.024907417944983506,257,-1
rich_score_t4_skew,rich_score_moments,0.024716941357723166,0.705,0.705,0.5130315882577152,0.7,0.988,0.011113710953944974,0.015054651530157835,0.00350500907212622,0.04379393030652298,0.024716941357723166,258,1
rich_cond_dz_align_late,rich_alignment,-0.02471693929332296,0.11583333333333336,0.8841666666666667,-1.0975654982413345,0.08333333333333333,1.0,0.005557939089129878,0.008311154984092323,-0.03454935875708336,-0.01428839638319989,0.02471693929332296,259,-1
eps_std,legacy_noise,-0.024581396774937463,0.14777777777777779,0.8522222222222222,-1.1644993165564308,0.08333333333333333,1.0,0.002901122695175205,0.004068958505929289,-0.028520277414604465,-0.01739377252109574,0.024581396774937463,260,-1
rich_score_norm_std,rich_score_dynamics,-0.024581384366039943,0.14777777777777779,0.8522222222222222,-1.16449917974857,0.08333333333333333,1.0,0.0029011198051249313,0.00406894966958175,-0.028520267949880707,-0.017393762836807516,0.024581384366039943,261,-1
rich_cond_dz_orthfrac_t4,rich_alignment,0.024447354921977128,0.8977777777777778,0.8977777777777778,1.029132375606627,0.9166666666666666,1.0,0.004387273628466513,0.005856151671901826,0.015744912699521406,0.0327857129226046,0.024447354921977128,262,1
rich_cond_uncond_cos_t2,rich_alignment,0.024399416678283457,0.7661111111111112,0.7661111111111112,0.6540472628646935,0.8,0.9,0.015166178686829243,0.02532664978358971,-0.006003385409766028,0.04763846846244467,0.024399416678283457,263,1
rich_score_t5_var,rich_score_moments,-0.02437696951147465,0.18305555555555555,0.8169444444444445,-1.0292780470669531,0.18333333333333332,1.0,0.00607106982616525,0.008344074489237824,-0.03213651288875602,-0.009587135671397315,0.02437696951147465,264,-1
rich_latent_t2_rms,rich_latent_typicality,0.02435517536375911,0.8355555555555555,0.8355555555555555,0.974070981434709,0.8333333333333334,1.0,0.005332926752988126,0.008157530096901643,0.013774176908642414,0.033517737211363335,0.02435517536375911,265,1
rich_score_t5_rms,rich_score_moments,-0.02414237931835366,0.18305555555555555,0.8169444444444445,-1.0209762927896042,0.18333333333333332,1.0,0.00618378919505408,0.008580915913917513,-0.031941655774794964,-0.00909898406737522,0.02414237931835366,266,-1
rich_score_norm_max,rich_score_dynamics,-0.02414237931835366,0.18305555555555555,0.8169444444444445,-1.0209762927896042,0.18333333333333332,1.0,0.00618378919505408,0.008580915913917513,-0.031941655774794964,-0.00909898406737522,0.02414237931835366,266,-1
rich_score_norm_t5,rich_score_dynamics,-0.02414237931835366,0.18305555555555555,0.8169444444444445,-1.0209762927896042,0.18333333333333332,1.0,0.00618378919505408,0.008580915913917513,-0.031941655774794964,-0.00909898406737522,0.02414237931835366,266,-1
eps_t5,legacy_noise,-0.024142371075550225,0.18305555555555555,0.8169444444444445,-1.0209764746719086,0.18333333333333332,1.0,0.006183788276281567,0.008580893128430276,-0.031941648149115716,-0.009098993683822868,0.024142371075550225,269,-1
eps_max,legacy_noise,-0.024142371075550225,0.18305555555555555,0.8169444444444445,-1.0209764746719086,0.18333333333333332,1.0,0.006183788276281567,0.008580893128430276,-0.031941648149115716,-0.009098993683822868,0.024142371075550225,269,-1
rich_latent_turn_angle_t3,rich_latent_geometry,-0.02412119063687385,0.17888888888888888,0.8211111111111111,-1.197528257274835,0.06666666666666667,0.992,0.008851872198234488,0.012690710595678823,-0.036331459914073355,-0.004335606506694472,0.02412119063687385,271,-1
rich_guidance_t0_q75,rich_guidance_moments,0.024044875612273763,0.5186111111111111,0.5186111111111111,-0.041417542809736745,0.5,0.894,0.014741310608916086,0.020956827479061045,-0.00706728291628235,0.04718343380944838,0.024044875612273763,272,1
rich_score_t3_median,rich_score_moments,-0.023980760365282305,0.44763888888888886,0.5523611111111111,-0.14860223841361325,0.38333333333333336,0.808,0.019168188615313927,0.024155361605882296,-0.048600069845158626,0.024389634565266768,0.023980760365282305,273,-1
rich_score_crosscos_1_5,rich_crosstime,0.023970938099431453,0.7380555555555556,0.7380555555555556,0.7879677183887862,0.8333333333333334,0.988,0.009193150557759218,0.012624156409257861,0.001737214718999068,0.0371129436621847,0.023970938099431453,274,1
rich_latent_t3_q25,rich_latent_typicality,0.02389913845163148,0.7431944444444445,0.7431944444444445,0.6583489557827416,0.75,0.988,0.00838485280666299,0.011113095189373833,0.004679561384345573,0.037776206882943794,0.02389913845163148,275,1
pixel_roundtrip_mse,roundtrip,-0.023879554957115124,0.34222222222222226,0.6577777777777778,-0.4069833921578389,0.3333333333333333,0.816,0.022585023872646975,0.03212660508841493,-0.06926991830177458,0.019495233727835626,0.023879554957115124,276,-1
rich_latent_t2_var,rich_latent_typicality,0.023864519945803665,0.7816666666666667,0.7816666666666667,0.7795371713666471,0.8,1.0,0.0068668736005927065,0.00950960432159453,0.010034102280680092,0.035744845261692894,0.023864519945803665,277,1
rich_uncond_dz_align_min,rich_alignment,-0.023755002058928824,0.1427777777777778,0.8572222222222222,-1.0171727530794001,0.13333333333333333,1.0,0.005210131621933262,0.007671391116930579,-0.03372792078688782,-0.013842681851183604,0.023755002058928824,278,-1
rich_guidance_cond_align_t0,rich_alignment,0.023591986902605992,0.5263888888888889,0.5263888888888889,0.06636542821599417,0.5,0.872,0.012826401571662503,0.017783306259408688,-0.006294344181120219,0.041449890536375086,0.023591986902605992,279,1
rich_guidance_dz_align_min,rich_alignment,0.023287062270286898,0.5441666666666667,0.5441666666666667,0.15094378525609178,0.5166666666666667,0.86,0.01786838457646885,0.024201951573925694,-0.019272640388833653,0.050771728163305455,0.023287062270286898,280,1
rich_guidance_t4_q05,rich_guidance_moments,-0.023270318438320038,0.6536111111111111,0.6536111111111111,0.43038233962116,0.7,0.866,0.012709428033493729,0.01707460838935887,-0.03784709860152603,0.01062412275935829,0.023270318438320038,281,-1
rich_score_t4_mean,rich_score_moments,0.023247795974680466,0.7133333333333334,0.7133333333333334,0.5626608371058985,0.6666666666666666,0.976,0.015102117325462159,0.021373532619587222,0.0006853936022680978,0.0579052926026458,0.023247795974680466,282,1
rich_score_relchange_auc,rich_score_dynamics,-0.023218759522443542,0.1313888888888889,0.8686111111111111,-1.1450305767064801,0.08333333333333333,1.0,0.0035379251386492457,0.00484063206760452,-0.02922709848737446,-0.015183383695016393,0.023218759522443542,283,-1
rich_score_t0_absmean,rich_score_moments,0.023206316100435425,0.8694444444444444,0.8694444444444444,1.2136714679359064,0.9,1.0,0.006798963825094069,0.0090063597875547,0.009901864928088096,0.03726677677139976,0.023206316100435425,284,1
rich_guidance_t0_absmean,rich_guidance_moments,0.02319870403690352,0.5108333333333334,0.5108333333333334,-0.05894894170743994,0.5166666666666667,0.866,0.015430223496739944,0.021524021111858138,-0.009383791569430793,0.04631283393740623,0.02319870403690352,285,1
rich_latent_t2_q75,rich_latent_typicality,0.023069992106565657,0.8279166666666666,0.8279166666666666,0.8797029799746371,0.8166666666666667,0.99,0.008749482320982289,0.01229238655781198,0.0011320576199273502,0.036747249984583626,0.023069992106565657,286,1
rich_guidance_dz_align_t0,rich_alignment,0.022886078697316146,0.5227777777777778,0.5227777777777778,0.0637086889760561,0.5,0.87,0.012890148040603193,0.017679481015261442,-0.006996902730586246,0.041044743297991085,0.022886078697316146,287,1
rich_latent_t0_absmean,rich_latent_typicality,0.022868842173080862,0.8330555555555555,0.8330555555555555,0.9308009353758752,0.8333333333333334,1.0,0.0052099360810915415,0.007303131562751822,0.010419209467324305,0.03073433556603992,0.022868842173080862,288,1
rich_cond_uncond_normratio_slope,rich_alignment,-0.02283702883199083,0.4305555555555556,0.5694444444444444,-0.18802939673238458,0.43333333333333335,0.904,0.012637986620316462,0.017728147740895015,-0.040982456540100506,0.005770286424855432,0.02283702883199083,289,-1
rich_cond_uncond_cos_slope,rich_alignment,-0.022836762707770148,0.27805555555555556,0.7219444444444445,-0.5861289072204361,0.21666666666666667,0.972,0.009705445215340454,0.013220635322705994,-0.03749714998948315,5.698604301189342e-05,0.022836762707770148,290,-1
rich_latent_t1_absmean,rich_latent_typicality,0.02283430102791111,0.8327777777777777,0.8327777777777777,0.9308038177456587,0.8333333333333334,1.0,0.00520980318913369,0.0072825572674031815,0.010406927413430302,0.03069763579650822,0.02283430102791111,291,1
rich_latent_turn_angle_late,rich_latent_geometry,0.022649691015710575,0.3077777777777778,0.6922222222222222,-0.6320215241495865,0.23333333333333334,0.958,0.008974131092513785,0.0122283389306094,-0.0020956744311080187,0.0315881120348803,0.022649691015710575,292,1
rich_latent_turn_angle_t4,rich_latent_geometry,0.022649691015710575,0.3077777777777778,0.6922222222222222,-0.6320215241495865,0.23333333333333334,0.958,0.008974131092513785,0.0122283389306094,-0.0020956744311080187,0.0315881120348803,0.022649691015710575,292,1
rich_score_angle_slope,rich_score_dynamics,0.02243957949564737,0.5666666666666667,0.5666666666666667,0.17657334935850055,0.5833333333333334,0.976,0.009926383299651679,0.01283497361240341,0.0001886796880829241,0.037805751009842216,0.02243957949564737,294,1
rich_cond_dz_align_min,rich_alignment,-0.022156336353728823,0.14833333333333337,0.8516666666666666,-1.0177416181433623,0.13333333333333333,1.0,0.005780342473558013,0.008617193618316293,-0.033399653032448864,-0.011734328566217722,0.022156336353728823,295,-1
rich_guidance_t3_maxabs,rich_guidance_moments,0.02210814829023753,0.3320833333333334,0.6679166666666666,-0.5208076590659524,0.31666666666666665,0.848,0.014987675573277624,0.021354232477457484,-0.012241075769436517,0.04460567913145765,0.02210814829023753,296,1
rich_guidance_t4_kurtosis,rich_guidance_moments,0.022097717152296196,0.798611111111111,0.798611111111111,0.6172547798798864,0.8833333333333333,0.984,0.01119201057760789,0.014811237661839123,0.001531355089364836,0.0457965399207737,0.022097717152296196,297,1
rich_score_t3_q95,rich_score_moments,-0.022096809119728663,0.28875,0.7112499999999999,-0.5944111916662383,0.26666666666666666,0.974,0.009010649815392157,0.012380867296415401,-0.03555679329687529,-1.1609034948452894e-05,0.022096809119728663,298,-1
rich_score_t1_skew,rich_score_moments,0.02209639322267513,0.6394444444444445,0.6394444444444445,0.34187361898607066,0.65,0.868,0.014309873117368904,0.01989774067951129,-0.01117774628553085,0.044495506306362356,0.02209639322267513,299,1
rich_score_norm_middle,rich_score_dynamics,0.022021208598786413,0.33916666666666667,0.6608333333333334,-0.4334709112803029,0.36666666666666664,0.992,0.006583380380413142,0.008476961711040855,0.0021081981213266375,0.027418537911262742,0.022021208598786413,300,1
eps_median,legacy_noise,0.02202114989146444,0.33916666666666667,0.6608333333333334,-0.43347110582483717,0.36666666666666664,0.992,0.006583381076289448,0.00847692823112781,0.002108173677924552,0.02741853112871573,0.02202114989146444,301,1
eps_middle,legacy_noise,0.02202114989146444,0.33916666666666667,0.6608333333333334,-0.43347110582483717,0.36666666666666664,0.992,0.006583381076289448,0.00847692823112781,0.002108173677924552,0.02741853112871573,0.02202114989146444,301,1
rich_score_t1_absmean,rich_score_moments,0.02201191054901959,0.4075,0.5925,-0.2763688213645804,0.43333333333333335,0.968,0.008140241031150078,0.010829401381301777,-0.0011173620155423259,0.0311974887496145,0.02201191054901959,303,1
rich_score_crosscos_1_3,rich_crosstime,0.02192783331279707,0.7700000000000001,0.7700000000000001,0.8530214585731298,0.8166666666666667,0.996,0.008446222077702025,0.011445755617957793,0.00319291674726822,0.03678803688960784,0.02192783331279707,304,1
rich_guidance_t1_q25,rich_guidance_moments,0.02192010895433319,0.8351388888888889,0.8351388888888889,1.0285112189776673,0.8333333333333334,1.0,0.007214989567247434,0.010419345020937627,0.007370284282507592,0.034568380224724526,0.02192010895433319,305,1
rich_guidance_t1_q75,rich_guidance_moments,-0.021904347599594445,0.17375,0.82625,-1.0139861628477893,0.18333333333333332,0.998,0.007792120994417742,0.011525236413817036,-0.03468290700062722,-0.0047065163294010125,0.021904347599594445,306,-1
rich_score_secondchange_slope,rich_score_dynamics,-0.02180931103456137,0.3158333333333333,0.6841666666666667,-0.576569423794231,0.2833333333333333,0.972,0.009046197672397251,0.012124457992506858,-0.03519623766997978,0.00011590079920963494,0.02180931103456137,307,-1
rich_latent_t4_maxabs,rich_latent_typicality,0.021662626779018222,0.69625,0.69625,0.5036860571097488,0.6833333333333333,0.918,0.014047434916280742,0.017575525607675543,-0.010004950984250225,0.04818119440896582,0.021662626779018222,308,1
guidance_std,legacy_guidance,-0.02164771933089056,0.22333333333333336,0.7766666666666666,-0.9550778857731692,0.23333333333333334,0.988,0.008845187091148303,0.0130648646338445,-0.03577101592604019,-0.0022523743313915146,0.02164771933089056,309,-1
rich_guidance_t5_q05,rich_guidance_moments,-0.02164016234911104,0.365,0.635,-0.2899959106049314,0.31666666666666665,0.864,0.016292401967055503,0.022349836488901313,-0.050999387977157515,0.012551800920124798,0.02164016234911104,310,-1
endpoint_var,endpoint,-0.02132870605686116,0.2127777777777778,0.7872222222222223,-0.914933468935942,0.21666666666666667,1.0,0.005171715633259031,0.0073540485330420916,-0.027659938110235777,-0.008744552876142495,0.02132870605686116,311,-1
rich_score_t0_channel_cv,rich_score_spatial,0.021290478456063137,0.495,0.505,-0.011094001346657048,0.45,0.804,0.017235194702794,0.02529298012871699,-0.017449828424223154,0.0469195084286279,0.021290478456063137,312,1
rich_cond_uncond_cos_min,rich_alignment,0.02124132420826664,0.7955555555555556,0.7955555555555556,0.8485540467794243,0.7666666666666667,0.892,0.013028065131893729,0.0196338335051499,-0.00643729020738733,0.04150699372399364,0.02124132420826664,313,1
endpoint_norm_per_dim,endpoint,-0.021236295788429643,0.2177777777777778,0.7822222222222222,-0.8883663348267319,0.23333333333333334,1.0,0.005499455803535249,0.007885715144513437,-0.028088206262248585,-0.007490728820343358,0.021236295788429643,314,-1
rich_guidance_t5_median,rich_guidance_moments,0.021166777725568162,0.6652777777777779,0.6652777777777779,0.36178046293639393,0.6,0.914,0.021760619149370188,0.028996807734676576,-0.012686265446978403,0.07164829617999169,0.021166777725568162,315,1
rich_latent_turn_cos_max,rich_latent_geometry,-0.021084661573065995,0.7533333333333334,0.7533333333333334,0.8756425006360177,0.75,0.974,0.006815190582474289,0.009407440148479777,-0.02614094881735749,4.8665896721582604e-05,0.021084661573065995,316,-1
rich_guidance_t0_rms,rich_guidance_moments,0.021021099220871208,0.5066666666666666,0.5066666666666666,-0.0683075439415612,0.5,0.85,0.015831477698474542,0.02223372171935328,-0.013057101721353841,0.045414872877220146,0.021021099220871208,317,1
guidance_t0,legacy_guidance,0.02102077346490054,0.5066666666666666,0.5066666666666666,-0.06830948603945795,0.5,0.85,0.015831413449784115,0.02223317831389445,-0.013057332761011571,0.04541477591239538,0.02102077346490054,318,1
rich_score_t4_q05,rich_score_moments,0.020956725300363903,0.8222222222222223,0.8222222222222223,1.0033974351734842,0.8666666666666667,0.996,0.007091704079397837,0.009699324814357717,0.007001938153002063,0.03382328284363344,0.020956725300363903,319,1
rich_guidance_dz_align_t4,rich_alignment,-0.02095457863625757,0.43527777777777776,0.5647222222222222,-0.12877603429893536,0.45,0.726,0.018956488936901102,0.025491256823355884,-0.05137597056921957,0.024430932692069196,0.02095457863625757,320,-1
rich_latent_turn_angle_min,rich_latent_geometry,0.02095327627026868,0.24666666666666667,0.7533333333333333,-0.8931497015286229,0.25,0.972,0.006820837053054891,0.009998985164957152,-0.00023434954355007812,0.025327676270220954,0.02095327627026868,321,1
rich_latent_t3_rms,rich_latent_typicality,0.02080824452226533,0.7630555555555556,0.7630555555555556,0.7304032985917528,0.7666666666666667,0.998,0.006325729885929669,0.009444519530190619,0.009343824816366416,0.03271393134378623,0.02080824452226533,322,1
rich_guidance_t0_q05,rich_guidance_moments,-0.0208017478026437,0.4941666666666667,0.5058333333333334,0.06868029721285714,0.48333333333333334,0.848,0.015228213412576755,0.02075963991464943,-0.044130586542100794,0.011813918725523117,0.0208017478026437,323,-1
guidance_slope,legacy_guidance,0.020672779906502303,0.6280555555555556,0.6280555555555556,0.3507301322524488,0.6666666666666666,0.88,0.014395221148243646,0.020043158748218753,-0.008842152468577641,0.04770570777118708,0.020672779906502303,324,1
rich_score_change_slope,rich_score_dynamics,-0.02065907422580691,0.4113888888888889,0.5886111111111111,-0.2794804179862562,0.36666666666666664,0.992,0.006252272143046397,0.008304487912820319,-0.028225460934385875,-0.003939707292008905,0.02065907422580691,325,-1
rich_guidance_dz_align_late,rich_alignment,-0.020584719884647853,0.5,0.5,-0.025244270574663184,0.5,0.814,0.01745205500705258,0.022742415914388917,-0.051891242539827236,0.018848409603357007,0.020584719884647853,326,-1
rich_guidance_t3_absmean,rich_guidance_moments,-0.020401330730430416,0.1677777777777778,0.8322222222222222,-1.1293885440581988,0.08333333333333333,1.0,0.007027567927782068,0.009584944950384474,-0.03260933407399448,-0.004910664732396842,0.020401330730430416,327,-1
eps_first_last,legacy_noise,-0.020170550881647372,0.1547222222222222,0.8452777777777778,-1.1254309444816166,0.1,1.0,0.0030197571151716557,0.00438972833818034,-0.02554406746346456,-0.013523678216940657,0.020170550881647372,328,-1
rich_cond_dz_orthfrac_late,rich_alignment,0.020164107519891967,0.8875000000000001,0.8875000000000001,1.0251380805027377,0.9166666666666666,1.0,0.0040572919688501565,0.005649255058882759,0.013366096264445263,0.02857677980904066,0.020164107519891967,329,1
rich_score_t0_q05,rich_score_moments,-0.020131064863699526,0.14666666666666667,0.8533333333333333,-1.1224393322733952,0.16666666666666666,1.0,0.007224416760127982,0.010047811137421333,-0.03331822620426735,-0.005739647212004321,0.020131064863699526,330,-1
rich_latent_t5_median,rich_latent_typicality,0.019863737100140142,0.7381944444444444,0.7381944444444444,0.6999584283357119,0.7833333333333333,0.982,0.007651642908638506,0.010121475034556756,0.0009646917928195209,0.03133269139371226,0.019863737100140142,331,1
rich_latent_t4_median,rich_latent_typicality,0.019841427183321353,0.7605555555555555,0.7605555555555555,0.7560940270990195,0.7833333333333333,0.972,0.008935288054774195,0.01145585199677638,-0.0005985442947643813,0.03364374980868294,0.019841427183321353,332,1
rich_latent_t5_q75,rich_latent_typicality,-0.019797395866935005,0.4966666666666667,0.5033333333333333,-0.017336075777222074,0.4666666666666667,0.954,0.009917588611731044,0.01430456156231421,-0.034157530197159384,0.003777288389362121,0.019797395866935005,333,-1
rich_score_t1_fft_entropy,rich_score_fft,-0.019653968733638796,0.39583333333333337,0.6041666666666666,-0.19775440697923466,0.4,0.738,0.01826458439075207,0.025442405783184067,-0.04845221236764795,0.022566285962067764,0.019653968733638796,334,-1
rich_score_t4_maxabs,rich_score_moments,0.019385554003135026,0.72875,0.72875,0.5768265544318597,0.7666666666666667,0.93,0.016089573958341295,0.021459367654189168,-0.012855019881373284,0.05250751470010942,0.019385554003135026,335,1
rich_latent_t3_var,rich_latent_typicality,0.01936055682247206,0.6947222222222222,0.6947222222222222,0.5355729711726476,0.7166666666666667,0.996,0.007322707693971038,0.010291457880810153,0.005544816664496875,0.033174883960118064,0.01936055682247206,336,1
rich_guidance_t2_var,rich_guidance_moments,-0.019238127391263703,0.23305555555555557,0.7669444444444444,-0.6675365796026659,0.2,0.858,0.01301882759325918,0.021306140416201904,-0.040489650936070105,0.0060741309905036145,0.019238127391263703,337,-1
rich_dz_crosscos_4_5,rich_crosstime,-0.019143553679982557,0.6922222222222222,0.6922222222222222,0.5809116713634366,0.7666666666666667,0.948,0.009143792493011688,0.012954143982714918,-0.03089485517843968,0.0037264117977564384,0.019143553679982557,338,-1
rich_latent_turn_cos_t4,rich_latent_geometry,-0.019143553679982557,0.6922222222222222,0.6922222222222222,0.5809116713634366,0.7666666666666667,0.948,0.009143792493011688,0.012954143982714918,-0.03089485517843968,0.0037264117977564384,0.019143553679982557,338,-1
rich_latent_turn_cos_late,rich_latent_geometry,-0.019143553679982557,0.6922222222222222,0.6922222222222222,0.5809116713634366,0.7666666666666667,0.948,0.009143792493011688,0.012954143982714918,-0.03089485517843968,0.0037264117977564384,0.019143553679982557,338,-1
rich_score_t5_fft_mid,rich_score_fft,0.01913314966846713,0.6811111111111111,0.6811111111111111,0.47267626678664043,0.6833333333333333,0.95,0.014648590491038727,0.02045344756553557,-0.0045350260315440245,0.05043938738587136,0.01913314966846713,341,1
rich_guidance_t0_q95,rich_guidance_moments,0.019102201219728637,0.5044444444444445,0.5044444444444445,-0.0741743213211342,0.48333333333333334,0.84,0.015556492237591483,0.02033656313939155,-0.014422060678430562,0.04367871925949622,0.019102201219728637,342,1
rich_score_secondchange_max,rich_score_dynamics,0.01905169019482109,0.6255555555555556,0.6255555555555556,0.3489556025031295,0.6833333333333333,0.96,0.010937796749830387,0.01468664726458783,-0.0017664135968395017,0.04183780809700932,0.01905169019482109,343,1
rich_score_secondchange_t0,rich_score_dynamics,0.01905169019482109,0.6255555555555556,0.6255555555555556,0.3489556025031295,0.6833333333333333,0.96,0.010937796749830387,0.01468664726458783,-0.0017664135968395017,0.04183780809700932,0.01905169019482109,343,1
rich_cond_dz_align_t5,rich_alignment,-0.018969463399859447,0.15722222222222224,0.8427777777777777,-0.9904238783711196,0.13333333333333333,1.0,0.005730920307579707,0.008289413534470986,-0.03067986889242015,-0.008507406386300846,0.018969463399859447,345,-1
rich_score_t1_q75,rich_score_moments,0.01895186680142929,0.26055555555555554,0.7394444444444445,-0.6442373360368796,0.21666666666666667,0.81,0.012104465921249984,0.016165752573498213,-0.012521419072261756,0.03512454198410886,0.01895186680142929,346,1
rich_guidance_dz_align_max,rich_alignment,0.018876055808699086,0.3883333333333333,0.6116666666666667,-0.33824770258840786,0.36666666666666664,0.668,0.016890949197018224,0.024110460690907214,-0.027098091067816535,0.04014232602151475,0.018876055808699086,347,1
rich_latent_turn_cos_t3,rich_latent_geometry,0.01884684985764163,0.8211111111111111,0.8211111111111111,1.051746907132075,0.9333333333333333,0.988,0.007467238036681331,0.010250688563595463,0.0033460906055187735,0.0308114880495913,0.01884684985764163,348,1
rich_dz_crosscos_3_4,rich_crosstime,0.01884684985764163,0.8211111111111111,0.8211111111111111,1.051746907132075,0.9333333333333333,0.988,0.007467238036681331,0.010250688563595463,0.0033460906055187735,0.0308114880495913,0.01884684985764163,348,1
rich_guidance_dz_orthfrac_t4,rich_alignment,-0.018810082200269557,0.5700000000000001,0.5700000000000001,0.1670160686461412,0.5666666666666667,0.656,0.024736129384237547,0.036533760508137496,-0.04600373204273009,0.042769586520533004,0.018810082200269557,350,-1
rich_latent_step_slope,rich_latent_geometry,0.01871039881818891,0.8702777777777777,0.8702777777777777,1.2130136919125263,0.8333333333333334,1.0,0.004493762310613161,0.006078199095302803,0.010599686011689638,0.02786627994388966,0.01871039881818891,351,1
rich_score_t0_nearzero,rich_score_moments,-0.018701435936108343,0.1626388888888889,0.8373611111111111,-1.1744610154827393,0.1,0.916,0.01293905698672868,0.0179454386446906,-0.0435953340853646,0.006437520442378437,0.018701435936108343,352,-1
rich_cond_uncond_cos_middle,rich_alignment,0.01863596586068937,0.8133333333333334,0.8133333333333334,0.9487216072892977,0.8666666666666667,0.946,0.010988514374428672,0.017313367116908278,-0.001661224178640062,0.037018388835570556,0.01863596586068937,353,1
rich_guidance_t5_absmean,rich_guidance_moments,0.018557051362154024,0.6088888888888889,0.6088888888888889,0.2391931666532146,0.5666666666666667,0.888,0.013624657737420156,0.019125256351388443,-0.00900645006783316,0.043313130897377886,0.018557051362154024,354,1
rich_score_t0_channel_pr,rich_score_spatial,-0.018455010672172718,0.5049999999999999,0.5049999999999999,0.005121447222226495,0.55,0.842,0.014077581833588603,0.020264244935177395,-0.03925333408917594,0.013737606586262906,0.018455010672172718,355,-1
rich_cond_uncond_normratio_t3,rich_alignment,0.0184105236139248,0.5586111111111112,0.5586111111111112,-0.02373201160061177,0.5166666666666667,0.82,0.01406698484641194,0.018888675737257013,-0.01250931164600246,0.041195478870020244,0.0184105236139248,356,1
rich_cond_uncond_normratio_t1,rich_alignment,-0.018298097164194643,0.5172222222222222,0.5172222222222222,-0.025350993900633924,0.48333333333333334,0.822,0.01495420420350207,0.020415516076857553,-0.04242446256878645,0.014807587408684665,0.018298097164194643,357,-1
rich_score_t3_channel_cv,rich_score_spatial,-0.018166209579150612,0.5588888888888888,0.5588888888888888,0.11070876796256472,0.5666666666666667,0.954,0.010697315165889485,0.014729496314939214,-0.040360184351938076,0.0022663577567308166,0.018166209579150612,358,-1
rich_guidance_t5_q25,rich_guidance_moments,-0.01815073012412566,0.5058333333333334,0.5058333333333334,0.09690577369768352,0.48333333333333334,0.726,0.01797619081160959,0.023071081080491898,-0.04696248309068156,0.025615584108132573,0.01815073012412566,359,-1
rich_latent_t2_q05,rich_latent_typicality,-0.01808902919952762,0.5472222222222222,0.5472222222222222,0.08076478500976345,0.55,0.982,0.008408370967835437,0.011915567998884874,-0.03381607139901852,-0.001328265062348291,0.01808902919952762,360,-1
rich_latent_turn_angle_middle,rich_latent_geometry,-0.01802896061116169,0.1622222222222222,0.8377777777777777,-1.2251649217279645,0.1,1.0,0.005930404010121323,0.008707464153735881,-0.02730839490440985,-0.005246463552788141,0.01802896061116169,361,-1
rich_guidance_t2_absmean,rich_guidance_moments,-0.018019293262735405,0.1963888888888889,0.803611111111111,-0.9392853986234162,0.18333333333333332,0.946,0.010741806127324163,0.016004026676255695,-0.03723263540495161,0.002445950045864302,0.018019293262735405,362,-1
rich_uncond_dz_align_t2,rich_alignment,0.0179653396504168,0.20305555555555554,0.7969444444444445,-0.8310301297593842,0.23333333333333334,0.86,0.008242631346519725,0.011591901285926442,-0.008623079421502004,0.02504628367816094,0.0179653396504168,363,1
rich_latent_path_straightness,rich_latent_geometry,0.017558892494515973,0.8236111111111111,0.8236111111111111,1.1337037381069435,0.85,1.0,0.005462156140646496,0.007427638739128323,0.00457640291512445,0.02598044303804941,0.017558892494515973,364,1
rich_guidance_t2_nearzero,rich_guidance_moments,0.017545519225458047,0.8315277777777779,0.8315277777777779,1.058523788368924,0.85,0.986,0.01026749415358133,0.014157608248232026,0.001069482110776515,0.03902089426521413,0.017545519225458047,365,1
endpoint_mean,endpoint,0.017533097041078527,0.7744444444444444,0.7744444444444444,0.7673551207400419,0.8,0.98,0.007926325856022034,0.009735432282748297,0.0007017623151088158,0.03314226577971893,0.017533097041078527,366,1
rich_latent_accel_slope,rich_latent_geometry,-0.017379363416595402,0.36861111111111117,0.6313888888888888,-0.44703940269314363,0.36666666666666664,0.96,0.007243849954539017,0.009479637144259312,-0.027442565097501363,0.0013806449776294857,0.017379363416595402,367,-1
rich_guidance_t5_rms,rich_guidance_moments,0.01737282344934351,0.6738888888888889,0.6738888888888889,0.4221498419360453,0.7166666666666667,0.902,0.01246531403395171,0.015703921859887074,-0.007092339214202837,0.04119407785664845,0.01737282344934351,368,1
guidance_t5,legacy_guidance,0.017372129576319978,0.6738888888888889,0.6738888888888889,0.42214724257449454,0.7166666666666667,0.902,0.012465496961356617,0.015703988355164178,-0.007093422735090259,0.04119427750874659,0.017372129576319978,369,1
rich_score_t3_channel_pr,rich_score_spatial,0.017273582810206013,0.4411111111111112,0.5588888888888888,-0.09176323109510821,0.43333333333333335,0.88,0.013952037828567968,0.019878244107903384,-0.009260310991255889,0.043004078167764706,0.017273582810206013,370,1
rich_score_t5_skew,rich_score_moments,0.017201524296448743,0.6844444444444445,0.6844444444444445,0.4677547116014483,0.7166666666666667,0.932,0.01168384554440484,0.01566637316212012,-0.004866194788727746,0.03976832911489749,0.017201524296448743,371,1
rich_score_t1_q95,rich_score_moments,0.017129193594238135,0.48916666666666675,0.5108333333333333,-0.04969174805709406,0.4666666666666667,0.914,0.009659403895224683,0.013276824720819765,-0.00683141563073586,0.029856997711998495,0.017129193594238135,372,1
rich_uncond_dz_align_t5,rich_alignment,-0.017113333894120078,0.15500000000000003,0.845,-0.9908013555662843,0.13333333333333333,1.0,0.005455538491802953,0.007210397971049175,-0.02850599585701429,-0.0074264202870737315,0.017113333894120078,373,-1
rich_latent_t5_q95,rich_latent_typicality,-0.017040909590400298,0.5362499999999999,0.5362499999999999,0.08750051199723125,0.55,0.742,0.014774854926690352,0.02101146758381756,-0.03719660974860202,0.01770408764883907,0.017040909590400298,374,-1
rich_score_t2_absmean,rich_score_moments,0.017003607412354464,0.27999999999999997,0.72,-0.5931154005405921,0.26666666666666666,0.896,0.0075321683465553214,0.009943804954498694,-0.004891350026654707,0.02423365784918728,0.017003607412354464,375,1
rich_score_t0_q95,rich_score_moments,0.016997079341146217,0.8504166666666666,0.8504166666666666,1.1183791540376304,0.8833333333333333,0.99,0.007483960358659748,0.010061733701963112,0.003593053127868147,0.03299742820261702,0.016997079341146217,376,1
rich_guidance_cond_align_t2,rich_alignment,-0.01697128563335353,0.4197222222222222,0.5802777777777778,-0.2810926049866081,0.36666666666666664,0.84,0.0143623280311787,0.019588223257059334,-0.04286408146727411,0.013031072713830758,0.01697128563335353,377,-1
rich_latent_t3_q75,rich_latent_typicality,0.016841495559662384,0.7986111111111112,0.7986111111111112,0.7676006698011562,0.8,0.952,0.008638944778998127,0.012339695244087082,-0.0019183999622436674,0.033149667342139914,0.016841495559662384,378,1
rich_guidance_dz_orthfrac_t2,rich_alignment,0.016775009844294586,0.6194444444444445,0.6194444444444445,0.3563770828178916,0.6833333333333333,0.922,0.011558328390499297,0.016420243419934994,-0.005573039107667191,0.03829578956504343,0.016775009844294586,379,1
rich_cond_dz_orthfrac_std,rich_alignment,0.016644524964324506,0.8536111111111111,0.8536111111111111,0.9543307697526694,0.8166666666666667,1.0,0.006304201627292729,0.008613614264218077,0.005691746581635412,0.02989559413442533,0.016644524964324506,380,1
rich_cond_uncond_normratio_t4,rich_alignment,-0.016639889862488957,0.4361111111111111,0.5638888888888889,-0.13531734747568808,0.45,0.778,0.016868020565162747,0.022116355210320304,-0.04740042403442917,0.018916960791620713,0.016639889862488957,381,-1
rich_guidance_dz_align_auc,rich_alignment,-0.016606819109740854,0.37500000000000006,0.625,-0.41410087142458474,0.31666666666666665,0.878,0.011717545293654518,0.01711269658249411,-0.03782419333635238,0.0075577948504301695,0.016606819109740854,382,-1
rich_score_t4_median,rich_score_moments,-0.016575241049073722,0.47944444444444445,0.5205555555555555,-0.08000879880986365,0.43333333333333335,0.814,0.013871138958194114,0.018413363004441116,-0.03560910519355999,0.017439404160551116,0.016575241049073722,383,-1
rich_cond_dz_orthfrac_max,rich_alignment,0.016575072310623662,0.8516666666666667,0.8516666666666667,0.9648096050620866,0.8666666666666667,1.0,0.004285774978580588,0.006290451555780046,0.010590331798392354,0.026886566142268892,0.016575072310623662,384,1
rich_score_t3_channel_ratio,rich_score_spatial,-0.016525111965666885,0.5402777777777777,0.5402777777777777,0.06999325695394616,0.5666666666666667,0.894,0.013493800633575142,0.01888196460622938,-0.04134658231165268,0.0112366874574625,0.016525111965666885,385,-1
rich_score_crosscos_3_5,rich_crosstime,0.016485969723015623,0.5477777777777778,0.5477777777777778,0.11195662605899125,0.5666666666666667,0.712,0.016111817621393885,0.023258491420724357,-0.023123333884789057,0.037241278008041105,0.016485969723015623,386,1
rich_latent_step_t0,rich_latent_geometry,0.016431624436370307,0.8588888888888889,0.8588888888888889,1.152892457693815,0.8833333333333333,0.996,0.0068346052017550785,0.009157374370050455,0.005200009891583383,0.03196189483621863,0.016431624436370307,387,1
rich_latent_step_min,rich_latent_geometry,0.016431624436370307,0.8588888888888889,0.8588888888888889,1.152892457693815,0.8833333333333333,0.996,0.0068346052017550785,0.009157374370050455,0.005200009891583383,0.03196189483621863,0.016431624436370307,387,1
rich_latent_t2_q25,rich_latent_typicality,0.016268355744860998,0.6916666666666667,0.6916666666666667,0.5014618239730247,0.7333333333333333,0.956,0.0087480118001215,0.010766493705677744,-0.0023664615261158074,0.034432841058757456,0.016268355744860998,389,1
rich_score_t2_q95,rich_score_moments,0.01619173312013164,0.3931944444444445,0.6068055555555555,-0.30527499042670986,0.4,0.89,0.009387698605501656,0.01184260860273109,-0.0070167836528512535,0.0294436944339972,0.01619173312013164,390,1
eps_t0,legacy_noise,0.016127359500205333,0.856388888888889,0.856388888888889,1.1430258191587372,0.8666666666666667,0.996,0.00693616551090143,0.009067626986222274,0.004992461414322353,0.03206461083960046,0.016127359500205333,391,1
eps_min,legacy_noise,0.016127359500205333,0.856388888888889,0.856388888888889,1.1430258191587372,0.8666666666666667,0.996,0.00693616551090143,0.009067626986222274,0.004992461414322353,0.03206461083960046,0.016127359500205333,391,1
rich_score_t0_rms,rich_score_moments,0.01612735088648471,0.856388888888889,0.856388888888889,1.1430258180515305,0.8666666666666667,0.996,0.006936167366152459,0.009067624713648855,0.0049924533362749445,0.03206461647630631,0.01612735088648471,393,1
rich_score_norm_min,rich_score_dynamics,0.01612735088648471,0.856388888888889,0.856388888888889,1.1430258180515305,0.8666666666666667,0.996,0.006936167366152459,0.009067624713648855,0.0049924533362749445,0.03206461647630631,0.01612735088648471,393,1
rich_score_norm_t0,rich_score_dynamics,0.01612735088648471,0.856388888888889,0.856388888888889,1.1430258180515305,0.8666666666666667,0.996,0.006936167366152459,0.009067624713648855,0.0049924533362749445,0.03206461647630631,0.01612735088648471,393,1
rich_latent_t4_extreme3,rich_latent_typicality,0.015576990833161405,0.83375,0.83375,0.9454980072679386,0.8166666666666667,0.976,0.011770400702956575,0.016943456145380884,0.0002548482455304608,0.045565643238814305,0.015576990833161405,396,1
rich_cond_uncond_normratio_auc,rich_alignment,-0.015509553621206386,0.5005555555555555,0.5005555555555555,-0.10957204732720366,0.43333333333333335,0.836,0.011057965837419949,0.015205604352268885,-0.030979044607789084,0.011258984501770253,0.015509553621206386,397,-1
rich_cond_dz_align_t2,rich_alignment,0.015316724628360952,0.19,0.81,-0.8668723262183134,0.2,0.816,0.00780801019040385,0.010787844669220555,-0.00986290817405831,0.021745422115233438,0.015316724628360952,398,1
rich_score_t2_fft_entropy,rich_score_fft,-0.015292226540337728,0.4044444444444445,0.5955555555555555,-0.22786515559220089,0.4,0.738,0.015294149740741557,0.02022526575626781,-0.0396032133958868,0.01805252467085853,0.015292226540337728,399,-1
rich_guidance_cond_align_min,rich_alignment,0.015247613634530253,0.5222222222222221,0.5222222222222221,0.018657861947089113,0.5333333333333333,0.79,0.01533973825784291,0.019749102733289132,-0.016075726586908753,0.04466451758858715,0.015247613634530253,400,1
rich_latent_t2_absmean,rich_latent_typicality,0.015201249628266893,0.7961111111111111,0.7961111111111111,0.7861649508747766,0.8166666666666667,0.998,0.005559476338344044,0.007953969120392973,0.00437270901532317,0.02501756739571761,0.015201249628266893,401,1
rich_score_t0_var,rich_score_moments,0.015087180278026684,0.8566666666666667,0.8566666666666667,1.1250632971211865,0.8666666666666667,0.992,0.007646400057274581,0.009950711645832982,0.002488984264889987,0.032665345347494705,0.015087180278026684,402,1
rich_score_relchange_mean,rich_score_dynamics,-0.015020513448266073,0.16972222222222222,0.8302777777777778,-1.0099749224024552,0.15,1.0,0.004077442855882545,0.005495256062902491,-0.023895777422057965,-0.007634465728256337,0.015020513448266073,403,-1
rich_latent_t5_mean,rich_latent_typicality,0.014862599802870384,0.7711111111111111,0.7711111111111111,0.7617637188045785,0.8,0.952,0.008072404943045128,0.010651055414115198,-0.001749612537097352,0.030518425246493713,0.014862599802870384,404,1
rich_score_t3_maxabs,rich_score_moments,0.014765517305889066,0.7431944444444444,0.7431944444444444,0.623571081418263,0.7333333333333333,0.93,0.014758791733996671,0.02022814321544062,-0.008534140947183739,0.04947797043932389,0.014765517305889066,405,1
rich_guidance_t3_q95,rich_guidance_moments,-0.014651284095289565,0.1925,0.8075,-1.049425625652941,0.11666666666666667,0.966,0.007736589612080073,0.01001771043086041,-0.0295402243997349,0.00055476073653579,0.014651284095289565,406,-1
rich_score_t3_absmean,rich_score_moments,-0.014648782894545883,0.1866666666666667,0.8133333333333332,-0.9844034631439654,0.16666666666666666,1.0,0.003992245876362838,0.005295106505084206,-0.024468589623846404,-0.00886367327210052,0.014648782894545883,407,-1
rich_latent_t1_mean,rich_latent_typicality,0.014603324864759492,0.7675,0.7675,0.75238973074335,0.8,0.936,0.008499718389444204,0.011359700808176273,-0.003692562797974591,0.02994386628772415,0.014603324864759492,408,1
rich_latent_t0_mean,rich_latent_typicality,0.01459501198047318,0.7675,0.7675,0.7523343641852174,0.8,0.936,0.008499900006636554,0.011358556821846066,-0.0037024374807527096,0.02993726498401343,0.01459501198047318,409,1
rich_score_secondchange_middle,rich_score_dynamics,-0.014469522253317683,0.26527777777777783,0.7347222222222222,-0.7241363780336253,0.18333333333333332,0.882,0.008596308117106594,0.012757630737291345,-0.025642638851863644,0.0058079149042232995,0.014469522253317683,410,-1
rich_score_secondchange_t2,rich_score_dynamics,-0.014469522253317683,0.26527777777777783,0.7347222222222222,-0.7241363780336253,0.18333333333333332,0.882,0.008596308117106594,0.012757630737291345,-0.025642638851863644,0.0058079149042232995,0.014469522253317683,410,-1
rich_score_consecutive_cos_t1,rich_score_dynamics,0.014411987839108378,0.695,0.695,0.5724652537959952,0.7666666666666667,0.9,0.008955666780070374,0.013144679780804299,-0.0046278351665943445,0.02789020303875816,0.014411987839108378,412,1
rich_score_crosscos_1_2,rich_crosstime,0.014411987839108378,0.695,0.695,0.5724652537959952,0.7666666666666667,0.9,0.008955666780070374,0.013144679780804299,-0.0046278351665943445,0.02789020303875816,0.014411987839108378,412,1
rich_latent_t5_var,rich_latent_typicality,-0.014390997624685606,0.29000000000000004,0.71,-0.6344312521988312,0.26666666666666666,0.994,0.005045030885000227,0.007186133251675445,-0.02166571106628417,-0.0020062264181345307,0.014390997624685606,414,-1
rich_score_t1_nearzero,rich_score_moments,0.014313994443314947,0.6902777777777778,0.6902777777777778,0.5812185085368763,0.7166666666666667,0.802,0.018100355334256756,0.0237880082947032,-0.02154188678411111,0.0492084717113571,0.014313994443314947,415,1
rich_guidance_t2_q95,rich_guidance_moments,-0.014253807783181149,0.20694444444444443,0.7930555555555556,-0.8952471936425012,0.18333333333333332,0.87,0.011773044945522594,0.01699131216108326,-0.03700920233970434,0.007515713956697407,0.014253807783181149,416,-1
rich_latent_t4_mean,rich_latent_typicality,0.014209784547883906,0.7677777777777778,0.7677777777777778,0.7531218996337011,0.8,0.94,0.008280908148108434,0.011309936615108193,-0.0030892325872599056,0.029647256010980592,0.014209784547883906,417,1
rich_latent_t2_mean,rich_latent_typicality,0.014195508667999283,0.7663888888888889,0.7663888888888889,0.7497723899680288,0.8,0.934,0.008442101101390997,0.011270473877148548,-0.003971571868794874,0.02960234943469274,0.014195508667999283,418,1
rich_guidance_t3_q05,rich_guidance_moments,0.014129319606399265,0.8152777777777778,0.8152777777777778,1.1105216749061537,0.8833333333333333,0.988,0.007357683343108942,0.009200568331919269,0.0009376160339215444,0.02897068711637581,0.014129319606399265,419,1
rich_guidance_dz_align_t5,rich_alignment,-0.014124407639938543,0.5272222222222223,0.5272222222222223,0.03135538248251441,0.5666666666666667,0.752,0.0186650682500221,0.025676930859106183,-0.050730488629040206,0.021114413163215967,0.014124407639938543,420,-1
rich_latent_t3_mean,rich_latent_typicality,0.014069763872370512,0.7663888888888889,0.7663888888888889,0.7500369499421967,0.8,0.934,0.008382711550797766,0.011290617524357654,-0.003927136439020097,0.029429104259681444,0.014069763872370512,421,1
rich_latent_t5_rms,rich_latent_typicality,-0.014052411524748797,0.3086111111111111,0.6913888888888888,-0.5614824495261453,0.35,0.978,0.005631450446087919,0.00845928194238939,-0.022132355807678288,-0.0004426989760947132,0.014052411524748797,422,-1
rich_guidance_dz_align_mean,rich_alignment,-0.013925917051593828,0.40444444444444444,0.5955555555555556,-0.2985253806456776,0.4166666666666667,0.81,0.013659943816499534,0.020037274939069184,-0.03778780669691426,0.013410801780373668,0.013925917051593828,423,-1
rich_latent_turn_angle_auc,rich_latent_geometry,-0.013898355531910208,0.17,0.83,-1.1308161054826187,0.11666666666666667,1.0,0.004092296858532229,0.005392532777621785,-0.021406946349558007,-0.004934633176870012,0.013898355531910208,424,-1
rich_guidance_t0_kurtosis,rich_guidance_moments,-0.013890177715199936,0.4913888888888889,0.5086111111111111,-0.08843511143033204,0.5166666666666667,0.652,0.0232987211270386,0.03241829792774499,-0.04578529087556683,0.04112463983024527,0.013890177715199936,425,-1
rich_latent_turn_cos_middle,rich_latent_geometry,0.013856171377481625,0.8383333333333333,0.8383333333333333,1.1039655943148656,0.9,1.0,0.0050173361645518555,0.006753921400745794,0.004014171608642397,0.02344368333134253,0.013856171377481625,426,1
rich_score_crosscos_0_2,rich_crosstime,-0.013844120808140343,0.4955555555555556,0.5044444444444445,-0.04080266503633899,0.4666666666666667,0.868,0.01156990268955194,0.015136432423492554,-0.03810600426781357,0.008538949391475368,0.013844120808140343,427,-1
rich_guidance_cond_align_t1,rich_alignment,-0.013705245496122407,0.43861111111111106,0.5613888888888889,-0.18342600257837996,0.4166666666666667,0.816,0.01330002575814897,0.018163679536586798,-0.036543331663417784,0.016126407360047033,0.013705245496122407,428,-1
rich_score_t3_mean,rich_score_moments,0.013584217972641484,0.6627777777777778,0.6627777777777778,0.4572032102004887,0.65,0.904,0.015459461162060132,0.021361226682540167,-0.008264062198050476,0.05159736437742028,0.013584217972641484,429,1
rich_guidance_dz_align_slope,rich_alignment,-0.013565771744469204,0.5211111111111111,0.5211111111111111,0.028552261495895674,0.5666666666666667,0.77,0.01462462112697543,0.019326965212167632,-0.04056917168372237,0.018875016529586022,0.013565771744469204,430,-1
rich_guidance_t4_absmean,rich_guidance_moments,0.01346152935965216,0.33416666666666667,0.6658333333333333,-0.506582114321246,0.3,0.768,0.011107736713498954,0.015060924536038571,-0.014227260147487058,0.028989050152523888,0.01346152935965216,431,1
rich_cond_dz_orthfrac_t5,rich_alignment,0.013453631972110178,0.8427777777777777,0.8427777777777777,0.939212042278907,0.8666666666666667,1.0,0.004334633960011266,0.005629960863780984,0.0075285834855873795,0.024106703606203494,0.013453631972110178,432,1
rich_score_angle_t1,rich_score_dynamics,-0.013425347832587305,0.305,0.6950000000000001,-0.5374760207261253,0.23333333333333334,0.868,0.009601218484827144,0.013958688611788863,-0.029355812577974417,0.006497120479904418,0.013425347832587305,433,-1
rich_latent_accel_t3,rich_latent_geometry,-0.013422819445202286,0.3172222222222222,0.6827777777777778,-0.6619338291194912,0.25,0.708,0.014476149525268947,0.022202446439763122,-0.033509458396914875,0.018605189855213162,0.013422819445202286,434,-1
rich_dz_crosscos_0_4,rich_crosstime,-0.013388169724580928,0.44555555555555554,0.5544444444444445,-0.17695959748075854,0.4166666666666667,0.858,0.012229786277316503,0.016457585695854517,-0.03742022221567276,0.0095431369126431,0.013388169724580928,435,-1
rich_score_t2_q75,rich_score_moments,0.013358178961808548,0.19833333333333333,0.8016666666666666,-0.8258196909604005,0.2,0.716,0.010487722876272185,0.014388004430143032,-0.014199671367214386,0.027161563443462586,0.013358178961808548,436,1
rich_score_t2_nearzero,rich_score_moments,0.01326663452447813,0.6880555555555555,0.6880555555555555,0.4699779995084443,0.6666666666666666,0.76,0.014455026824343992,0.019109707394060853,-0.015766873255795327,0.040687598991102934,0.01326663452447813,437,1
rich_score_consecutive_cos_std,rich_score_dynamics,0.013251226751335646,0.6938888888888889,0.6938888888888889,0.5205959319185814,0.75,0.94,0.009804299315645651,0.013013067134690269,-0.00429672889799693,0.03588113284126607,0.013251226751335646,438,1
rich_guidance_dz_orthfrac_mean,rich_alignment,0.013196357469339162,0.6611111111111111,0.6611111111111111,0.45352158906032136,0.6333333333333333,0.904,0.012234887684629192,0.016647149137411364,-0.007467164533685076,0.040608323727737004,0.013196357469339162,439,1
rich_latent_turn_cos_auc,rich_latent_geometry,0.013164062732400986,0.8283333333333334,0.8283333333333334,1.0382964098091563,0.8666666666666667,1.0,0.004316100996434312,0.005591558698651099,0.0032480080468358227,0.020882738952311224,0.013164062732400986,440,1
rich_score_angle_t0,rich_score_dynamics,0.013055429584838019,0.6472222222222223,0.6472222222222223,0.38793163620782417,0.7166666666666667,0.93,0.010110949480343037,0.013383002815590902,-0.004562469981852992,0.034945176112343095,0.013055429584838019,441,1
rich_score_angle_max,rich_score_dynamics,0.013055429584838019,0.6472222222222223,0.6472222222222223,0.38793163620782417,0.7166666666666667,0.93,0.010110949480343037,0.013383002815590902,-0.004562469981852992,0.034945176112343095,0.013055429584838019,441,1
rich_guidance_cond_align_t5,rich_alignment,-0.01294482311553951,0.43805555555555553,0.5619444444444445,-0.17206911032791578,0.4166666666666667,0.746,0.017089136941831774,0.02437646190047242,-0.04525064692319245,0.018897927501154557,0.01294482311553951,443,-1
rich_score_t4_h_autocorr,rich_score_spatial,0.012869779741232237,0.8436111111111111,0.8436111111111111,1.0979245660158206,0.9166666666666666,0.838,0.018215180823450444,0.026059458270489545,-0.012228565768015592,0.05475456841847111,0.012869779741232237,444,1
rich_score_crosscos_0_1,rich_crosstime,-0.012799252750091014,0.35277777777777775,0.6472222222222223,-0.38651742952773543,0.2833333333333333,0.928,0.010144782023240779,0.01357115016507555,-0.03487295712729016,0.0046827820431645075,0.012799252750091014,445,-1
rich_score_consecutive_cos_t0,rich_score_dynamics,-0.012799252750091014,0.35277777777777775,0.6472222222222223,-0.38651742952773543,0.2833333333333333,0.928,0.010144782023240779,0.01357115016507555,-0.03487295712729016,0.0046827820431645075,0.012799252750091014,445,-1
rich_score_consecutive_cos_min,rich_score_dynamics,-0.012799252750091014,0.35277777777777775,0.6472222222222223,-0.38651742952773543,0.2833333333333333,0.928,0.010144782023240779,0.01357115016507555,-0.03487295712729016,0.0046827820431645075,0.012799252750091014,445,-1
rich_guidance_t0_var,rich_guidance_moments,0.012767970821693826,0.5069444444444444,0.5069444444444444,-0.10063598429898316,0.5,0.798,0.014152060213132117,0.019062485083534694,-0.015156262106913693,0.0378956249880723,0.012767970821693826,448,1
rich_cond_uncond_normratio_mean,rich_alignment,-0.01271800922999968,0.49194444444444446,0.5080555555555555,-0.0928299514432531,0.4666666666666667,0.794,0.011261532999122248,0.015379070949340786,-0.029159523340980934,0.012249543086011293,0.01271800922999968,449,-1
rich_score_secondchange_std,rich_score_dynamics,0.012607990549238939,0.7227777777777777,0.7227777777777777,0.7259120059801561,0.7666666666666667,0.944,0.008474925721489076,0.011417623283006165,-0.003541750572937892,0.028949641776057973,0.012607990549238939,450,1
rich_guidance_t4_q25,rich_guidance_moments,0.01251414391791293,0.7536111111111111,0.7536111111111111,0.8033252981026618,0.75,0.928,0.008509540766288683,0.011121354223148078,-0.0034928081034387827,0.030694308664017404,0.01251414391791293,451,1
rich_cond_uncond_normratio_middle,rich_alignment,-0.012326790789434853,0.4922222222222222,0.5077777777777778,-0.11853590009726347,0.5,0.788,0.011512681883239345,0.016340711654144285,-0.031335350233579674,0.013762231189023286,0.012326790789434853,452,-1
rich_score_norm_auc,rich_score_dynamics,0.01228403444312232,0.35138888888888886,0.6486111111111111,-0.4242594960540238,0.4166666666666667,0.912,0.006734884197607139,0.008765071682156338,-0.004632690348384205,0.02221807953769914,0.01228403444312232,453,1
eps_auc,legacy_noise,0.012283999918368744,0.35138888888888886,0.6486111111111111,-0.42425957207151993,0.4166666666666667,0.912,0.00673488061204406,0.008765086163593755,-0.004632727113163814,0.022218040476493207,0.012283999918368744,454,1
rich_latent_t2_nearzero,rich_latent_typicality,-0.012256978521864217,0.3988888888888889,0.6011111111111112,-0.21268284434523715,0.4,0.632,0.021494428147970816,0.033337543622199095,-0.043215187972842455,0.03157452593303712,0.012256978521864217,455,-1
rich_dz_crosscos_1_4,rich_crosstime,0.012219268044630473,0.7747222222222221,0.7747222222222221,0.8559112336848155,0.8166666666666667,0.858,0.009148975085079862,0.01304983296395774,-0.007215622628700929,0.02888638658592598,0.012219268044630473,456,1
rich_latent_turn_angle_slope,rich_latent_geometry,0.012209848571852625,0.2713888888888889,0.7286111111111111,-0.7850322256276261,0.2,0.84,0.00683932319030516,0.009560526644289247,-0.00532849930178088,0.020246419708190497,0.012209848571852625,457,1
rich_latent_t5_nearzero,rich_latent_typicality,-0.01215508990181405,0.706111111111111,0.706111111111111,0.5297100451664204,0.65,0.488,0.020728670990124706,0.028234977342061485,-0.04167156784014168,0.0390844186658276,0.01215508990181405,458,-1
rich_dz_crosscos_0_2,rich_crosstime,-0.012147029412385973,0.3702777777777778,0.6297222222222222,-0.3210399126379437,0.35,0.886,0.010388750483114596,0.01569107217515164,-0.032291181000766875,0.0056399018779937846,0.012147029412385973,459,-1
rich_score_t4_fft_mid,rich_score_fft,0.01213806275088138,0.6616666666666666,0.6616666666666666,0.40694955732939236,0.65,0.894,0.01578931489563458,0.021433574370235978,-0.010811052393214523,0.04960792252890407,0.01213806275088138,460,1
rich_latent_turn_cos_slope,rich_latent_geometry,-0.011958788221633572,0.7316666666666667,0.7316666666666667,0.6812423163825441,0.7666666666666667,0.798,0.00797908049128477,0.011513126197492039,-0.02181589125033411,0.009028833427072816,0.011958788221633572,461,-1
rich_guidance_t5_kurtosis,rich_guidance_moments,0.011905961668851252,0.7369444444444444,0.7369444444444444,0.3025028215825613,0.8333333333333334,0.928,0.010500811075897825,0.010346321883466767,-0.0037293261784254413,0.03852078228049935,0.011905961668851252,462,1
rich_dz_crosscos_2_5,rich_crosstime,0.011871164927905246,0.8186111111111111,0.8186111111111111,1.140046874272788,0.8666666666666667,0.974,0.006653646552992019,0.009229281817562867,-5.479933983203579e-05,0.026111354463347995,0.011871164927905246,463,1
rich_score_t0_channel_ratio,rich_score_spatial,0.011870645708129403,0.4727777777777778,0.5272222222222223,-0.07768371597324444,0.45,0.686,0.01647681865669146,0.02432618186291806,-0.024490396967604293,0.039071772529635805,0.011870645708129403,464,1
rich_latent_t5_maxabs,rich_latent_typicality,0.01184002713398352,0.6731944444444444,0.6731944444444444,0.4628892745913643,0.7,0.822,0.015034756962153985,0.01958326660246195,-0.019643993541472858,0.04209708170046906,0.01184002713398352,465,1
rich_score_norm_mean,rich_score_dynamics,0.011761801661453845,0.36416666666666664,0.6358333333333334,-0.3705717772435339,0.4,0.886,0.008364058014906176,0.011485937474795586,-0.008017626884576082,0.02572176326253573,0.011761801661453845,466,1
eps_mean,legacy_noise,0.011761769190022425,0.36416666666666664,0.6358333333333334,-0.37057188065441343,0.4,0.886,0.008364053203714349,0.011485948248096713,-0.008017633594203774,0.025721718641295844,0.011761769190022425,467,1
rich_latent_t4_absmean,rich_latent_typicality,-0.011685113793883543,0.44305555555555554,0.5569444444444445,-0.13043582995061961,0.43333333333333335,0.914,0.006836385903797158,0.009840535768915405,-0.023465734997231345,0.002472603066334423,0.011685113793883543,468,-1
rich_dz_crosscos_3_5,rich_crosstime,0.011677039003880745,0.7972222222222222,0.7972222222222222,0.9590068004012866,0.8666666666666667,0.918,0.007992637782819395,0.010736920646765945,-0.0034760867480474722,0.026671954475304096,0.011677039003880745,469,1
rich_score_t5_median,rich_score_moments,-0.011608860140493015,0.4997222222222222,0.5002777777777778,-0.032029760197406776,0.5166666666666667,0.716,0.014970835916129075,0.01951528273054544,-0.03359681585158912,0.025893556643886907,0.011608860140493015,470,-1
rich_score_t5_q05,rich_score_moments,0.011544470844997054,0.8222222222222222,0.8222222222222222,0.9909325251770696,0.8,0.948,0.008785911604574865,0.011959880385942062,-0.002735126082257139,0.03071459657912258,0.011544470844997054,471,1
rich_latent_t3_q05,rich_latent_typicality,-0.01149236828869626,0.6101388888888889,0.6101388888888889,0.2531907100874429,0.6333333333333333,0.944,0.0076456237900640114,0.010052802367543323,-0.026156398603575038,0.004165999947385291,0.01149236828869626,472,-1
rich_guidance_t5_mean,rich_guidance_moments,0.01119606520538623,0.6136111111111111,0.6136111111111111,0.28532585640948654,0.6166666666666667,0.814,0.02375641287071826,0.03179081683955325,-0.02759170287497106,0.06497266456849816,0.01119606520538623,473,1
rich_score_t2_maxabs,rich_score_moments,0.011080295008042017,0.7866666666666666,0.7866666666666666,0.8141344057410494,0.8,0.926,0.014476819919386591,0.019240200799070236,-0.006340954270408141,0.04953378674132408,0.011080295008042017,474,1
rich_latent_t1_q05,rich_latent_typicality,-0.011045850129943746,0.5026388888888889,0.5026388888888889,-0.049181009751589955,0.5,0.944,0.009285257368415898,0.012796508830402481,-0.03225552289095362,0.005129314515117482,0.011045850129943746,475,-1
rich_guidance_t1_nearzero,rich_guidance_moments,0.01102148431891002,0.8320833333333333,0.8320833333333333,1.075789492259079,0.8333333333333334,0.972,0.006803905479874504,0.008981255604239279,-8.548500935993766e-05,0.02736349437283285,0.01102148431891002,476,1
rich_guidance_t2_q05,rich_guidance_moments,0.011012378976913536,0.7902777777777777,0.7902777777777777,0.8920695751992979,0.8166666666666667,0.828,0.011716079284775069,0.017018595718641186,-0.009706635834575757,0.03398409750425009,0.011012378976913536,477,1
rich_score_t3_q05,rich_score_moments,-0.010999438868632666,0.7502777777777777,0.7502777777777777,0.7395566508366774,0.7666666666666667,0.664,0.009198019055559978,0.01295635231617079,-0.020787607365628593,0.013201750466169514,0.010999438868632666,478,-1
rich_latent_t1_q95,rich_latent_typicality,-0.01093601632616479,0.8143055555555555,0.8143055555555555,0.8427086800144141,0.7666666666666667,0.714,0.009310611269106182,0.011912592270308144,-0.02507972417180005,0.01292531846464625,0.01093601632616479,479,-1
rich_latent_t0_q95,rich_latent_typicality,-0.010719106502022208,0.8141666666666666,0.8141666666666666,0.8419149241069968,0.7666666666666667,0.712,0.009288533415547997,0.012037276689041275,-0.024780857248278877,0.012919436442334405,0.010719106502022208,480,-1
rich_cond_dz_align_t0,rich_alignment,0.010706680877832246,0.6472222222222221,0.6472222222222221,0.3834235836095543,0.6166666666666667,0.832,0.008595140301939112,0.012204182366757584,-0.009697044555843555,0.025167875754513472,0.010706680877832246,481,1
rich_cond_dz_align_max,rich_alignment,0.010706680877832246,0.6472222222222221,0.6472222222222221,0.3834235836095543,0.6166666666666667,0.832,0.008595140301939112,0.012204182366757584,-0.009697044555843555,0.025167875754513472,0.010706680877832246,481,1
rich_latent_accel_t1,rich_latent_geometry,0.010697024933669036,0.49472222222222223,0.5052777777777777,0.013429169928459873,0.55,0.87,0.010063076248549513,0.014332220453748195,-0.00803861832841175,0.030531634345288865,0.010697024933669036,483,1
rich_cond_dz_align_mean,rich_alignment,-0.010606971284589619,0.1313888888888889,0.8686111111111111,-1.0512082812680443,0.15,1.0,0.0050677290726610005,0.006946523278005563,-0.024608726948766348,-0.00500984920785586,0.010606971284589619,484,-1
rich_uncond_dz_align_mean,rich_alignment,-0.010590534417531468,0.13472222222222224,0.8652777777777778,-1.0327507987772986,0.16666666666666666,1.0,0.005125250740343283,0.007110910439303815,-0.02452235279271364,-0.005071720136920498,0.010590534417531468,485,-1
rich_guidance_t4_skew,rich_guidance_moments,-0.010555912895968191,0.5922222222222222,0.5922222222222222,0.16632175969479326,0.6333333333333333,0.6,0.01878953747651065,0.025663226097364752,-0.0406114857516177,0.035350324440575676,0.010555912895968191,486,-1
rich_score_t0_fft_entropy,rich_score_fft,-0.010417076840147995,0.5019444444444445,0.5019444444444445,0.02609235590685238,0.5333333333333333,0.628,0.02193371839366192,0.031509756077584994,-0.048506482250982266,0.032730447649878126,0.010417076840147995,487,-1
rich_cond_dz_orthfrac_t2,rich_alignment,-0.010416145482520966,0.8099999999999999,0.8099999999999999,0.8669966313928954,0.8,0.728,0.006136641441835523,0.00821976878203957,-0.015617754686967146,0.009121502701960119,0.010416145482520966,488,-1
rich_latent_t0_q05,rich_latent_typicality,-0.010403123873404033,0.5031944444444444,0.5031944444444444,-0.04801199492422241,0.5,0.938,0.00929792835074391,0.012932100336942667,-0.03176475932524687,0.005170083949057086,0.010403123873404033,489,-1
rich_guidance_dz_orthfrac_auc,rich_alignment,0.010248817651428595,0.6913888888888888,0.6913888888888888,0.5071244466670104,0.7166666666666667,0.892,0.010941282416817012,0.013240108429034982,-0.007608163590240877,0.03598448204787149,0.010248817651428595,490,1
rich_latent_t4_q05,rich_latent_typicality,-0.010112750382732905,0.6943055555555555,0.6943055555555555,0.5463898130017604,0.75,0.852,0.007369430178278917,0.010227936571914707,-0.02227765158137119,0.006807033490475399,0.010112750382732905,491,-1
rich_guidance_dz_align_std,rich_alignment,-0.009970674143224152,0.33416666666666667,0.6658333333333333,-0.45436336154883245,0.38333333333333336,0.808,0.015952364691137456,0.021841941514957282,-0.047706213982111174,0.01560799013018359,0.009970674143224152,492,-1
guidance_t3,legacy_guidance,-0.009751726044686607,0.2002777777777778,0.7997222222222222,-1.0413125707374957,0.18333333333333332,0.926,0.0077065996787495684,0.00986187321385612,-0.027785857197155303,0.0028863075699438363,0.009751726044686607,493,-1
rich_guidance_t3_rms,rich_guidance_moments,-0.009751322695909951,0.2002777777777778,0.7997222222222222,-1.041312513012995,0.18333333333333332,0.926,0.007706542171649605,0.009862241465384707,-0.027785422592748334,0.002886763564241016,0.009751322695909951,494,-1
rich_uncond_dz_align_t0,rich_alignment,0.009724700072262565,0.6930555555555555,0.6930555555555555,0.5616342175522603,0.6666666666666666,0.814,0.00827687319576228,0.011152407551879375,-0.008318710962041587,0.022667400555622167,0.009724700072262565,495,1
rich_uncond_dz_align_max,rich_alignment,0.009724700072262565,0.6930555555555555,0.6930555555555555,0.5616342175522603,0.6666666666666666,0.814,0.00827687319576228,0.011152407551879375,-0.008318710962041587,0.022667400555622167,0.009724700072262565,495,1
rich_guidance_t1_maxabs,rich_guidance_moments,0.00972236132915154,0.4025,0.5974999999999999,-0.3328905881876408,0.4166666666666667,0.692,0.013923460219185313,0.019911213625117864,-0.0209413970263092,0.03310798434737873,0.00972236132915154,497,1
rich_score_angle_middle,rich_score_dynamics,-0.0096953900321781,0.29888888888888887,0.7011111111111111,-0.6656103497745858,0.2,0.798,0.009315328367724947,0.014352558027996894,-0.024410744098470535,0.009324921036318923,0.0096953900321781,498,-1
rich_guidance_t2_skew,rich_guidance_moments,-0.00961096769680319,0.5402777777777776,0.5402777777777776,-0.09858319249777132,0.6,0.65,0.022742810803390637,0.027097248653431844,-0.045617267682983735,0.04466742054609434,0.00961096769680319,499,-1
rich_guidance_t1_kurtosis,rich_guidance_moments,0.009536213942051546,0.695,0.695,0.3124149390576639,0.7333333333333333,0.77,0.01580315091733684,0.023225168002187043,-0.01692914128746187,0.0421408713297411,0.009536213942051546,500,1
rich_uncond_dz_align_auc,rich_alignment,-0.00948170410017053,0.13527777777777777,0.8647222222222222,-1.028111754183529,0.16666666666666666,1.0,0.005333053808259599,0.007379933244683197,-0.02461008160581959,-0.003758593481719763,0.00948170410017053,501,-1
rich_score_secondchange_mean,rich_score_dynamics,0.009481269506375654,0.3502777777777778,0.6497222222222222,-0.4000359138336092,0.3333333333333333,0.888,0.007784452217718639,0.010529878920452469,-0.005568181628876569,0.02410320819195034,0.009481269506375654,502,1
rich_latent_t1_kurtosis,rich_latent_typicality,0.009362701094054893,0.5558333333333333,0.5558333333333333,0.0700489369881702,0.5833333333333334,0.788,0.014076643566421116,0.019263513379244056,-0.013262547989305052,0.04009088864630065,0.009362701094054893,503,1
rich_latent_t0_kurtosis,rich_latent_typicality,0.009319164785081558,0.5566666666666666,0.5566666666666666,0.06953101461809161,0.6,0.786,0.014082409147897127,0.0192749771233364,-0.01328732764662521,0.04007260680333607,0.009319164785081558,504,1
guidance_middle,legacy_guidance,-0.009279469599554675,0.18333333333333332,0.8166666666666667,-1.068975063599702,0.11666666666666667,0.83,0.010080925003604878,0.014737224566633029,-0.031143674163069367,0.006687415335846751,0.009279469599554675,505,-1
rich_cond_dz_align_auc,rich_alignment,-0.00926292261750195,0.13416666666666668,0.8658333333333333,-1.0493542404263208,0.15,1.0,0.005184246563023712,0.00711814283355381,-0.023925987126179594,-0.0037557856976699476,0.00926292261750195,506,-1
rich_cond_uncond_normratio_early,rich_alignment,0.009211976822145236,0.5386111111111112,0.5386111111111112,0.08149977715659303,0.55,0.712,0.013268917657782951,0.018637737707942796,-0.018910620890417507,0.030640514519187406,0.009211976822145236,507,1
rich_score_angle_t2,rich_score_dynamics,0.009202371989497578,0.3036111111111111,0.696388888888889,-0.5020977506204531,0.21666666666666667,0.626,0.009787798304442548,0.012697590307431396,-0.016692891889248867,0.021401709839890377,0.009202371989497578,508,1
rich_guidance_cond_align_max,rich_alignment,0.009132663703526953,0.3697222222222222,0.6302777777777778,-0.32428637563524143,0.3333333333333333,0.676,0.01290059208117156,0.016090396319689712,-0.019808075510000408,0.03311666152669485,0.009132663703526953,509,1
rich_guidance_dz_orthfrac_t1,rich_alignment,0.009086686511593743,0.5547222222222222,0.5547222222222222,0.23356845083828856,0.5333333333333333,0.754,0.01347986147534376,0.01706737806521677,-0.019658244778541695,0.03575894362651761,0.009086686511593743,510,1
rich_latent_t4_rms,rich_latent_typicality,0.008966337570599439,0.5549999999999999,0.5549999999999999,0.14174655506043177,0.5666666666666667,0.94,0.006747822684306111,0.009734305951826328,-0.002685781659430055,0.023015601899540918,0.008966337570599439,511,1
rich_cond_dz_orthfrac_t0,rich_alignment,-0.008848159151640177,0.3527777777777778,0.6472222222222221,-0.38419390117209296,0.38333333333333336,0.778,0.008805306163957421,0.012534288451783459,-0.023975683137068025,0.009983568782632466,0.008848159151640177,512,-1
rich_cond_dz_orthfrac_min,rich_alignment,-0.008848159151640177,0.3527777777777778,0.6472222222222221,-0.38419390117209296,0.38333333333333336,0.778,0.008805306163957421,0.012534288451783459,-0.023975683137068025,0.009983568782632466,0.008848159151640177,512,-1
rich_latent_accel_middle,rich_latent_geometry,0.00873329706813197,0.32166666666666666,0.6783333333333333,-0.5276338217628562,0.26666666666666666,0.77,0.009588403529404129,0.013229345373732822,-0.009982226091072164,0.0265965063644516,0.00873329706813197,514,1
rich_uncond_dz_align_early,rich_alignment,0.008719070155538923,0.24083333333333334,0.7591666666666667,-0.7127525804451095,0.25,0.646,0.010527889424890921,0.015393501510311446,-0.019617820747662124,0.020799195907219972,0.008719070155538923,515,1
rich_latent_t4_q95,rich_latent_typicality,0.00865176780412393,0.7177777777777777,0.7177777777777777,0.524196196418938,0.6833333333333333,0.772,0.012103048442392784,0.016449062343630687,-0.013188579027225028,0.03134271072806453,0.00865176780412393,516,1
rich_score_change_t2,rich_score_dynamics,-0.008644133135879386,0.2222222222222222,0.7777777777777778,-0.7434787865198542,0.21666666666666667,0.908,0.008077669248134014,0.010753126269440449,-0.027284175998263775,0.004139671181060987,0.008644133135879386,517,-1
rich_score_relchange_t1,rich_score_dynamics,-0.008623965177083928,0.32916666666666666,0.6708333333333334,-0.4397196999406688,0.31666666666666665,0.794,0.012381385778255207,0.017006812063370198,-0.0352028428551546,0.012693544818990113,0.008623965177083928,518,-1
rich_guidance_cond_align_slope,rich_alignment,-0.00848636070438966,0.4502777777777778,0.5497222222222222,-0.10244726671916701,0.4666666666666667,0.736,0.011927854937874828,0.016524439485787832,-0.03127496095589444,0.01448048186673603,0.00848636070438966,519,-1
rich_score_change_mean,rich_score_dynamics,0.00845574566148077,0.27527777777777773,0.7247222222222223,-0.5899908276163666,0.26666666666666666,0.91,0.005422810850437276,0.00733268870732923,-0.004168101400561393,0.017288334275241457,0.00845574566148077,520,1
rich_guidance_dz_orthfrac_middle,rich_alignment,0.008417391940514189,0.6838888888888889,0.6838888888888889,0.4623932632171966,0.6833333333333333,0.874,0.00804577302330821,0.01057739158461763,-0.007006655731337853,0.027115231496351457,0.008417391940514189,521,1
rich_score_crosscos_2_3,rich_crosstime,-0.008367636855548092,0.6963888888888891,0.6963888888888891,0.4865864874315944,0.7833333333333333,0.602,0.009731103063685112,0.011999554583081388,-0.021590560542113012,0.017847217558112197,0.008367636855548092,522,-1
rich_score_consecutive_cos_t2,rich_score_dynamics,-0.008367636855548092,0.6963888888888891,0.6963888888888891,0.4865864874315944,0.7833333333333333,0.602,0.009731103063685112,0.011999554583081388,-0.021590560542113012,0.017847217558112197,0.008367636855548092,522,-1
rich_cond_uncond_cos_t1,rich_alignment,0.008366345322082202,0.7652777777777777,0.7652777777777777,0.5397278804663062,0.8166666666666667,0.728,0.01326569345444966,0.020564582377426283,-0.015180629254922135,0.033186346552193074,0.008366345322082202,524,1
rich_cond_uncond_normratio_std,rich_alignment,0.008354467405715198,0.3163888888888889,0.6836111111111112,-0.5444360087861333,0.31666666666666665,0.596,0.015265325518445066,0.021336716992211888,-0.025631571895448284,0.03187147061078567,0.008354467405715198,525,1
rich_score_secondchange_auc,rich_score_dynamics,0.008347180391283437,0.3269444444444445,0.6730555555555555,-0.4639875642102117,0.26666666666666666,0.832,0.007463443124960808,0.010052962526803837,-0.006631018936985393,0.022016390846213985,0.008347180391283437,526,1
rich_guidance_t1_absmean,rich_guidance_moments,-0.008211905557659533,0.20333333333333334,0.7966666666666666,-0.8808828434130108,0.18333333333333332,0.784,0.011759618729225261,0.017522639073754526,-0.03143905624823021,0.012085494690054767,0.008211905557659533,527,-1
rich_guidance_cond_align_early,rich_alignment,0.008076612708645408,0.48361111111111116,0.5163888888888888,-0.06506216438302022,0.5,0.688,0.009309556100241709,0.013358381411698515,-0.013267475727020521,0.02261424971306775,0.008076612708645408,528,1
rich_latent_turn_cos_mean,rich_latent_geometry,0.007926453677012817,0.8122222222222222,0.8122222222222222,0.9768563556184279,0.9,0.944,0.004476282771206725,0.006060938886655828,-0.0015547589672336751,0.01570643537744748,0.007926453677012817,529,1
rich_cond_uncond_cos_t3,rich_alignment,0.007907450560814266,0.7894444444444445,0.7894444444444445,0.9102483537631983,0.8,0.9,0.0077546538348911105,0.01012442626018276,-0.0040040710978892875,0.02564687109163829,0.007907450560814266,530,1
rich_guidance_dz_orthfrac_max,rich_alignment,0.007728290390742044,0.48944444444444446,0.5105555555555555,0.20495625925300162,0.48333333333333334,0.714,0.013820442829097345,0.01591905994931083,-0.017098787466366793,0.03767109596165962,0.007728290390742044,531,1
guidance_mean,legacy_guidance,0.007699959815288594,0.2563888888888889,0.7436111111111111,-0.7825987043538948,0.25,0.67,0.00924193150635203,0.012984068333655372,-0.015822360551902833,0.020140666365662554,0.007699959815288594,532,1
rich_guidance_t3_mean,rich_guidance_moments,0.007676285623688865,0.6327777777777778,0.6327777777777778,0.37033336425863866,0.6333333333333333,0.684,0.025528731825310246,0.03498843951443796,-0.04690694042533793,0.05317988912417753,0.007676285623688865,533,1
rich_cond_dz_orthfrac_t3,rich_alignment,0.007603516524928391,0.8533333333333333,0.8533333333333333,0.9662113941044831,0.8333333333333334,1.0,0.004221024639468781,0.0057367989705075,0.0034570242256686144,0.01963945508208888,0.007603516524928391,534,1
guidance_early,legacy_guidance,0.0075995229751733406,0.2697222222222222,0.7302777777777778,-0.6440579865509461,0.25,0.582,0.014902612210981794,0.021104201649186582,-0.025742905563548267,0.03154069178321684,0.0075995229751733406,535,1
rich_score_angle_early,rich_score_dynamics,-0.007539381537390618,0.34944444444444445,0.6505555555555556,-0.34031030540901047,0.3,0.658,0.009708781281647913,0.014266915667105492,-0.023358344119156715,0.013997579527324982,0.007539381537390618,536,-1
rich_latent_turn_angle_mean,rich_latent_geometry,-0.0074983265481321625,0.18805555555555556,0.8119444444444445,-1.066142070687089,0.15,0.986,0.0036609683177589963,0.004839047373644238,-0.015152996857978086,-0.0005315236073148279,0.0074983265481321625,537,-1
rich_latent_cumulative_turn,rich_latent_geometry,-0.007498326548132155,0.18805555555555556,0.8119444444444445,-1.0661420707000748,0.15,0.986,0.0036609683177590007,0.004839047373644282,-0.015152996857978126,-0.0005315236073148003,0.007498326548132155,538,-1
rich_latent_turn_angle_t2,rich_latent_geometry,-0.007342546199371281,0.16555555555555557,0.8344444444444444,-1.0167863161274442,0.16666666666666666,0.95,0.005939589297567389,0.008034077882921115,-0.02117686266231671,0.0016131981620239068,0.007342546199371281,539,-1
rich_cond_uncond_cos_early,rich_alignment,0.007327043473650681,0.7758333333333334,0.7758333333333334,0.6408623192569394,0.7833333333333333,0.79,0.00937558834731351,0.012607903835139234,-0.011232327995024608,0.02503634129821639,0.007327043473650681,540,1
rich_guidance_t1_q05,rich_guidance_moments,0.0073253030044485,0.77875,0.77875,0.81738901411509,0.7833333333333333,0.722,0.014894923509656391,0.021607581687465353,-0.019524868382608227,0.03469920653154386,0.0073253030044485,541,1
rich_guidance_cond_align_middle,rich_alignment,0.00726461893388609,0.43194444444444446,0.5680555555555555,-0.26815838850285345,0.43333333333333335,0.558,0.016345711308515094,0.02424774058191391,-0.028886350268551006,0.03360410669909415,0.00726461893388609,542,1
rich_score_relchange_early,rich_score_dynamics,-0.0071559747627321256,0.19416666666666665,0.8058333333333334,-0.9136426887798362,0.18333333333333332,0.978,0.004703584973450558,0.006225292694752877,-0.019089858616522598,-0.0004628081218717993,0.0071559747627321256,543,-1
rich_score_t5_fft_entropy,rich_score_fft,0.007148989046929159,0.3616666666666667,0.6383333333333333,-0.36079405234628875,0.35,0.606,0.014527535589872976,0.018763655282897918,-0.024862450031691775,0.03171830119581505,0.007148989046929159,544,1
rich_latent_t4_var,rich_latent_typicality,0.007117007187953318,0.49111111111111105,0.508888888888889,-0.013268083055532067,0.5,0.866,0.006764645774102206,0.009586054705540673,-0.005358695616763542,0.020543580505253293,0.007117007187953318,545,1
rich_guidance_t4_median,rich_guidance_moments,0.0069143595985360585,0.5755555555555556,0.5755555555555556,0.1795736756441599,0.5166666666666667,0.676,0.017702439957626735,0.024329442668554437,-0.024574957269487694,0.04347832169339394,0.0069143595985360585,546,1
rich_guidance_t2_rms,rich_guidance_moments,-0.00690412852478027,0.23305555555555557,0.7669444444444444,-0.7809784896307416,0.2,0.7,0.014653159524192567,0.02032791060616526,-0.0370049991953847,0.01824869484979002,0.00690412852478027,547,-1
guidance_t2,legacy_guidance,-0.0069037155323758495,0.23305555555555557,0.7669444444444444,-0.7809726357628107,0.2,0.7,0.014653204001518972,0.02032698819956698,-0.037004384411921956,0.018248716344053326,0.0069037155323758495,548,-1
rich_score_consecutive_cos_middle,rich_score_dynamics,0.006851984268238301,0.7074999999999999,0.7074999999999999,0.6267001034129682,0.8,0.772,0.008802463877414995,0.012306286084606908,-0.009461778316847235,0.023795467628819567,0.006851984268238301,549,1
rich_guidance_t2_kurtosis,rich_guidance_moments,0.006831270785441033,0.8091666666666667,0.8091666666666667,0.40238847580479864,0.8333333333333334,0.766,0.012857813539403318,0.015724202301070463,-0.01946347090553983,0.032200192000258025,0.006831270785441033,550,1
rich_score_crosscos_2_5,rich_crosstime,-0.006770916820118004,0.6566666666666666,0.6566666666666666,0.41973198193238165,0.7,0.538,0.009362503740050316,0.013645803195003987,-0.018460345865334318,0.01743679589563152,0.006770916820118004,551,-1
rich_score_crosscos_0_3,rich_crosstime,-0.006746162297983286,0.5619444444444445,0.5619444444444445,0.09174783260254159,0.5666666666666667,0.68,0.011333289726438944,0.01452607172497208,-0.028130899546826828,0.01539894044890933,0.006746162297983286,552,-1
rich_score_t2_mean,rich_score_moments,-0.0066598728459873,0.5877777777777777,0.5877777777777777,0.2658397557472036,0.65,0.446,0.016435081546971198,0.022854882426432906,-0.024830958566752683,0.036885446768649806,0.0066598728459873,553,-1
rich_guidance_cond_align_t4,rich_alignment,0.0066418671033052585,0.4280555555555555,0.5719444444444445,-0.1279108375689312,0.45,0.516,0.01676773255016358,0.023760380148196987,-0.03358413371803133,0.03278231930459795,0.0066418671033052585,554,1
rich_uncond_dz_align_t1,rich_alignment,0.006533207097426175,0.2088888888888889,0.7911111111111111,-0.8155793301823542,0.18333333333333332,0.586,0.009891223086610616,0.014590621750374877,-0.01946027769715217,0.017177132300238165,0.006533207097426175,555,1
rich_cond_uncond_cos_auc,rich_alignment,0.006342118325290286,0.7797222222222222,0.7797222222222222,0.8287215682790346,0.8333333333333334,0.796,0.008417604237863086,0.011912014590277121,-0.007970993659893686,0.023653879376161018,0.006342118325290286,556,1
rich_dz_crosscos_2_4,rich_crosstime,0.006216053201511546,0.8386111111111111,0.8386111111111111,1.1257510367905885,0.8166666666666667,0.934,0.006261606169662722,0.009039464707040347,-0.0022575130511489233,0.02192045666798825,0.006216053201511546,557,1
rich_score_relchange_t0,rich_score_dynamics,-0.0061850004792863705,0.21444444444444444,0.7855555555555556,-0.8540414800912038,0.18333333333333332,0.946,0.005051903404716349,0.0067759644626013875,-0.018811598735456948,0.0016445384270517213,0.0061850004792863705,558,-1
rich_score_relchange_max,rich_score_dynamics,-0.006184897107291726,0.21444444444444444,0.7855555555555556,-0.854109984804243,0.18333333333333332,0.946,0.005052466937105444,0.006775454577109813,-0.018812994422968646,0.0016458130350443156,0.006184897107291726,559,-1
rich_latent_t3_absmean,rich_latent_typicality,0.006167718989244824,0.7013888888888888,0.7013888888888888,0.5044797997320117,0.7666666666666667,0.856,0.006409738196041321,0.008899529927717729,-0.004417391545546165,0.01956083618092988,0.006167718989244824,560,1
rich_guidance_dz_orthfrac_min,rich_alignment,0.006117837785577333,0.6444444444444445,0.6444444444444445,0.3390205258642025,0.65,0.73,0.01568676457189099,0.02057534222812708,-0.020430409389796046,0.0419287242310357,0.006117837785577333,561,1
rich_cond_uncond_cos_mean,rich_alignment,0.00610810374218868,0.7777777777777778,0.7777777777777778,0.8193626540526343,0.8166666666666667,0.802,0.008112799214050545,0.011481835633359878,-0.007276430089801877,0.0227114323068455,0.00610810374218868,562,1
rich_guidance_t3_var,rich_guidance_moments,-0.006009889804399828,0.20055555555555557,0.7994444444444444,-0.9166205474361697,0.18333333333333332,0.882,0.006993297584256547,0.00930202761002847,-0.02277744571473776,0.0038177806463034715,0.006009889804399828,563,-1
rich_guidance_cond_align_mean,rich_alignment,0.0057366152720779,0.4036111111111111,0.5963888888888889,-0.23778766931599707,0.38333333333333336,0.508,0.01206573384524728,0.01687763994510036,-0.024109279389632077,0.02323606379209329,0.0057366152720779,564,1
rich_guidance_t2_mean,rich_guidance_moments,-0.005667617543905175,0.6127777777777778,0.6127777777777778,0.2676314861510723,0.55,0.464,0.02223203511302684,0.029566341286263703,-0.03930323059669094,0.04733307180677093,0.005667617543905175,565,-1
rich_score_t4_fft_entropy,rich_score_fft,0.005609127955530437,0.37555555555555553,0.6244444444444445,-0.3174112267106792,0.35,0.604,0.013354398992739453,0.01850193845271314,-0.02161018267094575,0.03038852245781159,0.005609127955530437,566,1
rich_score_first_last_cos,rich_score_dynamics,-0.005400890847629293,0.5566666666666666,0.5566666666666666,0.07757576533425696,0.6166666666666667,0.646,0.011953856307044122,0.016030050360733163,-0.026486553154322,0.018306219865137526,0.005400890847629293,567,-1
rich_score_crosscos_0_5,rich_crosstime,-0.005400890847629293,0.5566666666666666,0.5566666666666666,0.07757576533425696,0.6166666666666667,0.646,0.011953856307044122,0.016030050360733163,-0.026486553154322,0.018306219865137526,0.005400890847629293,567,-1
rich_score_relchange_slope,rich_score_dynamics,0.005338863643506383,0.7883333333333333,0.7883333333333333,0.8629740694182777,0.8166666666666667,0.932,0.00496556437259812,0.0065389415124736325,-0.0018571580334368644,0.01830132039760944,0.005338863643506383,569,1
guidance_auc,legacy_guidance,0.005320176823692235,0.2361111111111111,0.7638888888888888,-0.8725269895721721,0.21666666666666667,0.592,0.009099262034745616,0.012739066274304347,-0.018017480650328606,0.017791209480728376,0.005320176823692235,570,1
rich_uncond_dz_align_middle,rich_alignment,0.00524785447064616,0.16638888888888892,0.8336111111111111,-0.9185190663550291,0.2,0.466,0.0067740325054526625,0.009478828060430922,-0.016532238573146386,0.010457698231251679,0.00524785447064616,571,1
rich_latent_turn_cos_t2,rich_latent_geometry,0.005244757530815358,0.8344444444444445,0.8344444444444445,0.9351890557349514,0.8333333333333334,0.932,0.005499178253686659,0.006865703904014626,-0.002770627901649756,0.019030787821166843,0.005244757530815358,572,1
rich_dz_crosscos_2_3,rich_crosstime,0.005244757530815358,0.8344444444444445,0.8344444444444445,0.9351890557349514,0.8333333333333334,0.932,0.005499178253686659,0.006865703904014626,-0.002770627901649756,0.019030787821166843,0.005244757530815358,572,1
rich_score_t3_q75,rich_score_moments,-0.005235453300574215,0.14791666666666667,0.8520833333333333,-1.1145389074339185,0.13333333333333333,0.88,0.00870810284899847,0.011575037181477251,-0.026645399480912973,0.005847433692042458,0.005235453300574215,574,-1
rich_score_change_auc,rich_score_dynamics,-0.0051701255167476085,0.23527777777777778,0.7647222222222222,-0.7739727696759511,0.16666666666666666,0.79,0.005417037056098096,0.007081241160877749,-0.015727959072031103,0.0060091543369719495,0.0051701255167476085,575,-1
rich_guidance_dz_orthfrac_std,rich_alignment,-0.005161534860612035,0.36388888888888893,0.6361111111111111,-0.3295746777828195,0.3333333333333333,0.712,0.015765161013196635,0.020507276158250667,-0.03927165019251004,0.021935958061454874,0.005161534860612035,576,-1
rich_guidance_t4_q75,rich_guidance_moments,-0.005127273491078741,0.26611111111111113,0.7338888888888888,-0.7512379947743076,0.23333333333333334,0.716,0.010690631344424804,0.013728758732013149,-0.027193831950652426,0.01560264544477072,0.005127273491078741,577,-1
rich_score_t1_q25,rich_score_moments,0.005023314711035506,0.705138888888889,0.705138888888889,0.583006534736641,0.7333333333333333,0.756,0.01039104484489219,0.013676708687137924,-0.011628179343533461,0.027879427157555488,0.005023314711035506,578,1
rich_guidance_dz_orthfrac_t3,rich_alignment,-0.004916628698174735,0.6525000000000001,0.6525000000000001,0.45808984902648847,0.7,0.596,0.008257030787033258,0.011051270141512037,-0.017605311285830465,0.013311837908780343,0.004916628698174735,579,-1
rich_score_relchange_std,rich_score_dynamics,-0.004908151259504593,0.22638888888888886,0.7736111111111111,-0.8243335709129151,0.18333333333333332,0.906,0.00508950620641465,0.006792849816849925,-0.01750196281207831,0.002978959130776624,0.004908151259504593,580,-1
rich_uncond_dz_align_t3,rich_alignment,-0.004900757700699616,0.15611111111111114,0.8438888888888889,-0.9530404306504278,0.16666666666666666,0.96,0.006150069381712599,0.008304496980580979,-0.023056728300663475,0.0004543381547319545,0.004900757700699616,581,-1
rich_latent_t3_q95,rich_latent_typicality,-0.004815921749113932,0.7875000000000001,0.7875000000000001,0.707490060714382,0.8166666666666667,0.51,0.010731510946513277,0.015408700370411164,-0.02083471441720216,0.019856494561570785,0.004815921749113932,582,-1
rich_cond_uncond_cos_t5,rich_alignment,-0.004756041779378092,0.30500000000000005,0.695,-0.40300530948057217,0.25,0.694,0.013490251367013312,0.018000945201711797,-0.03411005670385566,0.01809151264557901,0.004756041779378092,583,-1
rich_cond_dz_align_early,rich_alignment,0.004699693872568256,0.21222222222222223,0.7877777777777778,-0.8056452638008773,0.21666666666666667,0.518,0.008931082983305062,0.013012298924077292,-0.018967556018177643,0.014498101373554352,0.004699693872568256,584,1
rich_cond_uncond_normratio_min,rich_alignment,-0.004694794642697513,0.6258333333333334,0.6258333333333334,0.3039363187497324,0.5833333333333334,0.53,0.015123372169879983,0.020510217317034413,-0.02609334998955678,0.031242493145709798,0.004694794642697513,585,-1
rich_cond_dz_align_middle,rich_alignment,0.004620711086910776,0.1622222222222222,0.8377777777777777,-0.9534351651236834,0.2,0.43,0.006488929765052609,0.009044776094695403,-0.01604117992968884,0.009591154927515355,0.004620711086910776,586,1
rich_score_consecutive_cos_slope,rich_score_dynamics,0.004531884367816945,0.5530555555555555,0.5530555555555555,0.15633950384769413,0.5833333333333334,0.756,0.009837482323021715,0.014044753923659937,-0.012232713448728692,0.0263432022429195,0.004531884367816945,587,1
rich_score_t5_h_autocorr,rich_score_spatial,0.0044776296649814825,0.8427777777777777,0.8427777777777777,1.058908489282305,0.9,0.708,0.019248999211267447,0.02634048259166725,-0.02054846308897503,0.05108186159367678,0.0044776296649814825,588,1
rich_guidance_cond_align_auc,rich_alignment,0.004434046168632935,0.40638888888888886,0.5936111111111111,-0.25573135562167504,0.35,0.488,0.012793277872235111,0.018169994072512227,-0.024643018473595135,0.023753067269261786,0.004434046168632935,589,1
rich_score_angle_auc,rich_score_dynamics,-0.004414138142734378,0.2975,0.7025,-0.5741663933820805,0.18333333333333332,0.7,0.007410626894353808,0.010537907743335484,-0.017504369763431817,0.010386569071848624,0.004414138142734378,590,-1
rich_score_consecutive_cos_auc,rich_score_dynamics,0.004399258855645278,0.6788888888888889,0.6788888888888889,0.443452095323146,0.7833333333333333,0.634,0.008085182535980534,0.011386930725988752,-0.012277782027911925,0.017186043663102692,0.004399258855645278,591,1
rich_guidance_t5_skew,rich_guidance_moments,-0.004287087597369226,0.48972222222222217,0.5102777777777778,0.1935634642282052,0.48333333333333334,0.586,0.024087877918158918,0.032128367800955925,-0.05177685018272226,0.04675217167744401,0.004287087597369226,592,-1
rich_guidance_t5_var,rich_guidance_moments,0.004007991636224627,0.6736111111111112,0.6736111111111112,0.3430700150569653,0.7166666666666667,0.648,0.013745820969293337,0.018388804721776956,-0.018628750469272388,0.03407537568413404,0.004007991636224627,593,1
rich_dz_crosscos_0_3,rich_crosstime,-0.00399209285717075,0.4202777777777778,0.5797222222222222,-0.23379942407605261,0.5,0.694,0.012779605078397564,0.017771831666833608,-0.030436358089940215,0.017733970631183434,0.00399209285717075,594,-1
rich_guidance_t1_var,rich_guidance_moments,-0.003950607499174322,0.24555555555555555,0.7544444444444445,-0.5382536054005814,0.21666666666666667,0.686,0.011706179084847607,0.017091788337991472,-0.02648331314938982,0.017047776517970882,0.003950607499174322,595,-1
rich_guidance_cond_align_late,rich_alignment,-0.003937726611400245,0.4025,0.5974999999999999,-0.19551257784701903,0.35,0.662,0.015787827223648396,0.021927174933188617,-0.04149239238260223,0.019223680183521923,0.003937726611400245,596,-1
rich_guidance_t5_q75,rich_guidance_moments,-0.003937537555382912,0.5429166666666666,0.5429166666666666,0.0741183677556229,0.4666666666666667,0.398,0.01931640563907703,0.02877964035077142,-0.026337281893326948,0.04257879267528909,0.003937537555382912,597,-1
rich_score_t3_fft_entropy,rich_score_fft,-0.003906307295840061,0.38166666666666665,0.6183333333333334,-0.30120469545384515,0.38333333333333336,0.582,0.013631493138125984,0.018669778526578855,-0.03083144567716052,0.023917584775868413,0.003906307295840061,598,-1
rich_cond_dz_orthfrac_mean,rich_alignment,0.003863479167344141,0.8291666666666666,0.8291666666666666,0.9305533483177473,0.7833333333333333,0.96,0.0049250169256723235,0.006587792950768036,-0.0008834154480611135,0.01866231560361051,0.003863479167344141,599,1
rich_cond_dz_align_t3,rich_alignment,-0.0038534611349993033,0.1466666666666667,0.8533333333333333,-0.9929323370475446,0.16666666666666666,0.956,0.005763130708557748,0.007873682889327216,-0.02144978143975362,0.0008458183859754385,0.0038534611349993033,600,-1
rich_guidance_t0_skew,rich_guidance_moments,-0.003758700333109283,0.5022222222222222,0.5022222222222222,0.04500147026027787,0.5,0.494,0.026911693107987297,0.03932465180547829,-0.04982971439917174,0.04984081557805126,0.003758700333109283,601,-1
rich_cond_dz_orthfrac_auc,rich_alignment,0.003735871473843539,0.8358333333333333,0.8358333333333333,0.9514864924564537,0.7833333333333333,0.956,0.004873553053142424,0.006548198050348514,-0.0013307436984759619,0.018192440958813543,0.003735871473843539,602,1
endpoint_skew,endpoint,-0.003693532697372626,0.6561111111111111,0.6561111111111111,0.39686504693726027,0.7,0.486,0.012540028110437945,0.017039023972426532,-0.023337034566647277,0.024664315831985233,0.003693532697372626,603,-1
rich_guidance_t0_median,rich_guidance_moments,-0.0036654613384529177,0.4611111111111111,0.538888888888889,-0.04114125442459829,0.5,0.646,0.01893213945355965,0.024458201053389562,-0.04484584841204898,0.030802786616240738,0.0036654613384529177,604,-1
rich_latent_t2_q95,rich_latent_typicality,-0.003614604136460946,0.8090277777777778,0.8090277777777778,0.7959907553767317,0.8166666666666667,0.504,0.009162232665791508,0.012362806336899278,-0.01873500312867203,0.01720231867311354,0.003614604136460946,605,-1
rich_cond_uncond_cos_t0,rich_alignment,0.0033800598659612328,0.725,0.725,0.6191599285907038,0.75,0.66,0.008459680033685267,0.01191974467811521,-0.012568101314334177,0.019187489525939197,0.0033800598659612328,606,1
rich_score_secondchange_min,rich_score_dynamics,-0.0032398238638663914,0.3452777777777778,0.6547222222222222,-0.5883854447003108,0.26666666666666666,0.47,0.007817968478797187,0.010534896660792503,-0.014822793051914392,0.01608724581239729,0.0032398238638663914,607,-1
rich_score_angle_mean,rich_score_dynamics,0.0031930195454462,0.32611111111111113,0.6738888888888889,-0.4604538798621667,0.2,0.686,0.006759782838816125,0.009050581568140878,-0.010038700756948009,0.015855971295078968,0.0031930195454462,608,1
rich_score_cumulative_angle,rich_score_dynamics,0.003193019545446174,0.32611111111111113,0.6738888888888889,-0.4604538798771039,0.2,0.686,0.006759782838816119,0.009050581568140871,-0.01003870075694801,0.015855971295078947,0.003193019545446174,609,1
rich_score_secondchange_t3,rich_score_dynamics,-0.0031092725853740974,0.34638888888888886,0.6536111111111111,-0.5839583452249271,0.26666666666666666,0.462,0.007805769041705709,0.010604728495555975,-0.014688973318758944,0.01617460767645101,0.0031092725853740974,610,-1
rich_score_secondchange_late,rich_score_dynamics,-0.0031092725853740974,0.34638888888888886,0.6536111111111111,-0.5839583452249271,0.26666666666666666,0.462,0.007805769041705709,0.010604728495555975,-0.014688973318758944,0.01617460767645101,0.0031092725853740974,610,-1
rich_cond_dz_align_t1,rich_alignment,0.003105438779735838,0.18861111111111112,0.8113888888888889,-0.876019533158393,0.18333333333333332,0.476,0.00855531694835377,0.012363125262541505,-0.019462967554016414,0.012488130511960556,0.003105438779735838,612,1
rich_latent_turn_cos_std,rich_latent_geometry,0.003105283129860258,0.7947222222222222,0.7947222222222222,0.9331500703717477,0.8333333333333334,0.902,0.005987012305942914,0.007537672703328363,-0.0039037165890076497,0.020011815511135317,0.003105283129860258,613,1
rich_score_t2_skew,rich_score_moments,0.0029926345074877004,0.6480555555555556,0.6480555555555556,0.361887053040493,0.6333333333333333,0.594,0.012611839678855187,0.01724986106936019,-0.022178010534630574,0.02744178558205872,0.0029926345074877004,614,1
rich_guidance_t4_nearzero,rich_guidance_moments,0.0029886568142172398,0.7561111111111112,0.7561111111111112,0.7430736910622278,0.75,0.63,0.009359321678882895,0.013099674151801476,-0.01284814613232387,0.02344073110440555,0.0029886568142172398,615,1
rich_score_crosscos_2_4,rich_crosstime,-0.002969422385476512,0.7005555555555555,0.7005555555555555,0.6250961215727815,0.7666666666666667,0.364,0.008927918153211943,0.012870560470381057,-0.013593552970720783,0.02060041797748375,0.002969422385476512,616,-1
rich_score_change_t1,rich_score_dynamics,0.0029106649225849584,0.27361111111111114,0.7263888888888889,-0.62219426304514,0.21666666666666667,0.564,0.008223246344684293,0.010757220019279472,-0.015474125707327393,0.016782748166530546,0.0029106649225849584,617,1
eps_t3,legacy_noise,0.002906484874696294,0.2819444444444445,0.7180555555555554,-0.6258772737246723,0.26666666666666666,0.538,0.005173682733077304,0.006925899103756881,-0.010839983548331279,0.008792188281690705,0.002906484874696294,618,1
rich_score_norm_t3,rich_score_dynamics,0.0029064817421236054,0.2819444444444445,0.7180555555555554,-0.6258771832040568,0.26666666666666666,0.538,0.005173676052088882,0.006925892532178602,-0.010839983565894133,0.008792171535479657,0.0029064817421236054,619,1
rich_score_t3_rms,rich_score_moments,0.0029064817421236054,0.2819444444444445,0.7180555555555554,-0.6258771832040568,0.26666666666666666,0.538,0.005173676052088882,0.006925892532178602,-0.010839983565894133,0.008792171535479657,0.0029064817421236054,619,1
rich_score_t4_nearzero,rich_score_moments,0.0027134720903502652,0.73,0.73,0.6084723642831426,0.6833333333333333,0.658,0.017646562190900886,0.02425841149241255,-0.030925220336632184,0.0396125592697962,0.0027134720903502652,621,1
guidance_t1,legacy_guidance,0.0026762083398871274,0.24555555555555555,0.7544444444444445,-0.7319380884592651,0.21666666666666667,0.398,0.014206237307400891,0.020214056480586176,-0.02694814116385627,0.026279943595759227,0.0026762083398871274,622,1
rich_guidance_t1_rms,rich_guidance_moments,0.002675907888814532,0.24555555555555555,0.7544444444444445,-0.7319342324187025,0.21666666666666667,0.398,0.01420622986971988,0.020213733143304657,-0.026948236953124934,0.02627988570637827,0.002675907888814532,623,1
rich_cond_dz_orthfrac_middle,rich_alignment,-0.002530535791685278,0.8316666666666667,0.8316666666666667,0.9262088741302764,0.8166666666666667,0.318,0.0050906027578718534,0.007161802443175082,-0.006408561068809439,0.013387683284991757,0.002530535791685278,624,-1
rich_score_consecutive_cos_mean,rich_score_dynamics,-0.0025097541147630566,0.6163888888888888,0.6163888888888888,0.2226377795802168,0.6666666666666666,0.686,0.008677090377486586,0.012028956394213095,-0.021635768559273575,0.012228973241387168,0.0025097541147630566,625,-1
rich_cond_dz_orthfrac_t1,rich_alignment,0.0024974268398370854,0.8113888888888889,0.8113888888888889,0.9045390310945414,0.8166666666666667,0.762,0.007105075986134335,0.010094744156002056,-0.006629616560242659,0.020509904557039497,0.0024974268398370854,626,1
rich_score_t3_var,rich_score_moments,0.0022116176060149838,0.2819444444444445,0.7180555555555554,-0.6322852029051166,0.26666666666666666,0.476,0.004914991382954504,0.006560151247188369,-0.011067293638954888,0.007987254294546444,0.0022116176060149838,627,1
rich_latent_t0_q25,rich_latent_typicality,0.0021187302383907126,0.643888888888889,0.643888888888889,0.36471273660582454,0.6666666666666666,0.708,0.010488413929639836,0.01366254986435238,-0.016616718584005503,0.026543349931270447,0.0021187302383907126,628,1
rich_latent_t5_extreme3,rich_latent_typicality,0.0020726880669451916,0.8052777777777779,0.8052777777777779,0.8502381083708899,0.7833333333333333,0.788,0.015811643626673293,0.021972786469635144,-0.01579473854073706,0.04654586109516,0.0020726880669451916,629,1
rich_guidance_cond_align_std,rich_alignment,-0.001968410061393292,0.3852777777777778,0.6147222222222222,-0.28372236992073935,0.45,0.588,0.015698655693685858,0.021160721795615074,-0.03294252652445707,0.02919283012380181,0.001968410061393292,630,-1
guidance_max,legacy_guidance,0.001654252800320429,0.24888888888888888,0.7511111111111111,-0.8743593604565344,0.23333333333333334,0.432,0.010725462930556486,0.016367695484083063,-0.022022614258862146,0.018484898871162593,0.001654252800320429,631,1
rich_latent_t1_q25,rich_latent_typicality,0.0016446348898396016,0.6434722222222222,0.6434722222222222,0.36450691993888357,0.6666666666666666,0.682,0.010529047378289625,0.013687893175973164,-0.0169595428340483,0.026306957864831268,0.0016446348898396016,632,1
rich_score_consecutive_cos_early,rich_score_dynamics,-0.0013595532021971326,0.5252777777777778,0.5252777777777778,0.0403849349538144,0.5,0.678,0.009689290102893804,0.0136159056395859,-0.022288495742275146,0.014966800046734533,0.0013595532021971326,633,-1
latent_roundtrip_mse,roundtrip,-0.0012803225520399105,0.586388888888889,0.586388888888889,0.22882339980537653,0.6166666666666667,0.45,0.028878233324338535,0.04298453022287383,-0.0510545974818792,0.05875087206390685,0.0012803225520399105,634,-1
rich_cond_uncond_normratio_max,rich_alignment,-0.0012427211040726227,0.3769444444444444,0.6230555555555556,-0.34441920139437093,0.4,0.554,0.012199892370786029,0.01593158552594631,-0.02465054340970485,0.023822583779791684,0.0012427211040726227,635,-1
rich_cond_dz_orthfrac_early,rich_alignment,-0.0011856202397308208,0.7416666666666667,0.7416666666666667,0.6643738223842519,0.7,0.398,0.00831371504512632,0.010606381274048329,-0.012537358365660226,0.019789170450098377,0.0011856202397308208,636,-1
rich_latent_turn_angle_std,rich_latent_geometry,0.0008782138689300024,0.7980555555555555,0.7980555555555555,1.0969121752393005,0.8333333333333334,0.866,0.004103458964387463,0.005396021703563554,-0.0030909442247580247,0.012917238299448398,0.0008782138689300024,637,1
rich_guidance_dz_align_early,rich_alignment,0.0006894393689275244,0.46944444444444444,0.5305555555555556,-0.10395136214414016,0.48333333333333334,0.466,0.010725630940063206,0.015269350579833692,-0.02100331221190691,0.020103806224639947,0.0006894393689275244,638,1
rich_score_crosscos_0_4,rich_crosstime,0.0005603032275523197,0.5758333333333334,0.5758333333333334,0.12923875212620325,0.6166666666666667,0.516,0.011538871993599542,0.015720267562576364,-0.02157270168207529,0.022089508950368625,0.0005603032275523197,639,1
rich_guidance_t0_maxabs,rich_guidance_moments,0.0005246257798139596,0.5325,0.5325,-0.046555108484419086,0.5166666666666667,0.52,0.02077281133704106,0.028678315986081553,-0.03088470023102917,0.045747441660572354,0.0005246257798139596,640,1
rich_score_angle_std,rich_score_dynamics,0.0004786242695781011,0.6927777777777777,0.6927777777777777,0.5460240338259766,0.7333333333333333,0.654,0.007762225754806851,0.009596967163800733,-0.0117399021548753,0.01913854152869616,0.0004786242695781011,641,1
rich_latent_turn_angle_max,rich_latent_geometry,0.0004708744656400283,0.5702777777777777,0.5702777777777777,0.22192703555967597,0.6,0.766,0.009263358520793132,0.011939593216508214,-0.011905076142369858,0.024043924501045626,0.0004708744656400283,642,1
rich_latent_turn_angle_t0,rich_latent_geometry,0.0004708744656400283,0.5702777777777777,0.5702777777777777,0.22192703555967597,0.6,0.766,0.009263358520793132,0.011939593216508214,-0.011905076142369858,0.024043924501045626,0.0004708744656400283,642,1
rich_latent_t4_q75,rich_latent_typicality,0.0004503672914509331,0.6991666666666667,0.6991666666666667,0.4861220071109474,0.6833333333333333,0.506,0.01013006509610032,0.014011325335827132,-0.016650517827991172,0.022890157917902724,0.0004503672914509331,644,1
rich_latent_t5_q05,rich_latent_typicality,0.00042977496110913505,0.7865277777777777,0.7865277777777777,0.9105499801232333,0.8333333333333334,0.678,0.007635148069809193,0.009941652497871654,-0.00994325939394566,0.018464828116374708,0.00042977496110913505,645,1
rich_score_t2_q25,rich_score_moments,-0.0003983034991181214,0.8068055555555556,0.8068055555555556,0.832050180286562,0.8333333333333334,0.25,0.009427408991357243,0.01416578325687071,-0.011515404439222611,0.024436928550507997,0.0003983034991181214,646,-1
rich_guidance_t1_median,rich_guidance_moments,-0.00022175722737936566,0.4423611111111111,0.5576388888888889,-0.0386366198418071,0.4666666666666667,0.532,0.01785224795858741,0.02403236850996729,-0.03643512223641026,0.02895764322638671,0.00022175722737936566,647,-1
rich_dz_crosscos_0_1,rich_crosstime,-0.00019347702855379906,0.4297222222222222,0.5702777777777778,-0.2198467773906259,0.4,0.758,0.009271158406871814,0.011979429238532072,-0.02384960852632878,0.01206331270056817,0.00019347702855379906,648,-1
rich_latent_turn_cos_min,rich_latent_geometry,-0.00019347702855379906,0.4297222222222222,0.5702777777777778,-0.2198467773906259,0.4,0.758,0.009271158406871814,0.011979429238532072,-0.02384960852632878,0.01206331270056817,0.00019347702855379906,648,-1
rich_latent_turn_cos_t0,rich_latent_geometry,-0.00019347702855379906,0.4297222222222222,0.5702777777777778,-0.2198467773906259,0.4,0.758,0.009271158406871814,0.011979429238532072,-0.02384960852632878,0.01206331270056817,0.00019347702855379906,648,-1
rich_guidance_t1_q95,rich_guidance_moments,0.00011277709058225403,0.22791666666666668,0.7720833333333333,-0.7727155088515671,0.2,0.39,0.015026166176226046,0.02134032919554138,-0.0306465879369523,0.0239485025151638,0.00011277709058225403,651,1
rich_guidance_dz_align_middle,rich_alignment,7.854191689504209e-05,0.32,0.6799999999999999,-0.5974613869680694,0.31666666666666665,0.41,0.0116103515795534,0.016112557389817993,-0.02338173944453942,0.02123625336570026,7.854191689504209e-05,652,1
