feature,family,coef,univariate_auroc,univariate_auroc_direction_free,paired_cohens_d,frac_pairs_fake_higher,sign_stability,boot_coef_std,boot_coef_iqr,boot_ci_lo,boot_ci_hi,abs_coef,abs_coef_rank,sign
rich_guidance_t2_median,rich_guidance_moments,-0.23877913542401244,0.46444444444444444,0.5355555555555556,-0.1125477527270724,0.4166666666666667,0.996,0.05420977264619223,0.07780386474549572,-0.2503441170850223,-0.04240300066848552,0.23877913542401244,1,-1
rich_guidance_t4_mean,rich_guidance_moments,0.21152449189248215,0.6227777777777778,0.6227777777777778,0.23600894809193657,0.6,0.98,0.06612648732002553,0.09181368956540746,0.0050780785246630515,0.2519752093803777,0.21152449189248215,2,1
rich_guidance_t0_skew,rich_guidance_moments,0.20324776710872766,0.5175,0.5175,0.09756853641307633,0.48333333333333334,0.95,0.06618523591605291,0.09361788579868387,-0.02988946296214768,0.2278715371688872,0.20324776710872766,3,1
rich_guidance_t4_skew,rich_guidance_moments,0.19328233703427591,0.5941666666666666,0.5941666666666666,0.28527111185260423,0.5833333333333334,0.992,0.05416309892413822,0.07432377192449595,0.01610918421572736,0.22980153614447285,0.19328233703427591,4,1
rich_score_t5_nearzero,rich_score_moments,-0.19254244847742036,0.4801388888888889,0.5198611111111111,-0.036439067135183516,0.5,0.976,0.056953496006889336,0.08066204824829917,-0.21938972872948873,-0.004437439589749596,0.19254244847742036,5,-1
rich_guidance_t5_median,rich_guidance_moments,0.18879194734444676,0.5955555555555556,0.5955555555555556,0.18719066143418925,0.5666666666666667,0.98,0.0557157111254742,0.07766021842564004,0.002465725018950369,0.2242394500406631,0.18879194734444676,6,1
rich_guidance_t3_median,rich_guidance_moments,-0.17669106352398928,0.49694444444444447,0.5030555555555556,-0.061737227168201333,0.5333333333333333,0.944,0.05869246132481785,0.078223486155687,-0.20218786967733923,0.02339661759924489,0.17669106352398928,7,-1
rich_score_t0_mean,rich_score_moments,-0.16148239198309258,0.42611111111111105,0.5738888888888889,-0.17680615265796343,0.4666666666666667,0.986,0.059532598398014704,0.08575862932287485,-0.24417505739563095,-0.01455117549671851,0.16148239198309258,8,-1
rich_score_t3_nearzero,rich_score_moments,-0.1522397385037417,0.5480555555555555,0.5480555555555555,0.13141930204110708,0.5666666666666667,0.886,0.06454969237674335,0.08828778277818042,-0.20714905505814246,0.03764520857888109,0.1522397385037417,9,-1
rich_latent_step_t5,rich_latent_geometry,-0.1492460038022385,0.43083333333333335,0.5691666666666666,-0.2675548924697512,0.45,1.0,0.019843023199669005,0.028252282854242583,-0.1513777723050265,-0.07489276798159593,0.1492460038022385,10,-1
rich_score_t0_kurtosis,rich_score_moments,0.1438660011442752,0.528611111111111,0.528611111111111,0.20119350532782523,0.5166666666666667,0.922,0.06281713297407229,0.08544517182454342,-0.029746165308305723,0.19672447913136895,0.1438660011442752,11,1
rich_latent_t4_nearzero,rich_latent_typicality,-0.14316468112832595,0.501388888888889,0.501388888888889,0.004085288173729685,0.48333333333333334,0.91,0.06323144635163364,0.0846221713400678,-0.20626565283862225,0.04343240022586831,0.14316468112832595,12,-1
rich_guidance_t1_kurtosis,rich_guidance_moments,-0.1387938578974178,0.4638888888888889,0.5361111111111111,-0.04502794281093793,0.5,1.0,0.049883254537607724,0.0692794587106589,-0.2299097596167761,-0.040476738889770804,0.1387938578974178,13,-1
rich_latent_step_slope,rich_latent_geometry,-0.13744417789533556,0.455,0.5449999999999999,-0.17568940888671056,0.45,1.0,0.016678892602322984,0.023544544672729997,-0.13348885632498086,-0.06792362298811053,0.13744417789533556,14,-1
rich_guidance_dz_orthfrac_t4,rich_alignment,-0.13621131746349982,0.44027777777777777,0.5597222222222222,-0.23593786162446231,0.43333333333333335,0.948,0.05298610629079859,0.06734582567692939,-0.19380283127139775,0.01574197168024986,0.13621131746349982,15,-1
rich_latent_step_late,rich_latent_geometry,-0.1357410824866991,0.43472222222222223,0.5652777777777778,-0.24874731151120102,0.45,1.0,0.015562603297798015,0.022214890058945932,-0.13133168393683992,-0.07015337421249639,0.1357410824866991,16,-1
rich_guidance_t3_skew,rich_guidance_moments,-0.13372563188719616,0.4322222222222223,0.5677777777777777,-0.11108733051978582,0.45,0.888,0.0642076723227549,0.084168621647469,-0.2072731023789839,0.04519977167612809,0.13372563188719616,17,-1
rich_guidance_t1_maxabs,rich_guidance_moments,-0.1310632475894266,0.41388888888888886,0.5861111111111111,-0.22827466706589844,0.4166666666666667,0.996,0.03489360349325252,0.04823327720273775,-0.15112442643480112,-0.017895676154716347,0.1310632475894266,18,-1
rich_guidance_dz_orthfrac_t2,rich_alignment,0.12955217915772244,0.5991666666666666,0.5991666666666666,0.2474600608783043,0.5333333333333333,0.842,0.060155647729191956,0.08883394664562819,-0.06223922139175996,0.1634732879856002,0.12955217915772244,19,1
rich_latent_step_t3,rich_latent_geometry,-0.12798434247003954,0.4227777777777778,0.5772222222222222,-0.29756345663437533,0.45,1.0,0.015560847174340108,0.022840606944862424,-0.12435348488343335,-0.06760837415880337,0.12798434247003954,20,-1
rich_latent_t2_nearzero,rich_latent_typicality,0.12636423145714748,0.6277777777777778,0.6277777777777778,0.26412725155850275,0.5833333333333334,0.876,0.06557306066495451,0.09334105883404918,-0.04809905192923887,0.190939032079009,0.12636423145714748,21,1
speed_mean,legacy_geometry,-0.12455705335347769,0.4227777777777778,0.5772222222222222,-0.3325134827647563,0.4166666666666667,1.0,0.013321906857004745,0.01942331760523798,-0.12043944420725072,-0.06959781905447641,0.12455705335347769,22,-1
rich_latent_step_mean,rich_latent_geometry,-0.12455705335347769,0.4227777777777778,0.5772222222222222,-0.3325134827647563,0.4166666666666667,1.0,0.013321906857004745,0.01942331760523798,-0.12043944420725072,-0.06959781905447641,0.12455705335347769,22,-1
path_length,legacy_geometry,-0.12455705335347764,0.4227777777777778,0.5772222222222222,-0.3325134827817648,0.4166666666666667,1.0,0.013321906857004746,0.019423317605237925,-0.12043944420725065,-0.06959781905447641,0.12455705335347764,24,-1
rich_guidance_t1_median,rich_guidance_moments,-0.12342847927165795,0.43166666666666675,0.5683333333333332,-0.11555928553033233,0.38333333333333336,0.916,0.0652572865721759,0.08867310617444707,-0.21703348434221767,0.03238723487417859,0.12342847927165795,25,-1
latent_roundtrip_mse,roundtrip,-0.12340582403358355,0.4241666666666667,0.5758333333333333,-0.10132743241159711,0.38333333333333336,0.938,0.05230260052787487,0.06748162197727212,-0.1870800710596848,0.014853336671903484,0.12340582403358355,26,-1
rich_guidance_t5_mean,rich_guidance_moments,0.12260195398178117,0.5394444444444445,0.5394444444444445,0.11500077734405019,0.5,0.9,0.06473817732895648,0.08872190088078763,-0.042285296746846286,0.20813456484641252,0.12260195398178117,27,1
rich_latent_step_t4,rich_latent_geometry,-0.12173808799684675,0.44333333333333325,0.5566666666666668,-0.22925753244835934,0.45,1.0,0.01396927610069897,0.01944897685334601,-0.11716605578590518,-0.06417512040209708,0.12173808799684675,28,-1
rich_latent_t3_extreme3,rich_latent_typicality,0.12016315798672733,0.5863888888888888,0.5863888888888888,0.24145474752665277,0.5166666666666667,0.974,0.03445563465072349,0.04733185027785805,-0.0004620519277928291,0.12645402537570588,0.12016315798672733,29,1
rich_latent_step_auc,rich_latent_geometry,-0.11988380186896999,0.4166666666666667,0.5833333333333333,-0.34147731430500694,0.4166666666666667,1.0,0.012795277215412054,0.01806818816413862,-0.11588741867320661,-0.06782299191630324,0.11988380186896999,30,-1
rich_guidance_t5_q75,rich_guidance_moments,0.11646216499084568,0.6409722222222223,0.6409722222222223,0.3695807216008291,0.6333333333333333,0.99,0.03442436804493076,0.04878466804081721,0.013032541308870578,0.14335190363847156,0.11646216499084568,31,1
rich_cond_uncond_normratio_t4,rich_alignment,-0.11573673437833042,0.38333333333333336,0.6166666666666667,-0.2822620050275125,0.38333333333333336,0.984,0.04851926013014956,0.07169610932938794,-0.18184608050369921,-0.004907588759791198,0.11573673437833042,32,-1
rich_latent_step_middle,rich_latent_geometry,-0.11533533055522142,0.4144444444444444,0.5855555555555556,-0.32439022620778374,0.43333333333333335,1.0,0.014492537601411863,0.020800702318658854,-0.11646339376527436,-0.06336188434706283,0.11533533055522142,33,-1
rich_score_t1_maxabs,rich_score_moments,-0.1150925301110926,0.37152777777777785,0.6284722222222221,-0.24774099136210656,0.2833333333333333,0.96,0.047436510955871404,0.06250549036902792,-0.1778545156887959,0.0117210615252544,0.1150925301110926,34,-1
rich_score_t3_maxabs,rich_score_moments,-0.11463867129044016,0.4819444444444445,0.5180555555555555,-0.03756965938680253,0.48333333333333334,0.886,0.0472498087057394,0.06410073702390474,-0.15722420243805138,0.03165497302806905,0.11463867129044016,35,-1
rich_dz_crosscos_0_3,rich_crosstime,0.11365445453699019,0.681111111111111,0.681111111111111,0.38187473583569553,0.6666666666666666,0.976,0.04227464636568194,0.05706549698311954,0.00048061819202199784,0.16813712069972053,0.11365445453699019,36,1
rich_latent_endpoint_displacement,rich_latent_geometry,-0.11324422568388386,0.4338888888888889,0.5661111111111111,-0.2822340713765782,0.4166666666666667,1.0,0.012776569696470492,0.01893687583170567,-0.11129792592622993,-0.06398227200786721,0.11324422568388386,37,-1
rich_score_t2_mean,rich_score_moments,0.109176109658737,0.5430555555555556,0.5430555555555556,0.050305585156120214,0.55,0.838,0.05317202223390197,0.08174061328799363,-0.041779100260316,0.14905678055546134,0.109176109658737,38,1
rich_guidance_dz_orthfrac_t3,rich_alignment,-0.10629464067319395,0.5369444444444444,0.5369444444444444,0.08645751091876035,0.5333333333333333,0.818,0.06006879101997246,0.08346138423102387,-0.16108471703065536,0.06265137370163001,0.10629464067319395,39,-1
rich_score_t2_v_autocorr,rich_score_spatial,0.10584722003488284,0.6222222222222222,0.6222222222222222,0.3496385032221658,0.6666666666666666,1.0,0.03179939868686898,0.04266732253909747,0.02591584647022669,0.1579769619127664,0.10584722003488284,40,1
rich_score_t5_mean,rich_score_moments,-0.10307452821718022,0.4311111111111111,0.5688888888888889,-0.2075786132654739,0.4,0.998,0.03094850093068143,0.042085157706703936,-0.1399179806733069,-0.02006527405901936,0.10307452821718022,41,-1
rich_latent_t2_extreme3,rich_latent_typicality,0.1017078746277483,0.6055555555555555,0.6055555555555555,0.2713247878691854,0.5166666666666667,0.974,0.03252689163582626,0.04060216933922976,-5.1957391456269625e-05,0.12454840409123268,0.1017078746277483,42,1
rich_guidance_dz_align_t2,rich_alignment,-0.10090741210125605,0.38,0.62,-0.30368450999106467,0.38333333333333336,0.952,0.03872925398708435,0.050073244141229226,-0.1412427905720947,0.01705639827604687,0.10090741210125605,43,-1
rich_score_consecutive_cos_t4,rich_score_dynamics,-0.10088891512476182,0.3327777777777778,0.6672222222222222,-0.5785639200564575,0.3333333333333333,1.0,0.0170794911692052,0.02405039365399815,-0.10663081165661574,-0.04424351787741862,0.10088891512476182,44,-1
rich_score_consecutive_cos_late,rich_score_dynamics,-0.10088891512476182,0.3327777777777778,0.6672222222222222,-0.5785639200564575,0.3333333333333333,1.0,0.0170794911692052,0.02405039365399815,-0.10663081165661574,-0.04424351787741862,0.10088891512476182,44,-1
rich_score_crosscos_4_5,rich_crosstime,-0.10088891512476182,0.3327777777777778,0.6672222222222222,-0.5785639200564575,0.3333333333333333,1.0,0.0170794911692052,0.02405039365399815,-0.10663081165661574,-0.04424351787741862,0.10088891512476182,44,-1
rich_score_consecutive_cos_max,rich_score_dynamics,-0.09915054322371114,0.33333333333333337,0.6666666666666666,-0.5747262137687116,0.3333333333333333,1.0,0.017058146601056295,0.02395868597437334,-0.10564593880516694,-0.04227997937902119,0.09915054322371114,47,-1
rich_guidance_dz_align_t4,rich_alignment,-0.09859501600869817,0.4594444444444445,0.5405555555555555,-0.12638672860344063,0.4666666666666667,0.946,0.048537495550732876,0.0669056060268101,-0.17133215792452355,0.01674443907127038,0.09859501600869817,48,-1
rich_latent_accel_t3,rich_latent_geometry,-0.09647322396737756,0.32166666666666666,0.6783333333333333,-0.5930393685723652,0.23333333333333334,1.0,0.02752061772929864,0.0422137921609515,-0.13778498190126479,-0.034813045197510405,0.09647322396737756,49,-1
rich_guidance_t3_maxabs,rich_guidance_moments,-0.09525677364704296,0.3775,0.6225,-0.3514793518760809,0.35,0.986,0.03826397854444901,0.05196245846818254,-0.14763859541393692,-0.00392416660795584,0.09525677364704296,50,-1
rich_latent_t1_nearzero,rich_latent_typicality,0.09319890809895347,0.601111111111111,0.601111111111111,0.2651702854718814,0.5333333333333333,0.924,0.049419424384099686,0.07100681869908892,-0.02046828234570813,0.17033748893729156,0.09319890809895347,51,1
rich_cond_dz_orthfrac_t5,rich_alignment,0.09256963748663395,0.49888888888888894,0.5011111111111111,0.06951261450490055,0.55,0.992,0.025081723314809606,0.03684706435271137,0.005949849902292318,0.10050226473806888,0.09256963748663395,52,1
rich_score_t0_skew,rich_score_moments,0.09244227436694863,0.5427777777777778,0.5427777777777778,0.1087895215507095,0.5166666666666667,0.792,0.0686951735631001,0.08951773306782268,-0.0723752615540757,0.19895786189791034,0.09244227436694863,53,1
rich_score_secondchange_t2,rich_score_dynamics,-0.09234661193318672,0.2925,0.7075,-0.702637825732377,0.25,1.0,0.020147410126614213,0.029951738344575415,-0.1180554100246148,-0.04075356772172759,0.09234661193318672,54,-1
rich_score_secondchange_middle,rich_score_dynamics,-0.09234661193318672,0.2925,0.7075,-0.702637825732377,0.25,1.0,0.020147410126614213,0.029951738344575415,-0.1180554100246148,-0.04075356772172759,0.09234661193318672,54,-1
rich_score_t0_fft_low,rich_score_fft,0.0919865636173705,0.5130555555555556,0.5130555555555556,0.0897975078561044,0.5833333333333334,0.912,0.039376748134807675,0.04975164930346422,-0.02791790717570109,0.1346419421983739,0.0919865636173705,56,1
rich_latent_step_t2,rich_latent_geometry,-0.09148983990198768,0.40305555555555556,0.5969444444444445,-0.3545554826380596,0.43333333333333335,1.0,0.015504563706771966,0.02353928051891789,-0.10716426896389546,-0.050247290169417654,0.09148983990198768,57,-1
rich_score_t5_fft_entropy,rich_score_fft,0.09139736022726565,0.49194444444444446,0.5080555555555555,-0.018382919028685954,0.5666666666666667,0.904,0.04443947217215295,0.05917037987694813,-0.02474135118113019,0.15151114572312688,0.09139736022726565,58,1
rich_latent_accel_middle,rich_latent_geometry,-0.09093226332011566,0.27666666666666667,0.7233333333333334,-0.7763100088089833,0.21666666666666667,1.0,0.01695827415396301,0.02267649744150038,-0.11279728170930041,-0.050012770955702036,0.09093226332011566,59,-1
rich_score_t0_fft_mid,rich_score_fft,-0.09071388516326404,0.5280555555555555,0.5280555555555555,0.13333557578532776,0.6,0.756,0.05497349950012938,0.07346862774153287,-0.14740984612104582,0.061900365581413604,0.09071388516326404,60,-1
rich_score_t1_v_autocorr,rich_score_spatial,0.09066071779548707,0.5908333333333333,0.5908333333333333,0.2716086887207118,0.6166666666666667,0.992,0.03378238063836342,0.049904176423169716,0.017869029405296225,0.1416643016884873,0.09066071779548707,61,1
rich_guidance_t2_mean,rich_guidance_moments,-0.08922802311363309,0.4961111111111111,0.5038888888888888,0.03362648093275414,0.48333333333333334,0.776,0.06405422456723148,0.09119843190266677,-0.16936225394303336,0.06967166695461643,0.08922802311363309,62,-1
rich_score_consecutive_cos_t3,rich_score_dynamics,0.08905786575360346,0.6191666666666666,0.6191666666666666,0.46048208538445723,0.6166666666666667,0.998,0.025440034675362724,0.03573216753625234,0.03258675952313583,0.13063499538145465,0.08905786575360346,63,1
rich_score_crosscos_3_4,rich_crosstime,0.08905786575360346,0.6191666666666666,0.6191666666666666,0.46048208538445723,0.6166666666666667,0.998,0.025440034675362724,0.03573216753625234,0.03258675952313583,0.13063499538145465,0.08905786575360346,63,1
rich_score_t4_q05,rich_score_moments,0.0876454161526597,0.6909722222222221,0.6909722222222221,0.48520780747312164,0.6666666666666666,0.998,0.02218861951159935,0.03007318025436327,0.010204614133651606,0.09867472909863455,0.0876454161526597,65,1
rich_score_t0_nearzero,rich_score_moments,-0.08632780545358641,0.3556944444444444,0.6443055555555556,-0.4131507035017032,0.38333333333333336,0.908,0.03869851463537414,0.053057763275230846,-0.1288554107749449,0.028185249263787085,0.08632780545358641,66,-1
rich_latent_t5_nearzero,rich_latent_typicality,-0.08475125402248983,0.6045833333333334,0.6045833333333334,0.2615544696836663,0.6333333333333333,0.68,0.06412285047034776,0.08911880997542924,-0.1589097705018895,0.0861489645130519,0.08475125402248983,67,-1
rich_latent_t0_pr,rich_latent_typicality,-0.08472613602609069,0.27388888888888896,0.726111111111111,-0.5969038656653916,0.26666666666666666,1.0,0.02103427695816738,0.02897556534928393,-0.12640124109857356,-0.04359062106260436,0.08472613602609069,68,-1
rich_latent_t1_pr,rich_latent_typicality,-0.08471224237493749,0.27361111111111114,0.7263888888888889,-0.5971315644291453,0.26666666666666666,1.0,0.021027128760915264,0.028843452229593475,-0.12639914331731475,-0.043532442458504544,0.08471224237493749,69,-1
rich_cond_uncond_normratio_late,rich_alignment,-0.08450848776101073,0.41833333333333333,0.5816666666666667,-0.20036755064975195,0.38333333333333336,0.962,0.03901977762263412,0.05808080494979536,-0.14263000287781305,0.006694549066182106,0.08450848776101073,70,-1
rich_score_t4_fft_entropy,rich_score_fft,0.08421309502038078,0.49749999999999994,0.5025000000000001,0.0069320317720644245,0.5666666666666667,0.916,0.04416267533926379,0.0562087163467106,-0.01774361063479688,0.14879052887703773,0.08421309502038078,71,1
rich_score_angle_t3,rich_score_dynamics,-0.0841774370740119,0.38083333333333336,0.6191666666666666,-0.43088962878367665,0.38333333333333336,1.0,0.02503001641763403,0.03455500963894643,-0.12782931561858327,-0.027659074750284368,0.0841774370740119,72,-1
rich_guidance_cond_align_t4,rich_alignment,-0.08340307600027222,0.3980555555555556,0.6019444444444444,-0.19926836818192853,0.4,0.936,0.041616863363995046,0.0581854552634142,-0.15358324955690575,0.01548341817988905,0.08340307600027222,73,-1
rich_dz_crosscos_0_4,rich_crosstime,0.08289611225237879,0.6563888888888889,0.6563888888888889,0.36209998969075075,0.7,0.924,0.046290599554596294,0.06570798846459981,-0.014355429739133677,0.1589727312202219,0.08289611225237879,74,1
rich_dz_crosscos_2_5,rich_crosstime,-0.08256669572050586,0.4755555555555556,0.5244444444444444,-0.09898279556123922,0.4666666666666667,1.0,0.022650649732316723,0.02875437181172833,-0.11447624594579144,-0.02683983151946273,0.08256669572050586,75,-1
rich_score_t1_kurtosis,rich_score_moments,-0.08205005055472471,0.49888888888888894,0.5011111111111111,-0.008938780860466117,0.4666666666666667,0.912,0.04199122074438496,0.05391830347269794,-0.1309780654050491,0.023721930759081616,0.08205005055472471,76,-1
rich_latent_t1_skew,rich_latent_typicality,-0.08095801678358569,0.42666666666666664,0.5733333333333334,-0.19193166784426166,0.36666666666666664,0.892,0.037393981565790865,0.05230894758649063,-0.12034894872990691,0.026149860734269934,0.08095801678358569,77,-1
rich_latent_t0_skew,rich_latent_typicality,-0.0809226300487211,0.42666666666666664,0.5733333333333334,-0.19196805821538906,0.36666666666666664,0.892,0.03739660568294513,0.05237160295538808,-0.12033420591849622,0.026192053706925938,0.0809226300487211,78,-1
rich_score_change_t3,rich_score_dynamics,-0.07993008788345864,0.3452777777777778,0.6547222222222222,-0.538392086396295,0.2833333333333333,0.998,0.023097992802225634,0.03360575347226477,-0.11345615243493347,-0.026844846610232925,0.07993008788345864,79,-1
rich_score_t2_fft_mid,rich_score_fft,0.07931452119566673,0.6747222222222222,0.6747222222222222,0.4510424858141505,0.7333333333333333,0.98,0.040607344404945726,0.05649413725002374,0.0040607373124217526,0.15947962032075474,0.07931452119566673,80,1
rich_guidance_t0_q25,rich_guidance_moments,-0.07921743145213145,0.44180555555555556,0.5581944444444444,-0.1946028227229348,0.5,0.99,0.0218793999662167,0.029784974116450466,-0.09369222959352279,-0.006253531405579291,0.07921743145213145,81,-1
rich_score_t5_fft_mid,rich_score_fft,0.07878696553433072,0.6477777777777778,0.6477777777777778,0.4086386801025099,0.6666666666666666,0.938,0.043653803080478906,0.05796878913301501,-0.020932225947413206,0.15504933213527375,0.07878696553433072,82,1
rich_score_t3_v_autocorr,rich_score_spatial,0.07851068491424258,0.6219444444444443,0.6219444444444443,0.32174991494742017,0.6,0.988,0.02888453113624157,0.04001325690255034,0.013325907471336053,0.12625377557187895,0.07851068491424258,83,1
rich_guidance_dz_align_middle,rich_alignment,-0.07846744333196942,0.34527777777777774,0.6547222222222222,-0.4058043677091952,0.31666666666666665,0.964,0.033778853628562915,0.042593607837952505,-0.12779628531761458,0.00443955096335914,0.07846744333196942,84,-1
rich_score_t5_fft_high,rich_score_fft,-0.07830840131200784,0.3811111111111111,0.6188888888888888,-0.391077018405192,0.3333333333333333,1.0,0.024300585230627884,0.03156457882535153,-0.11329880503335067,-0.01856753093722808,0.07830840131200784,85,-1
rich_latent_accel_min,rich_latent_geometry,-0.07812306328514247,0.46666666666666673,0.5333333333333332,-0.1400168062043371,0.4666666666666667,0.794,0.03910756753404344,0.048345708795105524,-0.10666288416435574,0.0486969926888112,0.07812306328514247,86,-1
rich_score_t3_fft_mid,rich_score_fft,0.07793714194789429,0.6558333333333334,0.6558333333333334,0.39022235794703347,0.7,0.982,0.0363334978440423,0.04734412139565656,0.0034055916706555835,0.14274822222802563,0.07793714194789429,87,1
rich_score_t4_h_autocorr,rich_score_spatial,-0.07744051257404935,0.5058333333333334,0.5058333333333334,0.0149127467006216,0.55,0.934,0.03866085785489928,0.05369694743406035,-0.13717946415141483,0.017951294962343517,0.07744051257404935,88,-1
rich_guidance_cond_align_min,rich_alignment,0.07723445839926475,0.47000000000000003,0.53,-0.07040478940587921,0.5166666666666667,0.822,0.04596242255285775,0.060390717634430255,-0.04793315289610602,0.13570883221731725,0.07723445839926475,89,1
rich_cond_dz_align_std,rich_alignment,0.07720294218482768,0.5861111111111111,0.5861111111111111,0.2192323507468065,0.6,1.0,0.016218856272173468,0.022005635826422808,0.02291456144678402,0.08795607861912205,0.07720294218482768,90,1
rich_cond_uncond_cos_max,rich_alignment,-0.0762749573035385,0.35472222222222227,0.6452777777777777,-0.32963013332119695,0.38333333333333336,0.978,0.03302559931903426,0.04651418663337083,-0.12671631305195163,-0.0021261162248297446,0.0762749573035385,91,-1
rich_cond_uncond_normratio_min,rich_alignment,0.07426044842944923,0.4552777777777778,0.5447222222222222,-0.07673353457604402,0.4666666666666667,0.846,0.036197012242043754,0.04921394389973689,-0.028367781213166222,0.10964427746613083,0.07426044842944923,92,1
rich_uncond_dz_align_t5,rich_alignment,-0.07395619836461395,0.49277777777777776,0.5072222222222222,-0.044306470779081834,0.5,0.984,0.02117426843520605,0.03231561981158278,-0.08122303280713822,-0.0022942226114683385,0.07395619836461395,93,-1
rich_cond_dz_align_t5,rich_alignment,-0.07389571228840083,0.5011111111111111,0.5011111111111111,-0.022708216992821523,0.45,0.988,0.020779965430970024,0.030715859266178522,-0.08401523565921573,-0.004995322591421715,0.07389571228840083,94,-1
rich_cond_uncond_cos_t0,rich_alignment,-0.07360663594222029,0.5422222222222222,0.5422222222222222,-0.04704651770485629,0.6166666666666667,0.964,0.024214575773744754,0.0305064868238194,-0.0923183449897227,0.004252415251787729,0.07360663594222029,95,-1
rich_uncond_dz_align_std,rich_alignment,0.07332172984378586,0.5905555555555555,0.5905555555555555,0.232965385280529,0.6166666666666667,1.0,0.015897763142153437,0.022456012381658924,0.022224102994565443,0.08522364170398311,0.07332172984378586,96,1
rich_guidance_dz_orthfrac_slope,rich_alignment,-0.07217517227820376,0.45027777777777783,0.5497222222222222,-0.09712861037021736,0.4,0.862,0.03582046536166122,0.045358360067520365,-0.11444013298272201,0.026395680701667333,0.07217517227820376,97,-1
rich_guidance_dz_orthfrac_late,rich_alignment,-0.07193089555258278,0.46472222222222226,0.5352777777777777,-0.11333629413577939,0.4166666666666667,0.914,0.03280100741460717,0.04277274463081185,-0.10870300814481544,0.01918582178373698,0.07193089555258278,98,-1
rich_latent_t4_maxabs,rich_latent_typicality,0.07155007243792319,0.5848611111111112,0.5848611111111112,0.259460595766945,0.6,0.896,0.03582449441809639,0.047300410609022084,-0.021776857444456996,0.11830800384846885,0.07155007243792319,99,1
rich_score_t2_fft_entropy,rich_score_fft,0.07151659505587929,0.4836111111111111,0.5163888888888889,-0.013961029787788902,0.48333333333333334,0.896,0.04297494948107105,0.055904382878923686,-0.02520456540465584,0.1415123462633007,0.07151659505587929,100,1
rich_score_relchange_late,rich_score_dynamics,0.07151444334773273,0.7372222222222222,0.7372222222222222,0.7541071450039716,0.8333333333333334,1.0,0.020622993154493324,0.02632659328004966,0.02658765121258115,0.1071273386739705,0.07151444334773273,101,1
rich_score_relchange_min,rich_score_dynamics,0.07151444334773273,0.7372222222222222,0.7372222222222222,0.7541071450039716,0.8333333333333334,1.0,0.020622993154493324,0.02632659328004966,0.02658765121258115,0.1071273386739705,0.07151444334773273,101,1
rich_score_relchange_t4,rich_score_dynamics,0.07151444334773273,0.7372222222222222,0.7372222222222222,0.7541071450039716,0.8333333333333334,1.0,0.020622993154493324,0.02632659328004966,0.02658765121258115,0.1071273386739705,0.07151444334773273,101,1
rich_latent_t0_q75,rich_latent_typicality,-0.07130809418122859,0.3984722222222222,0.6015277777777778,-0.34779494209588413,0.3333333333333333,1.0,0.018583040785487965,0.025040061134874683,-0.09901069967122321,-0.02549430274553792,0.07130809418122859,104,-1
rich_latent_t1_q75,rich_latent_typicality,-0.07065487730145262,0.39875,0.6012500000000001,-0.34685737749385376,0.3333333333333333,1.0,0.018634865849964516,0.02487700971522684,-0.09874697718869357,-0.024543907707540558,0.07065487730145262,105,-1
rich_guidance_t0_nearzero,rich_guidance_moments,-0.06973101432819068,0.44388888888888894,0.556111111111111,-0.16216527784825832,0.48333333333333334,0.902,0.03464685412619247,0.044788146784526035,-0.11042963604154074,0.030071204185799418,0.06973101432819068,106,-1
rich_score_t5_median,rich_score_moments,0.06918981447518897,0.4844444444444445,0.5155555555555555,-0.07809991033937942,0.55,0.686,0.039176695941063044,0.053793889048758106,-0.05295857602767514,0.09530525199167345,0.06918981447518897,107,1
rich_guidance_t0_median,rich_guidance_moments,-0.06885179279648873,0.5509722222222223,0.5509722222222223,0.13597518389065624,0.5333333333333333,0.636,0.058877805365867356,0.08165709827832007,-0.13900874558332244,0.08450171723345042,0.06885179279648873,108,-1
rich_latent_t0_extreme3,rich_latent_typicality,0.06865886771333939,0.6468055555555555,0.6468055555555555,0.3221553696871085,0.55,0.954,0.032634798435847726,0.046593210231321784,-0.009151829059287608,0.11984500703057402,0.06865886771333939,109,1
rich_latent_accel_t2,rich_latent_geometry,-0.06833525212116533,0.2677777777777778,0.7322222222222222,-0.7512331893116405,0.18333333333333332,0.996,0.02440634813901782,0.03169828732880011,-0.11052602462104842,-0.014711815962141305,0.06833525212116533,110,-1
rich_dz_crosscos_1_5,rich_crosstime,-0.06781412927729062,0.5391666666666667,0.5391666666666667,0.09466719739737481,0.5333333333333333,0.948,0.03314678528048158,0.044154890053075116,-0.11760416771557568,0.010376991316663087,0.06781412927729062,111,-1
endpoint_extreme_fraction,endpoint,0.06781073259843054,0.4922222222222222,0.5077777777777778,-0.040149320335112273,0.45,0.788,0.0449355525247872,0.05825570814011377,-0.04584050248060046,0.12615974847860942,0.06781073259843054,112,1
rich_guidance_t0_q75,rich_guidance_moments,0.06735223704582227,0.5620833333333333,0.5620833333333333,0.18865143735347195,0.5166666666666667,0.974,0.021703651208012854,0.029366112386756155,-0.00023120577777645973,0.08469036256137874,0.06735223704582227,113,1
rich_latent_t0_nearzero,rich_latent_typicality,0.06714222633924234,0.6036111111111111,0.6036111111111111,0.2537968142264,0.5166666666666667,0.9,0.045361791836302144,0.06131448437772336,-0.036621691051161934,0.14159056435184583,0.06714222633924234,114,1
rich_latent_t1_extreme3,rich_latent_typicality,0.0671178277686118,0.6447222222222222,0.6447222222222222,0.32233911883165756,0.55,0.948,0.032913290333983124,0.0459077063866761,-0.010358578458730937,0.11957189384354437,0.0671178277686118,115,1
rich_score_t0_fft_high_low,rich_score_fft,-0.06708279086767165,0.48833333333333334,0.5116666666666667,-0.05282126861795704,0.4666666666666667,0.836,0.03812803841958086,0.05025390146978789,-0.1078741525846211,0.03980243424185123,0.06708279086767165,116,-1
rich_cond_dz_align_slope,rich_alignment,-0.06672160498753757,0.43444444444444447,0.5655555555555556,-0.17586169177266311,0.43333333333333335,0.998,0.016731760850282582,0.023332748501049078,-0.08103427299486816,-0.015642675952208345,0.06672160498753757,117,-1
rich_latent_accel_auc,rich_latent_geometry,-0.06562223337220403,0.25,0.75,-0.7755138197090022,0.2,1.0,0.01306121080369734,0.018335938683430322,-0.08805374483592424,-0.03753121084674072,0.06562223337220403,118,-1
rich_score_secondchange_auc,rich_score_dynamics,-0.0656173065307621,0.2611111111111111,0.7388888888888889,-0.7216138167139898,0.2,1.0,0.01406892734365593,0.020149761298258462,-0.09068768577916574,-0.03745157635872524,0.0656173065307621,119,-1
acceleration_abs_mean,legacy_geometry,0.06555215493818728,0.40388888888888896,0.596111111111111,-0.21222819153958405,0.45,1.0,0.013292968283617068,0.0181947679705763,0.018447717890317784,0.06847342157912176,0.06555215493818728,120,1
rich_guidance_dz_align_auc,rich_alignment,-0.06555162806875686,0.39444444444444443,0.6055555555555556,-0.2908676715027816,0.4,0.962,0.028503177887585534,0.035448402212159016,-0.11450746443684517,0.00792319220886064,0.06555162806875686,121,-1
rich_score_t5_q05,rich_score_moments,0.06540584165692187,0.6672222222222223,0.6672222222222223,0.4070931529564703,0.6333333333333333,0.948,0.02475710544624254,0.032640067228886106,-0.009072946821925016,0.08990632853318689,0.06540584165692187,122,1
rich_guidance_t0_maxabs,rich_guidance_moments,-0.0653707870690051,0.5438888888888888,0.5438888888888888,0.11559923470459996,0.5333333333333333,0.77,0.041825976405779425,0.05303145027414316,-0.11371879081473939,0.0485954369909607,0.0653707870690051,123,-1
rich_score_t0_maxabs,rich_score_moments,0.06522715142999874,0.6415277777777778,0.6415277777777778,0.4619142086589532,0.6833333333333333,0.87,0.04507994388108136,0.06052755834437677,-0.04286351369821994,0.13066560744537786,0.06522715142999874,124,1
rich_score_t1_nearzero,rich_score_moments,0.06508683411181823,0.543611111111111,0.543611111111111,0.15460264721992267,0.5666666666666667,0.548,0.05314663184774006,0.0692679206412602,-0.09096576183377418,0.11954035204918578,0.06508683411181823,125,1
rich_cond_uncond_cos_t2,rich_alignment,0.06490589223196236,0.5880555555555556,0.5880555555555556,0.2943826829672237,0.6,0.858,0.030202599583001654,0.041596276755367985,-0.03435171541586255,0.08855519212480382,0.06490589223196236,126,1
rich_guidance_t2_var,rich_guidance_moments,-0.06475013260503609,0.39555555555555555,0.6044444444444445,-0.3378173200427389,0.36666666666666664,0.892,0.026734100481256715,0.036677919220154565,-0.08243994430856612,0.019720442689924223,0.06475013260503609,127,-1
rich_guidance_t5_kurtosis,rich_guidance_moments,0.06474342558506697,0.48777777777777775,0.5122222222222222,0.19145118244423331,0.48333333333333334,0.722,0.0528736587592376,0.07775373182612019,-0.07509403845669776,0.12422775206314547,0.06474342558506697,128,1
rich_score_t4_fft_mid,rich_score_fft,0.06457440090571695,0.6222222222222222,0.6222222222222222,0.3213236165342931,0.65,0.934,0.04089125336237184,0.05348958902593527,-0.025577887095412647,0.1419999334372955,0.06457440090571695,129,1
rich_latent_t3_q05,rich_latent_typicality,-0.06449852792463516,0.5076388888888889,0.5076388888888889,-0.0063021176221146075,0.5,0.956,0.023068904441861496,0.03200482606749887,-0.08313639165472453,0.0035589785779885576,0.06449852792463516,130,-1
rich_cond_dz_orthfrac_max,rich_alignment,0.06404781610435485,0.5236111111111111,0.5236111111111111,0.11942551498606593,0.5833333333333334,0.976,0.021874829265029882,0.02931379186436612,0.0011848153949385568,0.08355224905714537,0.06404781610435485,131,1
rich_cond_uncond_cos_min,rich_alignment,0.0638636221734941,0.5713888888888888,0.5713888888888888,0.17670836970624249,0.6,0.844,0.032562816646786556,0.04502249236668479,-0.02837511711255976,0.09403691359742837,0.0638636221734941,132,1
rich_score_t1_h_autocorr,rich_score_spatial,-0.06332869128830731,0.5263888888888889,0.5263888888888889,0.05173303160593049,0.6,0.902,0.044297975132025394,0.06107971696041936,-0.14177540226738397,0.031797809116676734,0.06332869128830731,133,-1
rich_guidance_t5_nearzero,rich_guidance_moments,-0.06305426150614361,0.36944444444444446,0.6305555555555555,-0.2936858571107027,0.36666666666666664,0.894,0.035051013351546596,0.05275190143233069,-0.11143799801249249,0.016819404547555136,0.06305426150614361,134,-1
rich_uncond_dz_align_slope,rich_alignment,-0.06282713033023972,0.43,0.5700000000000001,-0.19443898459027625,0.38333333333333336,0.998,0.01659178307842603,0.02389943296830009,-0.07747054468100066,-0.015787359193684583,0.06282713033023972,135,-1
rich_score_t2_h_autocorr,rich_score_spatial,-0.06273469965809808,0.5641666666666667,0.5641666666666667,0.1592268463537837,0.6166666666666667,0.768,0.04112979737593844,0.057659601695992026,-0.11417408503931271,0.0438376077421727,0.06273469965809808,136,-1
rich_score_t3_h_autocorr,rich_score_spatial,-0.062458043396315374,0.5633333333333334,0.5633333333333334,0.14947582483175187,0.6,0.83,0.038009643432560934,0.050009737308687394,-0.11525000055248201,0.03805628371701467,0.062458043396315374,137,-1
rich_guidance_dz_orthfrac_max,rich_alignment,-0.06214304602923882,0.4902777777777778,0.5097222222222222,0.0033396015749487147,0.5166666666666667,0.866,0.05629340964167833,0.07141216537668212,-0.17351154573819308,0.047605684560856946,0.06214304602923882,138,-1
rich_score_t0_median,rich_score_moments,-0.06204208440633818,0.46444444444444444,0.5355555555555556,-0.10907695597401641,0.4666666666666667,0.82,0.06662695161591478,0.09501797173487142,-0.1901705141917958,0.06871113749799357,0.06204208440633818,139,-1
rich_guidance_t4_median,rich_guidance_moments,0.06183874606318902,0.5047222222222223,0.5047222222222223,0.014529055332094816,0.48333333333333334,0.772,0.06154366234653638,0.08310634346087468,-0.0756441594316769,0.15317297650389747,0.06183874606318902,140,1
rich_uncond_dz_align_min,rich_alignment,-0.06170017975284127,0.4622222222222222,0.5377777777777778,-0.11397729765953996,0.45,0.986,0.018837845549117816,0.02474868102737327,-0.0780639526749983,-0.004231006121926739,0.06170017975284127,141,-1
rich_guidance_t1_q05,rich_guidance_moments,-0.061691741146098815,0.5905555555555556,0.5905555555555556,0.20385513082650963,0.65,0.91,0.0248972471419558,0.0338330363893518,-0.07681941366422024,0.020754270074128785,0.061691741146098815,142,-1
rich_guidance_t0_absmean,rich_guidance_moments,0.06147401693246728,0.57,0.57,0.2032117984929519,0.55,0.972,0.021297038932277332,0.027840900322677678,-0.0009450067609924046,0.08284906919143883,0.06147401693246728,143,1
rich_uncond_dz_align_max,rich_alignment,-0.06132886930379027,0.6186111111111111,0.6186111111111111,0.2578413719918517,0.6666666666666666,0.974,0.022406454568032398,0.029469474754125074,-0.08586791222589228,-0.00021408779311641213,0.06132886930379027,144,-1
rich_uncond_dz_align_t0,rich_alignment,-0.06132886930379027,0.6186111111111111,0.6186111111111111,0.2578413719918517,0.6666666666666666,0.974,0.022406454568032398,0.029469474754125074,-0.08586791222589228,-0.00021408779311641213,0.06132886930379027,144,-1
rich_score_t5_v_autocorr,rich_score_spatial,0.061298701767696674,0.6022222222222222,0.6022222222222222,0.3009800759890158,0.6,0.954,0.030313413435514427,0.04151659071462794,-0.010355966110169045,0.10907403717069732,0.061298701767696674,146,1
rich_score_secondchange_mean,rich_score_dynamics,-0.06081401145134431,0.26333333333333336,0.7366666666666666,-0.7247151871955504,0.18333333333333332,1.0,0.012764477660529634,0.01784125000833059,-0.0868125627893957,-0.03717716218674292,0.06081401145134431,147,-1
rich_cond_dz_align_late,rich_alignment,-0.06052436036553033,0.4255555555555555,0.5744444444444445,-0.18473000652791194,0.4166666666666667,1.0,0.013540155567113191,0.017696382694739582,-0.07274113148766183,-0.019466605088270465,0.06052436036553033,148,-1
rich_dz_crosscos_0_5,rich_crosstime,0.06043130226524038,0.6741666666666667,0.6741666666666667,0.35584250699876835,0.6666666666666666,0.834,0.04969116427713397,0.06722978830953694,-0.0432628628878864,0.14252337571255905,0.06043130226524038,149,1
rich_score_secondchange_std,rich_score_dynamics,0.06012999526007428,0.5291666666666667,0.5291666666666667,0.08816950507193419,0.5166666666666667,0.992,0.018216460425529084,0.026080471118482572,0.011970570772579594,0.0777360910506644,0.06012999526007428,150,1
rich_guidance_t0_kurtosis,rich_guidance_moments,0.06012409351330079,0.5111111111111112,0.5111111111111112,0.13466105776274054,0.5666666666666667,0.658,0.06800893460068917,0.09980165538078666,-0.12672386562796142,0.12144409257435565,0.06012409351330079,151,1
rich_score_t0_h_autocorr,rich_score_spatial,0.0599827238688078,0.5241666666666667,0.5241666666666667,0.09120594572367874,0.55,0.72,0.051669547777588254,0.07384618328804887,-0.06593393860423093,0.13443541622612573,0.0599827238688078,152,1
rich_score_angle_middle,rich_score_dynamics,-0.05929316706522657,0.3513888888888889,0.648611111111111,-0.5916696006050643,0.2833333333333333,1.0,0.014130486939265337,0.019902228164417862,-0.08158989294518754,-0.0264220957011705,0.05929316706522657,153,-1
rich_score_t0_channel_pr,rich_score_spatial,-0.05910903785222522,0.6125,0.6125,0.22923062662418717,0.6166666666666667,0.81,0.04294225806592561,0.057362805584989435,-0.1257346355542643,0.04476571573042896,0.05910903785222522,154,-1
rich_latent_turn_cos_t3,rich_latent_geometry,0.058881968993338155,0.5908333333333333,0.5908333333333333,0.3814844664817131,0.6333333333333333,0.996,0.023489211627859576,0.03373392328176485,0.010135750878525272,0.09910040890925992,0.058881968993338155,155,1
rich_dz_crosscos_3_4,rich_crosstime,0.058881968993338155,0.5908333333333333,0.5908333333333333,0.3814844664817131,0.6333333333333333,0.996,0.023489211627859576,0.03373392328176485,0.010135750878525272,0.09910040890925992,0.058881968993338155,155,1
rich_uncond_dz_align_late,rich_alignment,-0.0587052957823222,0.4208333333333334,0.5791666666666666,-0.20043204887721203,0.4,1.0,0.013465954470351451,0.019036387747068652,-0.0718739048473161,-0.020096958318652797,0.0587052957823222,157,-1
rich_dz_crosscos_1_3,rich_crosstime,0.05870023824870927,0.6136111111111111,0.6136111111111111,0.3859392150640887,0.7,0.86,0.03140196376178294,0.04299317576437244,-0.028446693861137167,0.09298010505609511,0.05870023824870927,158,1
rich_guidance_cond_align_t0,rich_alignment,0.05860250236921111,0.4938888888888889,0.5061111111111112,-0.06490243989730611,0.43333333333333335,0.876,0.044571829130255716,0.06472092393190658,-0.03335005390420596,0.1357317580012411,0.05860250236921111,159,1
rich_score_crosscos_2_5,rich_crosstime,-0.05845948760406389,0.5280555555555555,0.5280555555555555,0.08707590986978365,0.4666666666666667,0.952,0.020995342139646087,0.029860140462904604,-0.0722660654534295,0.0066877740465091625,0.05845948760406389,160,-1
rich_latent_t2_pr,rich_latent_typicality,-0.05816628742849109,0.2780555555555556,0.7219444444444444,-0.6046417260946646,0.2833333333333333,1.0,0.01846939337858186,0.025751213620043463,-0.10271337241711552,-0.0337559086555289,0.05816628742849109,161,-1
rich_latent_accel_mean,rich_latent_geometry,-0.05772536627562499,0.27611111111111114,0.7238888888888888,-0.6875780327354952,0.26666666666666666,1.0,0.013685113377126405,0.018789501625878335,-0.08099859115433716,-0.02877884372654666,0.05772536627562499,162,-1
rich_score_change_middle,rich_score_dynamics,-0.05733803386285716,0.31750000000000006,0.6824999999999999,-0.6140375800453625,0.2833333333333333,1.0,0.01238011463489426,0.016877268036479105,-0.07356990569639178,-0.024406577455156758,0.05733803386285716,163,-1
rich_cond_dz_align_min,rich_alignment,-0.05705920571486903,0.4763888888888889,0.523611111111111,-0.07751570289065854,0.4166666666666667,0.982,0.018650215021704383,0.02361370161712101,-0.07559782682672836,-0.0013642678990054662,0.05705920571486903,164,-1
rich_latent_turn_angle_late,rich_latent_geometry,0.05671714026730412,0.6222222222222222,0.6222222222222222,0.37768893402324655,0.65,0.998,0.022276695503724905,0.030261179806850245,0.018585220062906204,0.1055156794569985,0.05671714026730412,165,1
rich_latent_turn_angle_t4,rich_latent_geometry,0.05671714026730412,0.6222222222222222,0.6222222222222222,0.37768893402324655,0.65,0.998,0.022276695503724905,0.030261179806850245,0.018585220062906204,0.1055156794569985,0.05671714026730412,165,1
rich_guidance_t0_q05,rich_guidance_moments,-0.05671365035026058,0.42250000000000004,0.5774999999999999,-0.21961576132256308,0.4666666666666667,0.972,0.020288923456516877,0.02787518950875357,-0.0804286748620479,0.000124850284466017,0.05671365035026058,167,-1
rich_guidance_t3_nearzero,rich_guidance_moments,0.05627662798638133,0.6190277777777777,0.6190277777777777,0.2584279724349177,0.6333333333333333,0.846,0.02828161369921679,0.039001633511463914,-0.02285201577843692,0.08541873236756994,0.05627662798638133,168,1
rich_score_t2_q75,rich_score_moments,0.05566113220582441,0.3836111111111112,0.6163888888888889,-0.3009951276876096,0.36666666666666664,0.906,0.022641514707504376,0.02965994706002182,-0.013942882084011784,0.07298930488310586,0.05566113220582441,169,1
rich_guidance_t1_nearzero,rich_guidance_moments,-0.055575758377740724,0.5798611111111112,0.5798611111111112,0.1306754730536818,0.65,0.972,0.025949348970247765,0.03797041749823149,-0.10054700952052434,0.0035616425977001466,0.055575758377740724,170,-1
rich_score_t0_v_autocorr,rich_score_spatial,0.05537638598592679,0.54,0.54,0.1704990101419731,0.5833333333333334,0.794,0.045135448229089874,0.06515372877051959,-0.03570203104831178,0.13285946256406345,0.05537638598592679,171,1
rich_guidance_t0_rms,rich_guidance_moments,0.0547183859757141,0.5730555555555555,0.5730555555555555,0.2107695902100757,0.55,0.97,0.02122196181978907,0.028073405058371033,-0.0017539120079690142,0.07978034586621506,0.0547183859757141,172,1
guidance_t0,legacy_guidance,0.0547170589594432,0.5730555555555555,0.5730555555555555,0.21076938806030227,0.55,0.97,0.021222217998639225,0.028076131074833255,-0.001756249967244373,0.07978024747564708,0.0547170589594432,173,1
rich_guidance_t3_kurtosis,rich_guidance_moments,-0.05468234140168844,0.5719444444444444,0.5719444444444444,0.033163007694830965,0.5666666666666667,0.914,0.0394375838053293,0.053918519158650306,-0.1235068586812892,0.03281090962555737,0.05468234140168844,174,-1
rich_latent_t2_skew,rich_latent_typicality,-0.05450379001492947,0.4247222222222222,0.5752777777777778,-0.22569889884638972,0.38333333333333336,0.856,0.030436017321094706,0.04143616838786815,-0.09038164799398946,0.027943792101172614,0.05450379001492947,175,-1
rich_latent_t4_q75,rich_latent_typicality,-0.05430290393241651,0.3551388888888889,0.6448611111111111,-0.5153678749930138,0.3333333333333333,0.996,0.018339899118903137,0.02556195982023205,-0.08566273559245108,-0.012356030389512215,0.05430290393241651,176,-1
rich_latent_t3_nearzero,rich_latent_typicality,-0.05420411624364639,0.58375,0.58375,0.16551064461339607,0.55,0.656,0.07180508355007055,0.09235948577613065,-0.17248551875043933,0.11371289821850591,0.05420411624364639,177,-1
rich_guidance_t5_q05,rich_guidance_moments,-0.054024648179691125,0.36291666666666667,0.6370833333333333,-0.3121222230128996,0.36666666666666664,0.874,0.02812567942106687,0.04041202774591902,-0.08779030893607936,0.015449539283383638,0.054024648179691125,178,-1
rich_guidance_cond_align_late,rich_alignment,-0.05319336984977276,0.42583333333333334,0.5741666666666667,-0.13407110610762799,0.45,0.932,0.03191205176282917,0.043263498345003676,-0.11217673992813737,0.012703765062982781,0.05319336984977276,179,-1
rich_latent_t2_q75,rich_latent_typicality,-0.052719103526003605,0.4079166666666666,0.5920833333333334,-0.34813549649559694,0.3,1.0,0.014911638619029693,0.018888815527910795,-0.07913965406922684,-0.019421331952878707,0.052719103526003605,180,-1
rich_cond_uncond_cos_std,rich_alignment,-0.05270981950484171,0.43333333333333335,0.5666666666666667,-0.17181950004072621,0.38333333333333336,0.802,0.030624527182204774,0.04546068643864354,-0.08490185723942886,0.033778383992519916,0.05270981950484171,181,-1
rich_latent_t1_q05,rich_latent_typicality,-0.05264383781957276,0.4690277777777777,0.5309722222222223,-0.09495228695348625,0.5166666666666667,0.94,0.022325804699392184,0.031189738739780558,-0.07774530117932671,0.006257525719523173,0.05264383781957276,182,-1
rich_cond_uncond_normratio_slope,rich_alignment,-0.0524754049491277,0.513888888888889,0.513888888888889,-0.0006731229556267655,0.5,0.882,0.036467096245475,0.050486234538099264,-0.11646856231655137,0.024504329647590525,0.0524754049491277,183,-1
rich_latent_t4_median,rich_latent_typicality,-0.05231003405315485,0.44805555555555554,0.5519444444444445,-0.17323071387180464,0.43333333333333335,0.994,0.01640795324113377,0.022505387291280515,-0.07157768796819956,-0.007493746148985793,0.05231003405315485,184,-1
rich_guidance_t3_q25,rich_guidance_moments,0.05191527907786226,0.6236111111111111,0.6236111111111111,0.34605110477821605,0.6166666666666667,0.88,0.02539873917523677,0.03417656477922801,-0.016610368671189736,0.08125928935323593,0.05191527907786226,185,1
rich_score_t2_fft_high,rich_score_fft,-0.05178445673666087,0.36666666666666664,0.6333333333333333,-0.44825308128674896,0.3,0.974,0.028960009293669223,0.03953086846693235,-0.11467474826822213,9.425453740455933e-06,0.05178445673666087,186,-1
rich_guidance_t1_q25,rich_guidance_moments,-0.051374819330543026,0.57875,0.57875,0.2195482950294283,0.6333333333333333,0.934,0.024152344044237436,0.03389694047538165,-0.08220745411464633,0.012038825701688826,0.051374819330543026,187,-1
rich_guidance_t3_mean,rich_guidance_moments,-0.05114225061042058,0.5586111111111111,0.5586111111111111,0.1056299007754711,0.5666666666666667,0.792,0.05547608090948924,0.07297115529771526,-0.1388640507920716,0.06944020738635946,0.05114225061042058,188,-1
endpoint_mean,endpoint,-0.0510413727139858,0.45749999999999996,0.5425,-0.2119990851776125,0.4,1.0,0.010653187904984951,0.014344611497025463,-0.059968375099254644,-0.017948379511688536,0.0510413727139858,189,-1
rich_guidance_t1_skew,rich_guidance_moments,-0.05084260994788965,0.46111111111111114,0.5388888888888889,-0.05551287030608438,0.4166666666666667,0.756,0.05383944267354169,0.069819825454064,-0.13391429865360147,0.08345923115727653,0.05084260994788965,190,-1
rich_guidance_t1_q95,rich_guidance_moments,0.05082812177429545,0.41611111111111115,0.5838888888888889,-0.19478117742528203,0.36666666666666664,0.888,0.024283928060112023,0.03167421450238706,-0.0220380646271477,0.07346089898773751,0.05082812177429545,191,1
rich_guidance_t4_maxabs,rich_guidance_moments,0.05003948528709831,0.5875,0.5875,0.30168813880674955,0.5833333333333334,0.87,0.04168097717541012,0.056625057483543226,-0.02892717791070545,0.12360791815746822,0.05003948528709831,192,1
rich_latent_t0_q05,rich_latent_typicality,-0.05002254593421397,0.4704166666666666,0.5295833333333334,-0.0932337615846705,0.5166666666666667,0.936,0.02218485291042479,0.031266385558912715,-0.07635469276379796,0.006944652886930398,0.05002254593421397,193,-1
rich_guidance_dz_orthfrac_mean,rich_alignment,-0.04962490132686042,0.5252777777777777,0.5252777777777777,-0.01308395075787327,0.5166666666666667,0.858,0.03158726104402132,0.04364872434258258,-0.09227451712868916,0.028972432877090126,0.04962490132686042,194,-1
rich_score_t5_h_autocorr,rich_score_spatial,-0.04945355602450816,0.5405555555555555,0.5405555555555555,0.1000002274182365,0.6166666666666667,0.802,0.03811352675240035,0.05244391054177124,-0.10621022428994784,0.04380025837857016,0.04945355602450816,195,-1
rich_guidance_dz_align_t0,rich_alignment,0.04937786272743619,0.48944444444444446,0.5105555555555555,-0.07775434103697457,0.43333333333333335,0.85,0.04357438407007896,0.06233433576612496,-0.03723651931138068,0.12943624198344178,0.04937786272743619,196,1
rich_score_t1_fft_low,rich_score_fft,0.04930835523525202,0.55,0.55,0.14182329075279826,0.55,0.616,0.03906310224398855,0.057092460660231464,-0.05874425120464873,0.09120397634202296,0.04930835523525202,197,1
rich_cond_uncond_cos_middle,rich_alignment,0.04858510833499131,0.6094444444444445,0.6094444444444445,0.3749542651973435,0.6833333333333333,0.89,0.02007096671762422,0.027050019471589686,-0.012215374546732338,0.06367250122984196,0.04858510833499131,198,1
rich_latent_t1_mean,rich_latent_typicality,-0.048296059488385466,0.4575,0.5425,-0.20843286390308924,0.4,1.0,0.0121766279354076,0.016890267941402335,-0.059188247919022365,-0.011118872433039172,0.048296059488385466,199,-1
rich_latent_t0_mean,rich_latent_typicality,-0.04828493176504416,0.4575,0.5425,-0.2084142917027132,0.4,1.0,0.012177940113336477,0.01689184812227638,-0.05917194552485558,-0.011094600592308799,0.04828493176504416,200,-1
rich_score_t1_fft_high_low,rich_score_fft,-0.04827145772853863,0.4372222222222223,0.5627777777777777,-0.1440473156876658,0.4,0.586,0.038619272782361214,0.05459210262381621,-0.09223768671958335,0.0618067229272717,0.04827145772853863,201,-1
rich_guidance_t0_q95,rich_guidance_moments,0.04822021945926128,0.5647222222222222,0.5647222222222222,0.19757985284419183,0.55,0.952,0.022595019854913054,0.030648321999230763,-0.00935641187066209,0.07958934640409496,0.04822021945926128,202,1
rich_latent_t2_mean,rich_latent_typicality,-0.04818844212014144,0.4572222222222222,0.5427777777777778,-0.20940919741929806,0.4,1.0,0.012077155474387983,0.0165993789349771,-0.0588000328202794,-0.011208468994136701,0.04818844212014144,203,-1
rich_cond_uncond_normratio_t3,rich_alignment,0.04767334672939904,0.46472222222222226,0.5352777777777777,-0.05189075229971523,0.4666666666666667,0.782,0.04407827238962414,0.057776438804405764,-0.05810533720257365,0.11660052988418158,0.04767334672939904,204,1
rich_latent_t5_kurtosis,rich_latent_typicality,0.04751534453460158,0.6422222222222221,0.6422222222222221,0.346899667843774,0.6333333333333333,0.884,0.02258466258443944,0.031025258827122575,-0.013974322325162582,0.06870917182830573,0.04751534453460158,205,1
rich_latent_t3_mean,rich_latent_typicality,-0.04675024656520128,0.45805555555555555,0.5419444444444445,-0.208099060863054,0.4,1.0,0.01189894902929711,0.016676189854735884,-0.057941568904702784,-0.010563723588582525,0.04675024656520128,206,-1
rich_latent_t3_q75,rich_latent_typicality,-0.046563237681316,0.40097222222222223,0.5990277777777777,-0.3956376737732527,0.3,1.0,0.014411956639434356,0.017491938923483073,-0.07351404756414781,-0.01546119591144027,0.046563237681316,207,-1
rich_latent_turn_cos_late,rich_latent_geometry,-0.04624844107077474,0.37777777777777777,0.6222222222222222,-0.35414130160717916,0.35,0.992,0.02642506274229217,0.03432688359972694,-0.11227975297874612,-0.008874464701967419,0.04624844107077474,208,-1
rich_latent_turn_cos_t4,rich_latent_geometry,-0.04624844107077474,0.37777777777777777,0.6222222222222222,-0.35414130160717916,0.35,0.992,0.02642506274229217,0.03432688359972694,-0.11227975297874612,-0.008874464701967419,0.04624844107077474,208,-1
rich_dz_crosscos_4_5,rich_crosstime,-0.04624844107077474,0.37777777777777777,0.6222222222222222,-0.35414130160717916,0.35,0.992,0.02642506274229217,0.03432688359972694,-0.11227975297874612,-0.008874464701967419,0.04624844107077474,208,-1
rich_guidance_dz_orthfrac_auc,rich_alignment,-0.0461868018127317,0.5402777777777777,0.5402777777777777,0.0259949614931884,0.48333333333333334,0.79,0.04064654693694927,0.06034817581966738,-0.11026084662552657,0.037649223035346686,0.0461868018127317,211,-1
rich_score_secondchange_t1,rich_score_dynamics,-0.04602588571756227,0.26,0.74,-0.6403149656503021,0.2,0.998,0.01879606131455428,0.025468533708723255,-0.08691737636155455,-0.015588222750090672,0.04602588571756227,212,-1
rich_guidance_cond_align_slope,rich_alignment,-0.046001119925570474,0.4888888888888889,0.5111111111111111,-0.0011949005941561393,0.5333333333333333,0.922,0.036801477705941985,0.04735277675379385,-0.12399902404316344,0.019662234246119646,0.046001119925570474,213,-1
rich_latent_t5_median,rich_latent_typicality,-0.045947742235099856,0.4395833333333334,0.5604166666666666,-0.18149305137112853,0.43333333333333335,0.95,0.02198255038129327,0.029432655648061395,-0.07781809858289467,0.007702909709924548,0.045947742235099856,214,-1
rich_latent_t4_q25,rich_latent_typicality,-0.04592773163350672,0.5327777777777778,0.5327777777777778,0.08591661898058253,0.48333333333333334,0.986,0.014898783954314423,0.02069709864826524,-0.061499325645899085,-0.0031771908141489977,0.04592773163350672,215,-1
rich_latent_t3_pr,rich_latent_typicality,-0.04583200142667599,0.29027777777777775,0.7097222222222223,-0.5588702638973613,0.31666666666666665,0.998,0.020139978848743568,0.027241963748420098,-0.08951391996459335,-0.014912963942724119,0.04583200142667599,216,-1
rich_guidance_cond_align_t2,rich_alignment,-0.04570285596467164,0.4311111111111111,0.5688888888888889,-0.16518579210429465,0.4166666666666667,0.716,0.03622818583984757,0.048631974992465195,-0.09051729916316421,0.0571917452292078,0.04570285596467164,217,-1
rich_score_secondchange_min,rich_score_dynamics,-0.045624732701608724,0.39,0.61,-0.40721064962708486,0.36666666666666664,0.996,0.021786100056906142,0.030321337129967534,-0.0930562808816854,-0.010621277794779694,0.045624732701608724,218,-1
rich_latent_t4_mean,rich_latent_typicality,-0.045612722179157954,0.4577777777777778,0.5422222222222222,-0.20696252573919546,0.4,1.0,0.011544219702673756,0.01589366187260889,-0.05640847776121105,-0.011381182632231113,0.045612722179157954,219,-1
rich_score_secondchange_late,rich_score_dynamics,-0.04539693984249715,0.39,0.61,-0.4050803745570565,0.36666666666666664,0.996,0.02180177539149322,0.030519638555393684,-0.0928915988410947,-0.010504596777764767,0.04539693984249715,220,-1
rich_score_secondchange_t3,rich_score_dynamics,-0.04539693984249715,0.39,0.61,-0.4050803745570565,0.36666666666666664,0.996,0.02180177539149322,0.030519638555393684,-0.0928915988410947,-0.010504596777764767,0.04539693984249715,220,-1
rich_cond_dz_align_max,rich_alignment,-0.045135448314988065,0.6419444444444445,0.6419444444444445,0.3784495314168809,0.7,0.956,0.02034530530740359,0.027996215488947523,-0.0757552338130537,0.005303884697315362,0.045135448314988065,222,-1
rich_cond_dz_align_t0,rich_alignment,-0.045135448314988065,0.6419444444444445,0.6419444444444445,0.3784495314168809,0.7,0.956,0.02034530530740359,0.027996215488947523,-0.0757552338130537,0.005303884697315362,0.045135448314988065,222,-1
rich_latent_t2_q05,rich_latent_typicality,-0.045067999793977465,0.48833333333333334,0.5116666666666667,-0.04701067435448889,0.5,0.904,0.022654666068572513,0.030471155218963413,-0.07233697584429875,0.015302441100218755,0.045067999793977465,224,-1
rich_score_consecutive_cos_mean,rich_score_dynamics,0.0448473733355071,0.7180555555555554,0.7180555555555554,0.46592187969537074,0.75,1.0,0.012092756889396393,0.015571990755450266,0.021112512728070035,0.07044733451182073,0.0448473733355071,225,1
rich_score_t3_fft_high_low,rich_score_fft,0.04481111257111069,0.38888888888888895,0.611111111111111,-0.24521376181892268,0.4166666666666667,0.646,0.032645986243137075,0.047609983226842574,-0.04955470773090205,0.07276576034207445,0.04481111257111069,226,1
rich_cond_dz_orthfrac_late,rich_alignment,0.04477039866137058,0.5794444444444444,0.5794444444444444,0.2077483173295384,0.6,0.98,0.015834421737228842,0.019233182497816092,0.006886731510144136,0.06978813813443871,0.04477039866137058,227,1
rich_score_secondchange_slope,rich_score_dynamics,-0.04457147334209473,0.5244444444444444,0.5244444444444444,0.11212375732404199,0.5333333333333333,0.94,0.02198902360924139,0.03029989511160794,-0.07715038613944973,0.007569272234322011,0.04457147334209473,228,-1
rich_score_angle_auc,rich_score_dynamics,-0.044143783591654474,0.33555555555555555,0.6644444444444444,-0.5309951925934142,0.25,1.0,0.010135891832566734,0.013673825925480047,-0.061495300428552634,-0.022374813936746885,0.044143783591654474,229,-1
rich_latent_t5_skew,rich_latent_typicality,0.04399549069797903,0.4802777777777778,0.5197222222222222,-0.08976594092073115,0.4666666666666667,0.868,0.026551451210333074,0.039378710651662284,-0.022024985685804698,0.082389559883078,0.04399549069797903,230,1
rich_cond_uncond_cos_early,rich_alignment,-0.04374291894808786,0.5383333333333333,0.5383333333333333,0.07096989358796682,0.5166666666666667,0.932,0.0214504024021798,0.02818709970289938,-0.07728388954416134,0.008590269007457923,0.04374291894808786,231,-1
rich_latent_t2_median,rich_latent_typicality,-0.043491780046949195,0.4577777777777778,0.5422222222222222,-0.15816837191596567,0.45,0.974,0.015131085961937222,0.019382602796960222,-0.05949871503249461,-0.00013150477250236487,0.043491780046949195,232,-1
rich_latent_turn_cos_middle,rich_latent_geometry,0.04345173294189325,0.6194444444444445,0.6194444444444445,0.4494683077549653,0.7333333333333333,0.994,0.015662473981179897,0.021605013634700597,0.010918176421707669,0.07023309961086237,0.04345173294189325,233,1
rich_score_angle_t0,rich_score_dynamics,-0.04330835138247524,0.4180555555555556,0.5819444444444444,-0.2025721442810329,0.4,0.958,0.018473875256478596,0.02577354424180872,-0.06732573246208587,0.0026551960920543093,0.04330835138247524,234,-1
rich_score_angle_max,rich_score_dynamics,-0.04330835138247524,0.4180555555555556,0.5819444444444444,-0.2025721442810329,0.4,0.958,0.018473875256478596,0.02577354424180872,-0.06732573246208587,0.0026551960920543093,0.04330835138247524,234,-1
rich_score_crosscos_0_1,rich_crosstime,0.04320670476907364,0.5819444444444445,0.5819444444444445,0.2021402072068189,0.6,0.958,0.01850998014010849,0.02618791044347604,-0.00260411189597687,0.06740519236236216,0.04320670476907364,236,1
rich_score_consecutive_cos_t0,rich_score_dynamics,0.04320670476907364,0.5819444444444445,0.5819444444444445,0.2021402072068189,0.6,0.958,0.01850998014010849,0.02618791044347604,-0.00260411189597687,0.06740519236236216,0.04320670476907364,236,1
rich_score_consecutive_cos_min,rich_score_dynamics,0.04320670476907364,0.5819444444444445,0.5819444444444445,0.2021402072068189,0.6,0.958,0.01850998014010849,0.02618791044347604,-0.00260411189597687,0.06740519236236216,0.04320670476907364,236,1
rich_guidance_t1_absmean,rich_guidance_moments,0.04307938053603446,0.41750000000000004,0.5825,-0.21687900054745252,0.35,0.878,0.02155457175449673,0.028530677972666632,-0.02115671716079112,0.06403951987680252,0.04307938053603446,239,1
rich_score_consecutive_cos_slope,rich_score_dynamics,-0.04306564804554471,0.3558333333333334,0.6441666666666666,-0.31750937728561435,0.3,0.978,0.016302718583293897,0.022071379180725666,-0.06769178581676721,-0.0018626406659058275,0.04306564804554471,240,-1
rich_cond_dz_align_t4,rich_alignment,-0.04301598960945467,0.3622222222222223,0.6377777777777778,-0.31470727826204126,0.31666666666666665,0.998,0.013794747259254496,0.018307775023971004,-0.06852012945493674,-0.015509187969171395,0.04301598960945467,241,-1
rich_score_angle_t4,rich_score_dynamics,0.04295288079289891,0.6672222222222222,0.6672222222222222,0.5217042405342366,0.6666666666666666,0.994,0.018622580902493076,0.025977129856095856,0.010911986723646336,0.08394627235337783,0.04295288079289891,242,1
rich_score_angle_late,rich_score_dynamics,0.04295288079289891,0.6672222222222222,0.6672222222222222,0.5217042405342366,0.6666666666666666,0.994,0.018622580902493076,0.025977129856095856,0.010911986723646336,0.08394627235337783,0.04295288079289891,242,1
rich_score_cumulative_angle,rich_score_dynamics,-0.04284704988541652,0.33777777777777784,0.6622222222222222,-0.4773777295993779,0.2833333333333333,1.0,0.009549404808593981,0.01217988191717808,-0.05960017233181952,-0.02060096889914751,0.04284704988541652,244,-1
rich_score_angle_mean,rich_score_dynamics,-0.04284704988541648,0.33777777777777784,0.6622222222222222,-0.4773777295843919,0.2833333333333333,1.0,0.009549404808593988,0.012179881917178122,-0.059600172331819405,-0.020600968899147455,0.04284704988541648,245,-1
endpoint_kurtosis,endpoint,0.04281921183975123,0.6213888888888889,0.6213888888888889,0.29125880391826686,0.6166666666666667,0.864,0.02289264872490107,0.033091491482399094,-0.019063185158835545,0.06874199191003372,0.04281921183975123,246,1
rich_guidance_t0_var,rich_guidance_moments,0.04267317173237987,0.5730555555555555,0.5730555555555555,0.19873713803940693,0.55,0.986,0.01699869415953134,0.022493375845947183,0.005840887313310279,0.07167056864993125,0.04267317173237987,247,1
rich_latent_t5_mean,rich_latent_typicality,-0.04264791554694149,0.46055555555555555,0.5394444444444444,-0.20368863221853328,0.4,1.0,0.010968242267166313,0.015195115634122586,-0.05398521653609479,-0.011359886955789263,0.04264791554694149,248,-1
rich_score_consecutive_cos_middle,rich_score_dynamics,0.04250972651542438,0.6527777777777778,0.6527777777777778,0.5981278024370448,0.7333333333333333,0.998,0.016624848820446424,0.02397859733411869,0.009612938007431251,0.0747306791259998,0.04250972651542438,249,1
rich_score_relchange_mean,rich_score_dynamics,0.04245377102346561,0.3555555555555555,0.6444444444444445,-0.3551752665228551,0.3,0.99,0.012980717282522551,0.017509806224968727,0.004049763983676937,0.05373217314467792,0.04245377102346561,250,1
rich_score_consecutive_cos_early,rich_score_dynamics,0.0424473728985782,0.6858333333333333,0.6858333333333333,0.38815613752356726,0.75,0.988,0.01706171155935108,0.0219070052307831,0.005302125857538107,0.07287262134408294,0.0424473728985782,251,1
rich_score_change_auc,rich_score_dynamics,-0.042235748339801676,0.29555555555555557,0.7044444444444444,-0.5628348892249599,0.26666666666666666,1.0,0.007885427066640971,0.010475367804896787,-0.05326331256493341,-0.023548740995908816,0.042235748339801676,252,-1
rich_guidance_t1_q75,rich_guidance_moments,0.042144412806260335,0.4097222222222222,0.5902777777777778,-0.2331566993513214,0.35,0.896,0.022660562495412016,0.030472427427802262,-0.01543306871575981,0.07213982893563779,0.042144412806260335,253,1
rich_score_relchange_max,rich_score_dynamics,0.0421192796938184,0.3488888888888889,0.6511111111111111,-0.36379677602424854,0.3,0.984,0.013375955411539202,0.018818394802166523,0.002531827119688099,0.05323245511782064,0.0421192796938184,254,1
rich_cond_dz_orthfrac_slope,rich_alignment,0.042017689774981215,0.6561111111111111,0.6561111111111111,0.4767508344757089,0.6666666666666666,0.892,0.027533286236792014,0.03991455849654866,-0.02015841781519459,0.0857039672288131,0.042017689774981215,255,1
rich_score_change_late,rich_score_dynamics,0.04190696700723962,0.6658333333333334,0.6658333333333334,0.5370247564019083,0.7,0.998,0.01849730324731294,0.025310358915932377,0.012216711491612742,0.08567654984475362,0.04190696700723962,256,1
rich_score_change_t4,rich_score_dynamics,0.04190696700723962,0.6658333333333334,0.6658333333333334,0.5370247564019083,0.7,0.998,0.01849730324731294,0.025310358915932377,0.012216711491612742,0.08567654984475362,0.04190696700723962,256,1
rich_score_relchange_std,rich_score_dynamics,0.04186847267373276,0.34638888888888886,0.6536111111111111,-0.3608225232537526,0.3,0.98,0.013744126233014086,0.018932090595936257,0.0021441121916207805,0.05357356325067764,0.04186847267373276,258,1
rich_latent_turn_cos_max,rich_latent_geometry,-0.041806739313625475,0.5133333333333333,0.5133333333333333,0.08283031794617245,0.45,0.816,0.028230823203974596,0.039493150693516124,-0.0804657485926357,0.027078253838603038,0.041806739313625475,259,-1
rich_score_t3_channel_pr,rich_score_spatial,-0.04153665909160145,0.40861111111111115,0.5913888888888889,-0.14770677375445226,0.4,0.858,0.026780753131507174,0.03415642125011316,-0.07664326650151441,0.02629356686898243,0.04153665909160145,260,-1
rich_score_angle_min,rich_score_dynamics,0.04146876482344104,0.6666666666666666,0.6666666666666666,0.5184023398347123,0.6666666666666666,0.994,0.018760778018955586,0.02686873740265648,0.009330435196103317,0.08349143860478113,0.04146876482344104,261,1
rich_score_relchange_t0,rich_score_dynamics,0.04121160138477139,0.3488888888888889,0.6511111111111111,-0.3652850824226962,0.3,0.982,0.013191810849396532,0.018373276092127497,0.00221079272191946,0.05248816604033038,0.04121160138477139,262,1
rich_score_t5_maxabs,rich_score_moments,0.04115530334834946,0.56875,0.56875,0.1613358691724139,0.5666666666666667,0.78,0.03949162894952725,0.05023656683055662,-0.05405708487684911,0.10327656383257999,0.04115530334834946,263,1
rich_guidance_dz_orthfrac_t5,rich_alignment,-0.04112875323899616,0.46694444444444444,0.5330555555555556,-0.061817295747883985,0.43333333333333335,0.726,0.036564666151295694,0.05006730563658012,-0.0988633386391834,0.0479908719604193,0.04112875323899616,264,-1
rich_score_t4_mean,rich_score_moments,0.04110768441634754,0.48194444444444445,0.5180555555555555,-0.04053335362048986,0.5166666666666667,0.612,0.03389992836667141,0.04999839834050833,-0.05360896382033899,0.07334556899554831,0.04110768441634754,265,1
rich_guidance_dz_align_mean,rich_alignment,-0.041081183522594,0.4191666666666667,0.5808333333333333,-0.18898821831189497,0.4166666666666667,0.872,0.03148190736952617,0.0396828755456436,-0.0965739479453421,0.028698704783134844,0.041081183522594,266,-1
rich_cond_dz_align_mean,rich_alignment,-0.04097611039625304,0.4216666666666667,0.5783333333333334,-0.17617981033300215,0.4,1.0,0.008160765435741433,0.011112371014769765,-0.04756777701261184,-0.015992254741527736,0.04097611039625304,267,-1
rich_latent_t4_kurtosis,rich_latent_typicality,0.04071359933088183,0.6755555555555556,0.6755555555555556,0.4312860532004848,0.6666666666666666,0.916,0.023603922943041526,0.030774296997076244,-0.012796333670154742,0.07866307510320421,0.04071359933088183,268,1
rich_score_relchange_auc,rich_score_dynamics,0.040627363532898274,0.3602777777777778,0.6397222222222222,-0.3509067468708462,0.3,0.99,0.012635449542393477,0.017405184312083127,0.003759201858217377,0.05174352427229527,0.040627363532898274,269,1
rich_dz_crosscos_1_4,rich_crosstime,0.04060189048824512,0.5655555555555556,0.5655555555555556,0.2659280145189363,0.5833333333333334,0.79,0.030347377228713505,0.04098123871177043,-0.035185317898766735,0.08360338370333198,0.04060189048824512,270,1
rich_guidance_t4_kurtosis,rich_guidance_moments,-0.04035149942731625,0.6066666666666667,0.6066666666666667,0.1243224581351153,0.6166666666666667,0.694,0.03860009604839745,0.04986169626017416,-0.10311324039150999,0.04018934269233913,0.04035149942731625,271,-1
rich_score_t3_q05,rich_score_moments,0.04030264623602512,0.6740277777777777,0.6740277777777777,0.432066575887568,0.6666666666666666,0.956,0.01769466541590401,0.02377307919788469,-0.004792932290887696,0.0621331152821856,0.04030264623602512,272,1
rich_score_change_min,rich_score_dynamics,0.0402564184725471,0.6655555555555556,0.6655555555555556,0.5332246622992476,0.7,0.998,0.018752030011707128,0.0262418799904003,0.009894873278989138,0.08510120256518047,0.0402564184725471,273,1
rich_latent_turn_angle_std,rich_latent_geometry,-0.04010443451378405,0.49111111111111105,0.508888888888889,0.0017719580287299127,0.45,0.978,0.013053058889484416,0.01888383651761203,-0.05184699598567271,-0.0010388438016074224,0.04010443451378405,274,-1
rich_guidance_cond_align_std,rich_alignment,-0.04002929759233629,0.44833333333333336,0.5516666666666666,-0.09145880878058103,0.4,0.744,0.052894655488832897,0.06536191586384124,-0.1371083612250336,0.08149092438511137,0.04002929759233629,275,-1
rich_latent_turn_cos_std,rich_latent_geometry,-0.04000123575382557,0.47333333333333333,0.5266666666666666,-0.06268534533838896,0.4166666666666667,0.974,0.014425953769620173,0.02038720119307237,-0.05430138959047452,-3.869076702892029e-05,0.04000123575382557,276,-1
rich_score_consecutive_cos_auc,rich_score_dynamics,0.03977956805834439,0.7175,0.7175,0.5400016529566666,0.7833333333333333,1.0,0.011653593286479174,0.01611905665388163,0.02203093935577793,0.0685778569967064,0.03977956805834439,277,1
rich_guidance_t5_absmean,rich_guidance_moments,0.039759909655494474,0.6302777777777777,0.6302777777777777,0.31649598571453097,0.6166666666666667,0.864,0.025818951523379284,0.036370066547838566,-0.01829950542697476,0.07822827580663477,0.039759909655494474,278,1
rich_guidance_t0_mean,rich_guidance_moments,-0.03972208759464982,0.4780555555555556,0.5219444444444443,-0.06443059911102249,0.45,0.748,0.05154476089856293,0.0761880098820223,-0.13725612863536227,0.05783759347299757,0.03972208759464982,279,-1
rich_score_relchange_early,rich_score_dynamics,0.039619305493050545,0.35000000000000003,0.6499999999999999,-0.36368300956356653,0.3,0.982,0.012545906736474273,0.01718844643951385,0.0021637277298604055,0.04964322209175841,0.039619305493050545,280,1
rich_score_crosscos_1_5,rich_crosstime,-0.03960950910817845,0.5452777777777779,0.5452777777777779,0.1609329068790902,0.5,0.952,0.01621929145026099,0.020499290647483098,-0.06149836859513653,0.0033472420184082544,0.03960950910817845,281,-1
rich_score_t5_fft_low,rich_score_fft,0.03955634244217499,0.5644444444444444,0.5644444444444444,0.16254390222443788,0.6,0.834,0.027421639562570148,0.03751562858992857,-0.027531690147019502,0.0785559679439068,0.03955634244217499,282,1
rich_score_t4_median,rich_score_moments,0.03953853917552473,0.48638888888888887,0.5136111111111111,-0.09115168209746298,0.5166666666666667,0.582,0.03959002911767824,0.052355290189995365,-0.07067396571327778,0.08471551726067007,0.03953853917552473,283,1
rich_latent_t0_absmean,rich_latent_typicality,-0.03953328076970531,0.42055555555555557,0.5794444444444444,-0.27483324146276755,0.48333333333333334,0.998,0.011694251980399901,0.01524048681990375,-0.05823883838414117,-0.012457677152100192,0.03953328076970531,284,-1
rich_latent_t1_absmean,rich_latent_typicality,-0.039487987282100456,0.4208333333333334,0.5791666666666666,-0.27463622359956746,0.48333333333333334,0.998,0.011691430108504293,0.015260874478856292,-0.058170397713152265,-0.012418305609642076,0.039487987282100456,285,-1
rich_uncond_dz_align_t4,rich_alignment,-0.03938474920399961,0.3605555555555555,0.6394444444444445,-0.3181074705359565,0.35,0.994,0.01413153279439661,0.017982261304352702,-0.0672996003253255,-0.011816275145404504,0.03938474920399961,286,-1
rich_latent_turn_angle_t3,rich_latent_geometry,-0.03918544248569931,0.4091666666666667,0.5908333333333333,-0.3361321170762724,0.36666666666666664,0.982,0.02172763352177765,0.032339836452848436,-0.08431571935441252,-0.0023269206477416213,0.03918544248569931,287,-1
rich_latent_turn_cos_min,rich_latent_geometry,0.03851077219894202,0.6127777777777778,0.6127777777777778,0.2796380291804709,0.6833333333333333,0.938,0.019502997735014977,0.0275131136756169,-0.006739992563116522,0.06756005433167384,0.03851077219894202,288,1
rich_dz_crosscos_0_1,rich_crosstime,0.03851077219894202,0.6127777777777778,0.6127777777777778,0.2796380291804709,0.6833333333333333,0.938,0.019502997735014977,0.0275131136756169,-0.006739992563116522,0.06756005433167384,0.03851077219894202,288,1
rich_latent_turn_cos_t0,rich_latent_geometry,0.03851077219894202,0.6127777777777778,0.6127777777777778,0.2796380291804709,0.6833333333333333,0.938,0.019502997735014977,0.0275131136756169,-0.006739992563116522,0.06756005433167384,0.03851077219894202,288,1
rich_guidance_t5_maxabs,rich_guidance_moments,-0.03809504111078708,0.6498611111111111,0.6498611111111111,0.3593876503499946,0.6666666666666666,0.528,0.04589263236315647,0.06096603967984035,-0.09384147960059623,0.09179659677440685,0.03809504111078708,291,-1
rich_score_relchange_slope,rich_score_dynamics,-0.03784038456270898,0.6508333333333333,0.6508333333333333,0.3731507080762454,0.7,0.98,0.012442034756763903,0.016819153578631216,-0.04860614862202535,-0.0009996422639527343,0.03784038456270898,292,-1
rich_latent_t2_q95,rich_latent_typicality,-0.03781296285810364,0.40388888888888885,0.5961111111111111,-0.34048702273388404,0.38333333333333336,0.922,0.022300118303619953,0.028135345072676756,-0.07964222648479155,0.00970119871083419,0.03781296285810364,293,-1
rich_latent_turn_angle_max,rich_latent_geometry,-0.037661837853223364,0.3872222222222222,0.6127777777777779,-0.27932224385449533,0.31666666666666665,0.932,0.019490134187238033,0.02752361676463,-0.06702356388021366,0.006704986248557781,0.037661837853223364,294,-1
rich_latent_turn_angle_t0,rich_latent_geometry,-0.037661837853223364,0.3872222222222222,0.6127777777777779,-0.27932224385449533,0.31666666666666665,0.932,0.019490134187238033,0.02752361676463,-0.06702356388021366,0.006704986248557781,0.037661837853223364,294,-1
rich_latent_turn_angle_slope,rich_latent_geometry,0.03765480585545209,0.6044444444444445,0.6044444444444445,0.3138332192733057,0.7166666666666667,0.988,0.018472663543114526,0.02276884413201405,0.00542459124533498,0.08171842636747821,0.03765480585545209,296,1
rich_guidance_t2_nearzero,rich_guidance_moments,-0.03736520659859532,0.6076388888888888,0.6076388888888888,0.22919272262139045,0.6,0.928,0.022766298617824896,0.03281442994062714,-0.07623332118299336,0.010302644089379772,0.03736520659859532,297,-1
rich_score_t5_q75,rich_score_moments,-0.03708374494190517,0.35097222222222224,0.6490277777777778,-0.3431268120091648,0.2833333333333333,0.834,0.02778252796110423,0.03912735216437081,-0.08092452068259412,0.02633644664445446,0.03708374494190517,298,-1
rich_latent_t3_median,rich_latent_typicality,-0.03694861979201143,0.46458333333333335,0.5354166666666667,-0.14822174069271044,0.45,0.962,0.013992634101873364,0.01887832212819461,-0.05388487501251393,0.0028991489399491244,0.03694861979201143,299,-1
rich_score_t3_fft_low,rich_score_fft,-0.03689661795894995,0.5977777777777777,0.5977777777777777,0.23318995063602024,0.6,0.63,0.027721027888981516,0.03769269163541538,-0.06591698555833375,0.040869915662295295,0.03689661795894995,300,-1
rich_uncond_dz_align_mean,rich_alignment,-0.03676812115655952,0.42527777777777775,0.5747222222222222,-0.16810273663761122,0.43333333333333335,1.0,0.0081882357635274,0.01126317431965674,-0.04468208676584643,-0.013259598623762341,0.03676812115655952,301,-1
rich_score_t3_channel_cv,rich_score_spatial,0.03665340871274058,0.5913888888888889,0.5913888888888889,0.19195458409424943,0.6,0.834,0.02527307297642714,0.03137127633882437,-0.027936543168742594,0.07290893246933453,0.03665340871274058,302,1
rich_guidance_t5_q95,rich_guidance_moments,0.03634578092822416,0.6383333333333332,0.6383333333333332,0.3057255478012382,0.65,0.86,0.02824326309035693,0.04020038337929964,-0.01897306550803493,0.09040715996067297,0.03634578092822416,303,1
rich_score_consecutive_cos_std,rich_score_dynamics,-0.03606240318978299,0.4669444444444445,0.5330555555555555,-0.104460734976658,0.4166666666666667,0.912,0.019420292729242627,0.02777867269488241,-0.06138819155029655,0.012519651168339856,0.03606240318978299,304,-1
rich_latent_t3_maxabs,rich_latent_typicality,0.03597874143247708,0.58875,0.58875,0.27904882536981107,0.6166666666666667,0.78,0.03590905974006389,0.04665321858478591,-0.037990880442343285,0.09801446842531968,0.03597874143247708,305,1
rich_score_angle_early,rich_score_dynamics,-0.03571596708367645,0.2941666666666667,0.7058333333333333,-0.452756664274285,0.25,0.964,0.01964252232574798,0.02672781869997416,-0.07653702469540924,0.0007458639406412704,0.03571596708367645,306,-1
rich_latent_t4_skew,rich_latent_typicality,0.03563265775941199,0.45444444444444443,0.5455555555555556,-0.17139821876408123,0.45,0.778,0.02534879644911445,0.03378572534883171,-0.03046961005465731,0.0672953796902234,0.03563265775941199,307,1
rich_score_t0_q05,rich_score_moments,0.035534576395626634,0.37277777777777776,0.6272222222222222,-0.3713584692676691,0.3,0.978,0.013978548124445647,0.018725877712840226,0.0005480522503286929,0.05345210717936086,0.035534576395626634,308,1
rich_cond_dz_align_auc,rich_alignment,-0.03538284097124512,0.4111111111111111,0.5888888888888889,-0.19624942660004463,0.4,1.0,0.0074565722802750175,0.010338411862396174,-0.042953336581243395,-0.01316351403907049,0.03538284097124512,309,-1
rich_latent_t4_q05,rich_latent_typicality,-0.035314264498685806,0.5480555555555555,0.5480555555555555,0.09633456220389607,0.5166666666666667,0.844,0.021863095994836178,0.032380030964532264,-0.0636625037068047,0.01923866959093317,0.035314264498685806,310,-1
rich_score_t1_fft_entropy,rich_score_fft,-0.03522242742288188,0.44472222222222224,0.5552777777777778,-0.06321844249717383,0.45,0.5,0.04876569928048758,0.06696417296604659,-0.09651481180118669,0.08664784708246362,0.03522242742288188,311,-1
rich_dz_crosscos_0_2,rich_crosstime,0.03522214632176873,0.6466666666666667,0.6466666666666667,0.32227353904819833,0.6666666666666666,0.896,0.03127898866251187,0.042070623822514516,-0.02555612227645563,0.09541926561293422,0.03522214632176873,312,1
rich_score_t0_q75,rich_score_moments,-0.03513451668329903,0.6302777777777778,0.6302777777777778,0.3600748104235914,0.65,0.932,0.019217888923482352,0.026041208222422334,-0.06513528112631302,0.011862313365393775,0.03513451668329903,313,-1
rich_cond_uncond_cos_slope,rich_alignment,0.03497468035088386,0.42583333333333334,0.5741666666666667,-0.13918050241477997,0.4166666666666667,0.886,0.020521185016576914,0.026463097637260687,-0.01991149858882605,0.06389262735428924,0.03497468035088386,314,1
rich_score_t4_fft_centroid,rich_score_fft,0.03490583199846577,0.44972222222222225,0.5502777777777778,-0.19967840153107044,0.45,0.732,0.024796292727514414,0.03291628345522239,-0.03234857751169367,0.06547243846207672,0.03490583199846577,315,1
rich_score_t3_fft_high,rich_score_fft,-0.03483868720043515,0.355,0.645,-0.4239063553567607,0.3,0.984,0.02371273393650965,0.03149079264504927,-0.09264748735153064,-0.0026571736798082527,0.03483868720043515,316,-1
rich_score_t5_fft_high_low,rich_score_fft,-0.034835964767523576,0.42388888888888887,0.5761111111111111,-0.1705416548060331,0.4166666666666667,0.852,0.026308713405577805,0.03429118663782354,-0.07697217315470498,0.03001761118170041,0.034835964767523576,317,-1
rich_score_t4_v_autocorr,rich_score_spatial,0.034732273191662104,0.5788888888888889,0.5788888888888889,0.24250394054851693,0.5333333333333333,0.858,0.03005855767431311,0.043479919382107705,-0.024255468743859095,0.09042969508460517,0.034732273191662104,318,1
rich_latent_t4_var,rich_latent_typicality,0.03468977884589864,0.36750000000000005,0.6325,-0.36355095680442395,0.31666666666666665,0.934,0.014522422037058131,0.020043738270580484,-0.0048650041765030475,0.05113047753954608,0.03468977884589864,319,1
rich_guidance_t1_mean,rich_guidance_moments,-0.03466450675344651,0.5208333333333333,0.5208333333333333,0.03733509640149872,0.6166666666666667,0.726,0.06601897987256086,0.08760351188443828,-0.1545146171255403,0.11033537663315739,0.03466450675344651,320,-1
rich_score_t3_mean,rich_score_moments,0.034192654070849586,0.47972222222222227,0.5202777777777777,-0.020494337254774606,0.5,0.596,0.04118083233712267,0.05818893882896803,-0.07627304040733464,0.07861326611485525,0.034192654070849586,321,1
rich_score_t5_kurtosis,rich_score_moments,0.03404279455599381,0.6130555555555556,0.6130555555555556,0.25558089767824244,0.6166666666666667,0.79,0.024079989797808402,0.03499063476211246,-0.026050004158635533,0.06646515705459398,0.03404279455599381,322,1
rich_score_crosscos_3_5,rich_crosstime,0.03382965775548011,0.4708333333333333,0.5291666666666667,-0.09749954710231934,0.45,0.78,0.0256403801672641,0.03244973870385667,-0.03198801756837342,0.06933267222343992,0.03382965775548011,323,1
rich_score_t4_fft_high,rich_score_fft,-0.03372689974125842,0.4219444444444444,0.5780555555555555,-0.2861472503497084,0.4,0.938,0.023201407847566018,0.033011922677175065,-0.08002793548381691,0.007123628490884447,0.03372689974125842,324,-1
rich_cond_dz_orthfrac_t0,rich_alignment,0.03361686602700299,0.35805555555555557,0.6419444444444444,-0.4050314714486912,0.3,0.952,0.016040716310162087,0.020169966660844838,-0.004435974197061562,0.061719011249751835,0.03361686602700299,325,1
rich_cond_dz_orthfrac_min,rich_alignment,0.03361686602700299,0.35805555555555557,0.6419444444444444,-0.4050314714486912,0.3,0.952,0.016040716310162087,0.020169966660844838,-0.004435974197061562,0.061719011249751835,0.03361686602700299,325,1
rich_score_change_t1,rich_score_dynamics,-0.03361561585968454,0.30833333333333335,0.6916666666666667,-0.4593294986254221,0.2833333333333333,0.934,0.020957920495584106,0.027541464795574407,-0.07373564368093889,0.009026839347853446,0.03361561585968454,327,-1
rich_score_t1_channel_ratio,rich_score_spatial,-0.03359412883046277,0.5488888888888889,0.5488888888888889,0.07683277869385752,0.5333333333333333,0.604,0.03363175115495841,0.04224853658348436,-0.07910377768650684,0.05873692640430029,0.03359412883046277,328,-1
rich_cond_uncond_normratio_max,rich_alignment,0.033172342642619944,0.42138888888888887,0.5786111111111112,-0.1287330791474202,0.4,0.642,0.03980048653616572,0.05633546219380257,-0.06843276146181812,0.08361102995177065,0.033172342642619944,329,1
rich_guidance_cond_align_auc,rich_alignment,-0.03302953832542713,0.39111111111111113,0.6088888888888888,-0.22399589221172886,0.4166666666666667,0.796,0.027195393931442578,0.03657796285714259,-0.07847354693238255,0.03489410468886376,0.03302953832542713,330,-1
rich_latent_t4_pr,rich_latent_typicality,-0.032717487781507876,0.33166666666666667,0.6683333333333333,-0.43815617580876254,0.35,0.914,0.022709090001146275,0.030082814203299932,-0.0762889443695295,0.010664583558574293,0.032717487781507876,331,-1
rich_latent_t5_pr,rich_latent_typicality,-0.032533772257250064,0.3569444444444444,0.6430555555555556,-0.3416315677541233,0.36666666666666664,0.824,0.023289292008937847,0.03380888245053436,-0.06590104979384591,0.021442248779525278,0.032533772257250064,332,-1
rich_score_change_mean,rich_score_dynamics,-0.03251686753222243,0.30527777777777776,0.6947222222222222,-0.5252390207354004,0.3333333333333333,1.0,0.007994119657476546,0.011011460748022651,-0.04721433450463514,-0.014592145347126542,0.03251686753222243,333,-1
rich_latent_t4_q95,rich_latent_typicality,0.032308909255008914,0.3686111111111111,0.6313888888888889,-0.40152311309061856,0.36666666666666664,0.856,0.0181228353185937,0.023300417682498523,-0.018147966839941607,0.05603932838709626,0.032308909255008914,334,1
rich_latent_turn_angle_middle,rich_latent_geometry,-0.03184727065527629,0.38,0.62,-0.40986314909823496,0.26666666666666666,0.994,0.01285888798172617,0.01785610689208058,-0.05575505825676989,-0.008250947828554085,0.03184727065527629,335,-1
rich_score_t1_median,rich_score_moments,-0.03171626225327387,0.4126388888888889,0.5873611111111111,-0.21532029627646487,0.4166666666666667,0.846,0.046097770488902276,0.0587498479838576,-0.13039235094760107,0.0479860683503002,0.03171626225327387,336,-1
rich_score_change_std,rich_score_dynamics,0.03151588251367491,0.43750000000000006,0.5625,-0.1955487477231783,0.4,0.842,0.011658248362100693,0.014710675394852706,-0.008213479236930917,0.03868245378156217,0.03151588251367491,337,1
rich_score_t0_channel_cv,rich_score_spatial,0.03137445236253272,0.3875,0.6125,-0.2750670508034869,0.38333333333333336,0.712,0.040343965959957186,0.05251578433390617,-0.0648160456588949,0.09976047220484272,0.03137445236253272,338,1
guidance_early,legacy_guidance,0.031278207211229495,0.46138888888888885,0.5386111111111112,-0.10248034279708919,0.4666666666666667,0.846,0.018979314432167924,0.024291180983500728,-0.02280626364711375,0.05384796385324033,0.031278207211229495,339,1
rich_guidance_dz_align_early,rich_alignment,0.031222709806912424,0.44055555555555553,0.5594444444444444,-0.17109806754596807,0.43333333333333335,0.778,0.032760195228588654,0.04060869287514285,-0.04029773740179491,0.0855687491611668,0.031222709806912424,340,1
rich_guidance_dz_align_t3,rich_alignment,-0.03114427453850892,0.3647222222222222,0.6352777777777778,-0.39857220206497657,0.31666666666666665,0.878,0.03935096071138127,0.05385721974625618,-0.11706357107034417,0.03408714625752471,0.03114427453850892,341,-1
rich_guidance_t2_kurtosis,rich_guidance_moments,0.031001153092401385,0.523611111111111,0.523611111111111,0.11562311446831701,0.4,0.608,0.0330471422772784,0.04259106230611254,-0.06441886683160901,0.0664406018185113,0.031001153092401385,342,1
rich_cond_dz_orthfrac_std,rich_alignment,0.030982059693913735,0.6880555555555556,0.6880555555555556,0.4821418714255288,0.75,0.94,0.01839571609758686,0.026332832437738596,-0.006976450356132451,0.06346710444109914,0.030982059693913735,343,1
rich_score_t1_fft_centroid,rich_score_fft,-0.03092916683745996,0.42083333333333334,0.5791666666666666,-0.254203543784374,0.43333333333333335,0.742,0.03023402664623839,0.041726736648585984,-0.08512659804955074,0.03400778549399575,0.03092916683745996,344,-1
rich_score_t4_kurtosis,rich_score_moments,0.03077980976400305,0.6127777777777778,0.6127777777777778,0.2609257587508645,0.6333333333333333,0.774,0.022613360429752954,0.031262788629455654,-0.027891970581807857,0.06120206916364442,0.03077980976400305,345,1
rich_uncond_dz_align_auc,rich_alignment,-0.030275108125102746,0.41388888888888886,0.5861111111111111,-0.18393178114676884,0.43333333333333335,1.0,0.007526714683727376,0.01090511804645072,-0.0399943236182274,-0.010600262167480204,0.030275108125102746,346,-1
rich_cond_uncond_cos_t4,rich_alignment,-0.030202688622586,0.45000000000000007,0.5499999999999999,-0.1703410493420112,0.4666666666666667,0.792,0.025475337183425456,0.03252719990374085,-0.07173073578721162,0.03342395130155707,0.030202688622586,347,-1
rich_score_t1_q25,rich_score_moments,0.029811080384173464,0.6312500000000001,0.6312500000000001,0.3630726329514031,0.6833333333333333,0.788,0.022527989554054682,0.030575213928846157,-0.02549734376477748,0.06397995589458608,0.029811080384173464,348,1
rich_guidance_cond_align_t3,rich_alignment,0.02915196852915742,0.4122222222222222,0.5877777777777777,-0.18039600990896426,0.4,0.638,0.041775634394253525,0.05490465577679982,-0.06107997051571516,0.09933263880401756,0.02915196852915742,349,1
rich_score_angle_t2,rich_score_dynamics,-0.028824292941407734,0.35611111111111116,0.6438888888888888,-0.4910369504504337,0.25,0.862,0.026872464724250426,0.03460384178943089,-0.08060754506453285,0.0249304050616635,0.028824292941407734,350,-1
rich_score_change_t2,rich_score_dynamics,-0.02881786747268384,0.3236111111111111,0.6763888888888889,-0.4892400694786298,0.25,0.834,0.02733807243999867,0.034947577775966195,-0.0805125331405943,0.027458592055141534,0.02881786747268384,351,-1
rich_latent_turn_cos_slope,rich_latent_geometry,-0.028413454344890787,0.3825,0.6174999999999999,-0.33637304981343513,0.31666666666666665,0.974,0.019764617455972015,0.02512615346816616,-0.08065294226330637,0.000293699499522187,0.028413454344890787,352,-1
rich_latent_accel_t4,rich_latent_geometry,0.028288948692166315,0.6041666666666667,0.6041666666666667,0.2548290261909014,0.6,0.932,0.021835907382912283,0.02796132045800432,-0.007658033485612827,0.07616250337323743,0.028288948692166315,353,1
rich_latent_accel_late,rich_latent_geometry,0.028288948692166315,0.6041666666666667,0.6041666666666667,0.2548290261909014,0.6,0.932,0.021835907382912283,0.02796132045800432,-0.007658033485612827,0.07616250337323743,0.028288948692166315,353,1
rich_guidance_dz_orthfrac_t1,rich_alignment,0.028061797857120502,0.5669444444444445,0.5669444444444445,0.09594688353965732,0.5333333333333333,0.562,0.07410895426434591,0.10583829881381385,-0.09952714138021249,0.1779736132036494,0.028061797857120502,355,1
rich_score_t0_q25,rich_score_moments,0.027810382913966543,0.3684722222222222,0.6315277777777778,-0.3834606105166476,0.38333333333333336,0.898,0.015635947662264695,0.022180195297164744,-0.010191257547128199,0.05076852058947149,0.027810382913966543,356,1
rich_score_t0_fft_centroid,rich_score_fft,-0.027778611089495673,0.45444444444444454,0.5455555555555555,-0.16195308030796124,0.4,0.754,0.03548607910371324,0.04891961120527223,-0.0907072997513836,0.043376302917952164,0.027778611089495673,357,-1
rich_latent_turn_angle_min,rich_latent_geometry,0.027714443303980974,0.4866666666666667,0.5133333333333333,-0.034742771232344684,0.55,0.798,0.026811185569366607,0.03640926936208708,-0.022787072883658405,0.07817767407067645,0.027714443303980974,358,1
rich_score_t0_fft_entropy,rich_score_fft,-0.02745408802183684,0.49805555555555553,0.5019444444444445,0.00128095276977485,0.5,0.708,0.05349159027285527,0.07483358334217591,-0.12959126500016063,0.07141688024346286,0.02745408802183684,359,-1
rich_latent_t4_rms,rich_latent_typicality,0.027346007543703296,0.35750000000000004,0.6425,-0.40199421357295206,0.3,0.912,0.012422128544831447,0.016147668856828223,-0.0077322713008209035,0.04086629840222003,0.027346007543703296,360,1
rich_score_t3_skew,rich_score_moments,-0.027012329709783327,0.5055555555555555,0.5055555555555555,0.029212008251161797,0.5,0.69,0.028361613509805626,0.03862173907690009,-0.06524861909957079,0.043694315471876084,0.027012329709783327,361,-1
rich_cond_uncond_normratio_early,rich_alignment,0.02691316426412458,0.46472222222222226,0.5352777777777777,-0.1198961002021491,0.43333333333333335,0.674,0.034559367446233155,0.048271125707846946,-0.04997928922856279,0.08699236011887472,0.02691316426412458,362,1
rich_uncond_dz_align_early,rich_alignment,-0.026746586666116654,0.4905555555555556,0.5094444444444444,-0.0055176292488466365,0.4666666666666667,0.882,0.013242426850928808,0.018041741815546252,-0.040910377470561164,0.01053009722528583,0.026746586666116654,363,-1
rich_latent_turn_cos_early,rich_latent_geometry,0.026647858590262287,0.7202777777777778,0.7202777777777778,0.48652073106459126,0.7666666666666667,0.95,0.01806944536164656,0.023923898428944726,-0.007183147897608346,0.0651219810053369,0.026647858590262287,364,1
rich_score_t2_q05,rich_score_moments,0.026590057085020612,0.6577777777777779,0.6577777777777779,0.42176154703773927,0.65,0.888,0.022128020417941534,0.03010877429369772,-0.012903846352822362,0.07074703343182034,0.026590057085020612,365,1
rich_latent_t5_q25,rich_latent_typicality,-0.02654874443220535,0.5695833333333333,0.5695833333333333,0.16256551098722047,0.5166666666666667,0.912,0.017770612124872326,0.024110455026464257,-0.058453328619666955,0.01178893839474757,0.02654874443220535,366,-1
rich_guidance_t3_q75,rich_guidance_moments,-0.026497809765998824,0.3834722222222222,0.6165277777777778,-0.33389877857116207,0.36666666666666664,0.736,0.02443265528796839,0.03226446106565266,-0.06545734168697342,0.030207950105669634,0.026497809765998824,367,-1
rich_score_t3_channel_ratio,rich_score_spatial,0.026458255596401577,0.5755555555555556,0.5755555555555556,0.14245418950814476,0.5166666666666667,0.73,0.03216226524284418,0.04226766099272653,-0.04766446356089787,0.07784955621334456,0.026458255596401577,368,1
rich_score_secondchange_early,rich_score_dynamics,-0.026254177430574205,0.2647222222222222,0.7352777777777778,-0.6406338805103011,0.21666666666666667,0.984,0.018372995794773105,0.02558881966281134,-0.07093100028714223,-0.004279950537462538,0.026254177430574205,369,-1
rich_score_t1_q05,rich_score_moments,-0.025891361117012342,0.6238888888888889,0.6238888888888889,0.35583747311710007,0.6333333333333333,0.788,0.017226887568581407,0.021849550011983843,-0.04756044448676652,0.019132542829952148,0.025891361117012342,370,-1
endpoint_skew,endpoint,0.025580332746908303,0.4827777777777778,0.5172222222222222,-0.04832917197731466,0.4666666666666667,0.732,0.02584732663669674,0.03592880588118,-0.030935499141134748,0.06956272108181343,0.025580332746908303,371,1
rich_score_t1_fft_high,rich_score_fft,-0.02556382107323688,0.3916666666666666,0.6083333333333334,-0.3025302858119105,0.35,0.84,0.03104957021572731,0.0433683968640754,-0.08721303200183264,0.02687069740712005,0.02556382107323688,372,-1
rich_guidance_t5_skew,rich_guidance_moments,0.025537414156312454,0.46472222222222226,0.5352777777777777,0.11524448024446048,0.4666666666666667,0.514,0.05512012139328097,0.07943078284325104,-0.09586619724942512,0.10609995978713829,0.025537414156312454,373,1
rich_score_t4_channel_ratio,rich_score_spatial,-0.025240529818924353,0.5594444444444444,0.5594444444444444,0.10898467789962972,0.5333333333333333,0.564,0.030181902599801774,0.04090866934221697,-0.06689990237769805,0.05274512303759881,0.025240529818924353,374,-1
rich_guidance_t4_q95,rich_guidance_moments,0.02517357648103504,0.5144444444444445,0.5144444444444445,0.06881823301660005,0.5,0.722,0.0232188518844518,0.031202912847917482,-0.03224887648891233,0.059396404472079355,0.02517357648103504,375,1
rich_latent_t3_q25,rich_latent_typicality,-0.025142400991497754,0.522638888888889,0.522638888888889,0.06074108945091237,0.5166666666666667,0.878,0.016325923606249872,0.024206288817508505,-0.04879306002448605,0.013379733203889379,0.025142400991497754,376,-1
rich_score_t4_q75,rich_score_moments,-0.02501605859306415,0.3452777777777778,0.6547222222222222,-0.3790108002003356,0.2833333333333333,0.812,0.020601763927920284,0.027991969327665286,-0.059768921449906774,0.02008082244617984,0.02501605859306415,377,-1
rich_score_change_t0,rich_score_dynamics,0.02494569591318729,0.39805555555555555,0.6019444444444444,-0.2775472000613369,0.31666666666666665,0.736,0.012953525377265806,0.016470094362437022,-0.014827505381475235,0.03489396151803629,0.02494569591318729,378,1
rich_score_change_max,rich_score_dynamics,0.02494569591318729,0.39805555555555555,0.6019444444444444,-0.2775472000613369,0.31666666666666665,0.736,0.012953525377265806,0.016470094362437022,-0.014827505381475235,0.03489396151803629,0.02494569591318729,378,1
rich_guidance_cond_align_early,rich_alignment,0.024907829000286354,0.45833333333333337,0.5416666666666666,-0.14121618593335689,0.4666666666666667,0.772,0.03354375657869221,0.0429040009512268,-0.04173006634680111,0.08936730635526124,0.024907829000286354,380,1
rich_score_t3_kurtosis,rich_score_moments,-0.024767001172990685,0.5830555555555555,0.5830555555555555,0.18000737124112698,0.6166666666666667,0.774,0.025614682973951818,0.033130201292226644,-0.0724572010485364,0.028717353115480387,0.024767001172990685,381,-1
rich_guidance_dz_align_late,rich_alignment,-0.024738293918127173,0.52,0.52,0.05726026881388414,0.5333333333333333,0.722,0.034420275859291104,0.045540779299368554,-0.09225928849283101,0.047929736528640667,0.024738293918127173,382,-1
rich_score_angle_slope,rich_score_dynamics,0.024576269224178413,0.6697222222222221,0.6697222222222221,0.43139750375791025,0.6666666666666666,0.966,0.015663352427695214,0.021214878522382158,-0.002466631033079591,0.05958904962959958,0.024576269224178413,383,1
rich_score_t4_fft_high_low,rich_score_fft,0.024339926764831744,0.4605555555555556,0.5394444444444444,-0.09493048636043235,0.5,0.718,0.029410473338424954,0.040056916704314424,-0.0413162803930471,0.07382004205814004,0.024339926764831744,384,1
rich_latent_t1_rms,rich_latent_typicality,-0.024279035558940423,0.4541666666666667,0.5458333333333333,-0.18043068823605504,0.48333333333333334,0.978,0.010148171448401334,0.015104140275300194,-0.03869704742473796,-0.0010058081047461189,0.024279035558940423,385,-1
rich_latent_t0_rms,rich_latent_typicality,-0.02423523739396626,0.4541666666666667,0.5458333333333333,-0.1805680046631606,0.48333333333333334,0.978,0.01014496783670356,0.015098272919882107,-0.038646689575441866,-0.0009701540473304744,0.02423523739396626,386,-1
rich_latent_step_early,rich_latent_geometry,-0.02404915383420744,0.36388888888888893,0.6361111111111111,-0.4184427145430038,0.2833333333333333,0.99,0.010555041184538675,0.013688041515428975,-0.04436689691108193,-0.0037716708793761834,0.02404915383420744,387,-1
rich_latent_t5_q05,rich_latent_typicality,0.02401172515159952,0.6105555555555555,0.6105555555555555,0.2488524523761566,0.6166666666666667,0.676,0.020229855692350203,0.026641931924324583,-0.026998345609882526,0.05037168370261332,0.02401172515159952,388,1
rich_latent_t5_var,rich_latent_typicality,0.023952632933745745,0.3605555555555556,0.6394444444444445,-0.3852046313667525,0.31666666666666665,0.916,0.011235967974983333,0.013916650720973471,-0.005124830127809908,0.039028006782310554,0.023952632933745745,389,1
rich_score_t5_q25,rich_score_moments,-0.023846317066359982,0.6083333333333334,0.6083333333333334,0.2785198565608077,0.5833333333333334,0.722,0.024586020482518553,0.03427956227254943,-0.06372370478192932,0.029029266584753348,0.023846317066359982,390,-1
rich_guidance_cond_align_max,rich_alignment,-0.02338928831706376,0.41055555555555556,0.5894444444444444,-0.18953401838765196,0.45,0.812,0.030721536793871743,0.04009143390010351,-0.08419399127157463,0.03441214658197018,0.02338928831706376,391,-1
rich_score_first_last_cos,rich_score_dynamics,-0.023366419097542813,0.5741666666666666,0.5741666666666666,0.13438089793918506,0.6166666666666667,0.532,0.026072738559579527,0.034055380270432506,-0.05175298702488136,0.04949608501767326,0.023366419097542813,392,-1
rich_score_crosscos_0_5,rich_crosstime,-0.023366419097542813,0.5741666666666666,0.5741666666666666,0.13438089793918506,0.6166666666666667,0.532,0.026072738559579527,0.034055380270432506,-0.05175298702488136,0.04949608501767326,0.023366419097542813,392,-1
rich_score_t5_q95,rich_score_moments,-0.02334889362145682,0.35875,0.64125,-0.3706420486178844,0.35,0.676,0.020910107993595085,0.02980821536973613,-0.05002796950365485,0.02752749676340069,0.02334889362145682,394,-1
speed_max,legacy_geometry,-0.02329560521883579,0.3591666666666667,0.6408333333333334,-0.431573087254864,0.2833333333333333,0.988,0.010609279045062668,0.013829514909435778,-0.04370309037114632,-0.00248392011638695,0.02329560521883579,395,-1
rich_latent_step_max,rich_latent_geometry,-0.02329560521883579,0.3591666666666667,0.6408333333333334,-0.431573087254864,0.2833333333333333,0.988,0.010609279045062668,0.013829514909435778,-0.04370309037114632,-0.00248392011638695,0.02329560521883579,395,-1
rich_latent_step_t1,rich_latent_geometry,-0.02329560521883579,0.3591666666666667,0.6408333333333334,-0.431573087254864,0.2833333333333333,0.988,0.010609279045062668,0.013829514909435778,-0.04370309037114632,-0.00248392011638695,0.02329560521883579,395,-1
rich_latent_turn_cos_auc,rich_latent_geometry,0.023212103367005316,0.6113888888888889,0.6113888888888889,0.39021220827504294,0.6166666666666667,0.95,0.012345251593073469,0.01638421807255878,-0.0026012833461337157,0.04588053809047707,0.023212103367005316,398,1
rich_cond_uncond_normratio_t1,rich_alignment,0.023096824845711,0.4544444444444445,0.5455555555555556,-0.10201915500492255,0.4166666666666667,0.504,0.05865690233727905,0.08676015734605019,-0.11385428639198276,0.10060744250869319,0.023096824845711,399,1
rich_latent_accel_t0,rich_latent_geometry,-0.022944764753845777,0.3558333333333334,0.6441666666666666,-0.436229568510072,0.2833333333333333,0.986,0.010598833986368435,0.013905866910974733,-0.043581787835778485,-0.00225104064428591,0.022944764753845777,400,-1
rich_latent_accel_max,rich_latent_geometry,-0.022944764753845777,0.3558333333333334,0.6441666666666666,-0.436229568510072,0.2833333333333333,0.986,0.010598833986368435,0.013905866910974733,-0.043581787835778485,-0.00225104064428591,0.022944764753845777,400,-1
rich_score_t0_absmean,rich_score_moments,-0.022890291312773488,0.6322222222222221,0.6322222222222221,0.3879595810518939,0.6666666666666666,0.942,0.01150103273044953,0.01539361389009568,-0.040187727308569426,0.0039706856230344355,0.022890291312773488,402,-1
rich_latent_t1_q95,rich_latent_typicality,-0.0228711117563568,0.44402777777777774,0.5559722222222223,-0.23991719779310702,0.4666666666666667,0.826,0.024647289790796417,0.03373708761146408,-0.07044817885117596,0.022611854273081395,0.0228711117563568,403,-1
rich_guidance_t4_var,rich_guidance_moments,0.022768526141576786,0.5255555555555556,0.5255555555555556,0.07823782209566668,0.5,0.686,0.02769737512707254,0.03578127967554914,-0.041775376114431786,0.06950901706850908,0.022768526141576786,404,1
rich_latent_t5_extreme3,rich_latent_typicality,0.022659666414763163,0.5072222222222222,0.5072222222222222,-0.05239039443972295,0.43333333333333335,0.562,0.04219334402424491,0.057085105165285185,-0.06610834560406505,0.09610240166803849,0.022659666414763163,405,1
rich_latent_t3_var,rich_latent_typicality,0.022485830673699934,0.3930555555555555,0.6069444444444445,-0.2873681967312429,0.4,0.764,0.019404467003008113,0.0277859716960767,-0.023548994783835635,0.05125512235985739,0.022485830673699934,406,1
rich_guidance_cond_align_mean,rich_alignment,-0.02245710537346621,0.3997222222222222,0.6002777777777778,-0.20685713534071706,0.43333333333333335,0.706,0.026328968392150483,0.03423743302871738,-0.06562218479474687,0.04026296007897782,0.02245710537346621,407,-1
rich_cond_dz_orthfrac_t3,rich_alignment,-0.022417493135506852,0.6036111111111111,0.6036111111111111,0.19455675400294076,0.65,0.57,0.017623798930033675,0.023134195264810233,-0.03770495464950257,0.031904188855844284,0.022417493135506852,408,-1
rich_latent_t0_q95,rich_latent_typicality,-0.022224081401087167,0.44597222222222227,0.5540277777777778,-0.2389016281072121,0.4666666666666667,0.824,0.024593642902685776,0.033671559783099256,-0.07045067541737894,0.023182486282014043,0.022224081401087167,409,-1
rich_guidance_t3_q95,rich_guidance_moments,0.022182093881744948,0.39625,0.60375,-0.3062060634556495,0.35,0.672,0.02273141668508784,0.03107355265159862,-0.033576068437208416,0.05521938121872699,0.022182093881744948,410,1
rich_latent_t5_q75,rich_latent_typicality,-0.02216220601523329,0.3194444444444444,0.6805555555555556,-0.5440655852129117,0.3,0.898,0.022732832879186076,0.03032714714547787,-0.07149492741410285,0.018402926969706457,0.02216220601523329,411,-1
rich_latent_t2_q25,rich_latent_typicality,-0.022138079082997385,0.5259722222222222,0.5259722222222222,0.05794130405903768,0.55,0.714,0.019883525671305254,0.030218843731081677,-0.04421815454366629,0.027212079350668432,0.022138079082997385,412,-1
rich_guidance_t2_skew,rich_guidance_moments,-0.022114127881182638,0.525,0.525,0.1089936329757296,0.48333333333333334,0.578,0.047895651773105605,0.06349206444866148,-0.11283459764383084,0.08135770153596529,0.022114127881182638,413,-1
rich_cond_uncond_cos_late,rich_alignment,-0.021824025857557928,0.41444444444444445,0.5855555555555556,-0.26163242885131827,0.4,0.758,0.02483476833583867,0.03309990635946899,-0.06677567407020762,0.030152898571347026,0.021824025857557928,414,-1
guidance_late,legacy_guidance,0.021700001013961537,0.5886111111111111,0.5886111111111111,0.22158373557624042,0.5666666666666667,0.828,0.019459614227565147,0.02493051773375947,-0.020424888227611578,0.056820412312658705,0.021700001013961537,415,1
rich_cond_dz_align_middle,rich_alignment,-0.021386943343060006,0.4177777777777778,0.5822222222222222,-0.17760206307632337,0.38333333333333336,0.974,0.008844930612748375,0.011501015191906733,-0.03499973250420984,-3.494565493756765e-06,0.021386943343060006,416,-1
rich_cond_dz_align_t3,rich_alignment,-0.021314373212281836,0.39638888888888885,0.6036111111111111,-0.2177095031373645,0.35,0.946,0.012676903225771457,0.01716900903739106,-0.044097994379471116,0.0038741599021518158,0.021314373212281836,417,-1
rich_score_t4_fft_low,rich_score_fft,-0.021199939988900896,0.5277777777777778,0.5277777777777778,0.0867447633134491,0.4666666666666667,0.704,0.02819308328635611,0.035553687000560524,-0.06876518238650974,0.04102871274375829,0.021199939988900896,418,-1
rich_score_relchange_t1,rich_score_dynamics,-0.020933680370533274,0.49083333333333334,0.5091666666666667,0.021545216989063483,0.55,0.77,0.028322124642774713,0.03717977869558358,-0.06892254969813315,0.0393549455429599,0.020933680370533274,419,-1
rich_cond_dz_align_t2,rich_alignment,-0.020875641232012566,0.4488888888888889,0.5511111111111111,-0.12134663507967892,0.4,0.942,0.01066817349781087,0.013672620126303148,-0.03725690882811819,0.004653022217311901,0.020875641232012566,420,-1
rich_latent_turn_angle_early,rich_latent_geometry,-0.020755991760111885,0.27999999999999997,0.72,-0.5052064790089816,0.26666666666666666,0.908,0.020213223945664972,0.026625900510359686,-0.0656244874583689,0.012877870716398518,0.020755991760111885,421,-1
rich_latent_t5_rms,rich_latent_typicality,0.020643134995117423,0.35666666666666663,0.6433333333333333,-0.4023158110101296,0.3333333333333333,0.894,0.010703934190656602,0.013308581962869218,-0.007148297051549275,0.03464838794734279,0.020643134995117423,422,1
rich_latent_accel_early,rich_latent_geometry,-0.020254710814990605,0.30583333333333335,0.6941666666666666,-0.6251310956380942,0.25,0.966,0.014132402913476252,0.018817449753359562,-0.053627673001633,0.0009079598456807622,0.020254710814990605,423,-1
rich_score_angle_t1,rich_score_dynamics,-0.020092373864059702,0.3352777777777778,0.6647222222222222,-0.4453221730237263,0.2833333333333333,0.836,0.02228091360007986,0.02909013167803951,-0.06727326960454809,0.01796408505455143,0.020092373864059702,424,-1
rich_guidance_cond_align_t1,rich_alignment,-0.02000407799717323,0.4330555555555556,0.5669444444444445,-0.14602348807685583,0.4166666666666667,0.628,0.04588543697668936,0.059461417686268836,-0.10823311968082436,0.07573166007640893,0.02000407799717323,425,-1
rich_score_t3_q25,rich_score_moments,-0.01996260056463142,0.625,0.625,0.32864148220785083,0.6333333333333333,0.772,0.01723458738381973,0.022904815278690937,-0.04872445800611624,0.018624024440413032,0.01996260056463142,426,-1
rich_score_t2_fft_centroid,rich_score_fft,-0.01949660777009091,0.39055555555555554,0.6094444444444445,-0.37302615968786534,0.3333333333333333,0.924,0.022855277801958552,0.030694237010193456,-0.07662363569456233,0.013688072700469853,0.01949660777009091,427,-1
rich_cond_uncond_normratio_middle,rich_alignment,0.019455476015250037,0.4466666666666667,0.5533333333333332,-0.09868772522720096,0.43333333333333335,0.684,0.035058955683517246,0.04594325985390058,-0.05929569513222847,0.07550586566448121,0.019455476015250037,428,1
rich_cond_uncond_cos_t3,rich_alignment,0.019390845007604463,0.6008333333333333,0.6008333333333333,0.29874684033405424,0.7166666666666667,0.646,0.02740804829288465,0.03739196678323935,-0.0437037801167878,0.06396888434625685,0.019390845007604463,429,1
rich_latent_t4_extreme3,rich_latent_typicality,0.01934672830967411,0.5156944444444443,0.5156944444444443,0.017968391224948387,0.5333333333333333,0.58,0.03638286765955905,0.05147973701928171,-0.06166379133231348,0.07719269624942077,0.01934672830967411,430,1
rich_dz_crosscos_3_5,rich_crosstime,-0.019299745439395936,0.4375,0.5625,-0.1786002076642184,0.3333333333333333,0.92,0.027214019917601587,0.03459113244214325,-0.09500841260046883,0.012293032712928939,0.019299745439395936,431,-1
rich_guidance_dz_align_t5,rich_alignment,0.019064516092153993,0.5622222222222222,0.5622222222222222,0.12024761066158812,0.5166666666666667,0.608,0.0421692994015196,0.0578945212257178,-0.06394786804512781,0.09793137856056978,0.019064516092153993,432,1
rich_guidance_t4_nearzero,rich_guidance_moments,0.01898701019264012,0.5236111111111111,0.5236111111111111,0.002168549831260001,0.5166666666666667,0.584,0.029291872875572732,0.04245015494626078,-0.05631156925601308,0.06163253381715004,0.01898701019264012,433,1
rich_latent_t3_kurtosis,rich_latent_typicality,0.01888298619412118,0.7130555555555556,0.7130555555555556,0.4846969339955192,0.6833333333333333,0.916,0.02522708810085655,0.030026955944801932,-0.013946374718239795,0.08876393387166535,0.01888298619412118,434,1
rich_guidance_t3_var,rich_guidance_moments,-0.018812106520860124,0.3869444444444444,0.6130555555555556,-0.32880199002029636,0.2833333333333333,0.678,0.025511690933537542,0.03551189543832048,-0.059447021640395975,0.03938517961559643,0.018812106520860124,435,-1
eps_mean,legacy_noise,-0.018720843430388337,0.33499999999999996,0.665,-0.42678054949894084,0.3,0.914,0.011914077409397202,0.014247513218404732,-0.038633721421092004,0.008059895942159898,0.018720843430388337,436,-1
rich_score_norm_mean,rich_score_dynamics,-0.01872081068539289,0.33499999999999996,0.665,-0.42678056913327717,0.3,0.914,0.011914077339521623,0.01424745059505297,-0.038633659793331276,0.008059962818576004,0.01872081068539289,437,-1
rich_latent_t2_absmean,rich_latent_typicality,-0.018670873465514805,0.3894444444444444,0.6105555555555555,-0.33149176823320714,0.4,0.978,0.011193491196698454,0.015510556675214136,-0.04569167708354008,-0.0015449322309394162,0.018670873465514805,438,-1
guidance_t2,legacy_guidance,-0.018548318632812876,0.39555555555555555,0.6044444444444445,-0.3323396946255591,0.36666666666666664,0.678,0.02413186988109079,0.03456281151049499,-0.05516744290269484,0.037614165259311674,0.018548318632812876,439,-1
rich_guidance_t2_rms,rich_guidance_moments,-0.018548111787199013,0.39555555555555555,0.6044444444444445,-0.33233879635269403,0.36666666666666664,0.678,0.024131721365575017,0.03456448641435527,-0.05516735477988145,0.03761515484305265,0.018548111787199013,440,-1
rich_score_t2_maxabs,rich_score_moments,-0.018483398295658888,0.46458333333333335,0.5354166666666667,-0.047288916001789624,0.45,0.592,0.04460499422646877,0.05834634566767792,-0.1089724469382478,0.06506166598840364,0.018483398295658888,441,-1
rich_guidance_dz_align_slope,rich_alignment,-0.01819226373748869,0.5586111111111111,0.5586111111111111,0.12007437156466341,0.5833333333333334,0.708,0.03351793683082689,0.046322774045266225,-0.08393972986161918,0.045988333671584,0.01819226373748869,442,-1
rich_guidance_t5_rms,rich_guidance_moments,0.017989555288949216,0.6266666666666667,0.6266666666666667,0.297122186068753,0.65,0.75,0.026467920778736453,0.03634629900098304,-0.02943728376434,0.07049303693882808,0.017989555288949216,443,1
guidance_t5,legacy_guidance,0.017987399808236253,0.6266666666666667,0.6266666666666667,0.2971197760587046,0.65,0.75,0.02646806013060977,0.03634521889302845,-0.029438477947990968,0.07049193515337024,0.017987399808236253,444,1
rich_latent_t0_median,rich_latent_typicality,-0.017785273665979474,0.45972222222222225,0.5402777777777777,-0.13459025707927616,0.4,0.806,0.016257237737979057,0.02134088891884763,-0.047031281910378135,0.015532728846682694,0.017785273665979474,445,-1
rich_latent_t4_absmean,rich_latent_typicality,0.01757225120618464,0.3433333333333334,0.6566666666666666,-0.4429992270219851,0.2833333333333333,0.768,0.013417279745385736,0.01742028089320002,-0.019710569878142164,0.03347392439586231,0.01757225120618464,446,1
eps_t4,legacy_noise,-0.017413966053605925,0.31972222222222224,0.6802777777777778,-0.4572885740859974,0.31666666666666665,0.932,0.009058522673154186,0.011732960774924129,-0.03129931377722776,0.004404522721385299,0.017413966053605925,447,-1
rich_score_t4_rms,rich_score_moments,-0.017413869407951043,0.31972222222222224,0.6802777777777778,-0.4572884882511957,0.31666666666666665,0.932,0.009058522612757832,0.011732994343505238,-0.03129931553302966,0.004404499200274985,0.017413869407951043,448,-1
rich_score_norm_t4,rich_score_dynamics,-0.017413869407951043,0.31972222222222224,0.6802777777777778,-0.4572884882511957,0.31666666666666665,0.932,0.009058522612757832,0.011732994343505238,-0.03129931553302966,0.004404499200274985,0.017413869407951043,448,-1
rich_cond_dz_align_early,rich_alignment,-0.017392930948607777,0.47777777777777775,0.5222222222222223,-0.03531164188478315,0.45,0.792,0.012268895336652805,0.015625381421951762,-0.03354138500000141,0.01446825697313738,0.017392930948607777,450,-1
rich_score_t4_nearzero,rich_score_moments,-0.017322726682563103,0.5826388888888888,0.5826388888888888,0.20611755950251587,0.5666666666666667,0.488,0.049674724670987505,0.0621604852726448,-0.0993804123670062,0.09237972110469292,0.017322726682563103,451,-1
rich_latent_turn_angle_t2,rich_latent_geometry,-0.01727934068817785,0.3719444444444444,0.6280555555555556,-0.4257646571660193,0.3333333333333333,0.802,0.023036967678883857,0.031515313996105514,-0.06321913077478435,0.027376763920732836,0.01727934068817785,452,-1
rich_guidance_dz_orthfrac_middle,rich_alignment,0.017068783026119392,0.6033333333333334,0.6033333333333334,0.1902987915015861,0.6166666666666667,0.548,0.06251295295934729,0.0873583382008169,-0.11204773886556064,0.11689004147267411,0.017068783026119392,453,1
rich_latent_t1_median,rich_latent_typicality,-0.017043595603987393,0.4613888888888889,0.5386111111111112,-0.13546760496605878,0.4,0.804,0.016079073970961314,0.021032468492920123,-0.046449822713834854,0.015175110512893475,0.017043595603987393,454,-1
rich_score_norm_t2,rich_score_dynamics,-0.01700732521146996,0.34527777777777785,0.6547222222222222,-0.4092164638220521,0.2833333333333333,0.856,0.015443953806882692,0.020552426639598605,-0.046368588747870025,0.013746724522641054,0.01700732521146996,455,-1
rich_score_t2_rms,rich_score_moments,-0.01700732521146996,0.34527777777777785,0.6547222222222222,-0.4092164638220521,0.2833333333333333,0.856,0.015443953806882692,0.020552426639598605,-0.046368588747870025,0.013746724522641054,0.01700732521146996,455,-1
eps_t2,legacy_noise,-0.017007192514469187,0.34527777777777785,0.6547222222222222,-0.4092161799322942,0.2833333333333333,0.856,0.015443955941859312,0.020552365369712368,-0.04636852062615912,0.013746738767900267,0.017007192514469187,457,-1
rich_guidance_t4_rms,rich_guidance_moments,0.01696329852537098,0.5261111111111111,0.5261111111111111,0.08556111997054361,0.5,0.692,0.023997213899464225,0.03281762915216956,-0.032827180188897465,0.0586390159208385,0.01696329852537098,458,1
guidance_t4,legacy_guidance,0.016959410019855896,0.5261111111111111,0.5261111111111111,0.08556058081832983,0.5,0.692,0.02399691814423297,0.03281835475706595,-0.03282860020113725,0.05863582034347782,0.016959410019855896,459,1
eps_middle,legacy_noise,-0.016847800154394542,0.3347222222222222,0.6652777777777779,-0.42879821956207503,0.31666666666666665,0.912,0.010841926824148704,0.013096736533440262,-0.035481465079693804,0.0074641846352855624,0.016847800154394542,460,-1
eps_median,legacy_noise,-0.016847800154394542,0.3347222222222222,0.6652777777777779,-0.42879821956207503,0.31666666666666665,0.912,0.010841926824148704,0.013096736533440262,-0.035481465079693804,0.0074641846352855624,0.016847800154394542,460,-1
rich_score_norm_middle,rich_score_dynamics,-0.016847796007708443,0.3347222222222222,0.6652777777777779,-0.428798288924127,0.31666666666666665,0.912,0.010841936725388307,0.013096779318341996,-0.03548139563805466,0.007464242556090225,0.016847796007708443,462,-1
rich_guidance_t1_var,rich_guidance_moments,0.01674422720080975,0.4197222222222223,0.5802777777777777,-0.17594604878700912,0.4,0.518,0.0290154868990412,0.0389499567040363,-0.046820969824349926,0.06297714330566238,0.01674422720080975,463,1
eps_auc,legacy_noise,-0.01624965811918741,0.33444444444444443,0.6655555555555556,-0.43770199468020693,0.31666666666666665,0.934,0.009459252309389186,0.011634542448590975,-0.03247871638132321,0.005765112062992073,0.01624965811918741,464,-1
rich_score_norm_auc,rich_score_dynamics,-0.016249618028678848,0.33444444444444443,0.6655555555555556,-0.4377020121297113,0.31666666666666665,0.934,0.009459254429536514,0.011634578063313758,-0.03247868085511742,0.005765115489173352,0.016249618028678848,465,-1
rich_score_t3_q95,rich_score_moments,-0.01622054251209254,0.34194444444444444,0.6580555555555556,-0.39312816748381907,0.35,0.678,0.02372014497089131,0.0331177552127267,-0.05598657120338796,0.03432761131699986,0.01622054251209254,466,-1
rich_guidance_dz_orthfrac_early,rich_alignment,0.01621398109306221,0.4786111111111111,0.5213888888888889,0.017099049004557894,0.4666666666666667,0.454,0.0547912201771281,0.07469421887172928,-0.09540590168013342,0.11742845579631418,0.01621398109306221,467,1
eps_t3,legacy_noise,-0.016156179490735847,0.32861111111111113,0.6713888888888888,-0.4295979806825254,0.31666666666666665,0.856,0.01227316852758476,0.015782905628307704,-0.03565325805810952,0.01271980758816989,0.016156179490735847,468,-1
rich_score_t3_rms,rich_score_moments,-0.01615606270605075,0.32861111111111113,0.6713888888888888,-0.42959792325179164,0.31666666666666665,0.856,0.012273181136809646,0.0157829764151766,-0.035653180243079105,0.012719836404122598,0.01615606270605075,469,-1
rich_score_norm_t3,rich_score_dynamics,-0.01615606270605075,0.32861111111111113,0.6713888888888888,-0.42959792325179164,0.31666666666666665,0.856,0.012273181136809646,0.0157829764151766,-0.035653180243079105,0.012719836404122598,0.01615606270605075,469,-1
rich_score_t4_maxabs,rich_score_moments,0.015888531045163058,0.5497222222222222,0.5497222222222222,0.10090353246494767,0.5666666666666667,0.69,0.03881010672344252,0.051490691452086006,-0.06703723039274079,0.08846291779975149,0.015888531045163058,471,1
rich_dz_crosscos_2_3,rich_crosstime,0.015883072625798907,0.6280555555555556,0.6280555555555556,0.4355872229384789,0.6666666666666666,0.768,0.024987790992714455,0.0333829404999503,-0.03411330711468658,0.06311953420279683,0.015883072625798907,472,1
rich_latent_turn_cos_t2,rich_latent_geometry,0.015883072625798907,0.6280555555555556,0.6280555555555556,0.4355872229384789,0.6666666666666666,0.768,0.024987790992714455,0.0333829404999503,-0.03411330711468658,0.06311953420279683,0.015883072625798907,472,1
endpoint_var,endpoint,0.015743851053898503,0.3555555555555555,0.6444444444444445,-0.3699160124817962,0.31666666666666665,0.894,0.010320208120273504,0.013315428862794885,-0.007747806443925678,0.033461686289733616,0.015743851053898503,474,1
rich_latent_t5_absmean,rich_latent_typicality,0.015468748276270265,0.3436111111111111,0.6563888888888889,-0.40903423963657454,0.2833333333333333,0.81,0.011292154313356288,0.01502185029399431,-0.014043494169710416,0.03286498751502394,0.015468748276270265,475,1
rich_score_t5_channel_ratio,rich_score_spatial,-0.015313441754110634,0.5725000000000001,0.5725000000000001,0.1452845527983215,0.5666666666666667,0.434,0.03363690576293008,0.04762244121325243,-0.06191251251995439,0.06515079712650813,0.015313441754110634,476,-1
rich_score_t4_var,rich_score_moments,-0.015218025032097534,0.3194444444444444,0.6805555555555556,-0.45300550275530416,0.31666666666666665,0.902,0.00933574604091527,0.01214825632848744,-0.0305440631854283,0.006285433737278474,0.015218025032097534,477,-1
rich_guidance_t1_rms,rich_guidance_moments,0.015078960010511726,0.4197222222222223,0.5802777777777777,-0.2058751587739563,0.4,0.61,0.022527367514067705,0.027721034501659737,-0.04479211503500724,0.04450867982189046,0.015078960010511726,478,1
guidance_t1,legacy_guidance,0.015078367178225987,0.4197222222222223,0.5802777777777777,-0.20587497950778502,0.4,0.61,0.022526790910886284,0.027722312911644214,-0.04478967564092683,0.04450737200238117,0.015078367178225987,479,1
rich_score_t1_skew,rich_score_moments,0.014836874570310606,0.5211111111111111,0.5211111111111111,0.09379094968608659,0.5666666666666667,0.538,0.04229486783023973,0.06266535144043953,-0.06874468984389343,0.0915733883640225,0.014836874570310606,480,1
rich_score_relchange_t3,rich_score_dynamics,0.014812947875272266,0.5386111111111112,0.5386111111111112,0.019584969362330378,0.48333333333333334,0.592,0.037851167353811555,0.053590950546582125,-0.07039580054419242,0.07906097551535202,0.014812947875272266,481,1
rich_cond_uncond_normratio_t5,rich_alignment,0.01452213024147537,0.4925,0.5075000000000001,0.036165304088893326,0.5,0.592,0.04274344661221401,0.05576572861401044,-0.0810063106716169,0.08961311851550777,0.01452213024147537,482,1
rich_cond_uncond_normratio_t0,rich_alignment,0.014437510383263286,0.47944444444444445,0.5205555555555555,-0.07264027130788674,0.43333333333333335,0.688,0.046431238439939806,0.06675965974779101,-0.06372066567088701,0.11335883728677883,0.014437510383263286,483,1
rich_guidance_t4_q75,rich_guidance_moments,0.014429380310217694,0.48736111111111113,0.5126388888888889,-0.07512968497891946,0.48333333333333334,0.534,0.027569077345042454,0.03716132897929467,-0.05246876790069618,0.05119700885701566,0.014429380310217694,484,1
rich_cond_uncond_cos_auc,rich_alignment,0.014382318168539762,0.5505555555555557,0.5505555555555557,0.23425555692558347,0.65,0.618,0.014250091872943524,0.019977335599875523,-0.0230204708041264,0.03331908155212129,0.014382318168539762,485,1
rich_latent_t1_q25,rich_latent_typicality,-0.014355975675065719,0.53625,0.53625,0.06827692793202904,0.55,0.596,0.027677554499364286,0.04641551341031584,-0.04638798979567891,0.049416042859306175,0.014355975675065719,486,-1
rich_guidance_t5_var,rich_guidance_moments,-0.014353475898599094,0.6263888888888889,0.6263888888888889,0.2652512847694808,0.65,0.54,0.03208098157076024,0.04815128708379758,-0.05445774475232514,0.06336164632837796,0.014353475898599094,487,-1
rich_guidance_dz_orthfrac_std,rich_alignment,-0.01426571011720927,0.47916666666666674,0.5208333333333333,-0.000243199928390656,0.5166666666666667,0.63,0.03324680339677788,0.04658885026381884,-0.07418764537531293,0.06059693657034457,0.01426571011720927,488,-1
rich_score_t4_absmean,rich_score_moments,-0.014264408175944899,0.32916666666666666,0.6708333333333334,-0.4277746091146364,0.3,0.898,0.008490613163199968,0.011281094965175792,-0.02719827782440061,0.006236395729031729,0.014264408175944899,489,-1
rich_guidance_t5_q25,rich_guidance_moments,-0.014216499879811627,0.38402777777777775,0.6159722222222223,-0.25111317167219965,0.2833333333333333,0.568,0.034993568982520665,0.05033663249094528,-0.07649430764583502,0.058208382828073876,0.014216499879811627,490,-1
rich_score_t0_fft_high,rich_score_fft,0.01408492635863373,0.48194444444444445,0.5180555555555555,-0.1324966680978372,0.45,0.49,0.03642646469303965,0.05161002697417734,-0.0679544953741574,0.07047859912239306,0.01408492635863373,491,1
endpoint_norm_per_dim,endpoint,0.014080913899686772,0.3552777777777778,0.6447222222222222,-0.37640423582011306,0.3333333333333333,0.872,0.010010685288921123,0.01258291551998078,-0.008213410632224076,0.03196456384574762,0.014080913899686772,492,1
rich_latent_turn_cos_mean,rich_latent_geometry,0.013641180409112592,0.5786111111111111,0.5786111111111111,0.2758237424842286,0.5166666666666667,0.77,0.014034152816499518,0.018494405390538808,-0.01736802472119666,0.03668289038395056,0.013641180409112592,493,1
rich_latent_t0_q25,rich_latent_typicality,-0.013634591242336456,0.5372222222222223,0.5372222222222223,0.07013362727852059,0.55,0.588,0.02771330927088303,0.04684451206094672,-0.0454158628603145,0.04996242538438898,0.013634591242336456,494,-1
rich_score_t2_q25,rich_score_moments,-0.01331016492925417,0.6211111111111112,0.6211111111111112,0.2937996941069777,0.65,0.558,0.02364150172500401,0.033573377923703074,-0.04572032879035767,0.042985228499703744,0.01331016492925417,495,-1
rich_latent_t3_skew,rich_latent_typicality,-0.013270713984375834,0.4358333333333333,0.5641666666666667,-0.2288697999963363,0.4166666666666667,0.662,0.026100464390766628,0.036313459360122716,-0.059624722876402546,0.038651362338452504,0.013270713984375834,496,-1
rich_score_t2_channel_pr,rich_score_spatial,-0.013218705002729382,0.41555555555555557,0.5844444444444444,-0.138617659039388,0.4166666666666667,0.584,0.03113197013703079,0.04485296172693244,-0.06257779431347829,0.05623685740917465,0.013218705002729382,497,-1
rich_guidance_dz_align_std,rich_alignment,-0.013128495938302747,0.5086111111111111,0.5086111111111111,0.014658174886695376,0.6,0.54,0.043010075319817334,0.05748575833351762,-0.09139460499675794,0.07373944435153404,0.013128495938302747,498,-1
rich_guidance_cond_align_middle,rich_alignment,-0.012952753031492778,0.4130555555555556,0.5869444444444444,-0.2002823062307508,0.35,0.53,0.030969486354816434,0.04100805050883069,-0.06505371355243506,0.05589058117724725,0.012952753031492778,499,-1
rich_guidance_t3_q05,rich_guidance_moments,-0.012779767538721985,0.6077777777777779,0.6077777777777779,0.33010349508679865,0.6666666666666666,0.594,0.02166273497906585,0.028152004166510758,-0.050786584989587026,0.03300291792265332,0.012779767538721985,500,-1
rich_score_relchange_middle,rich_score_dynamics,0.012728506311165672,0.4530555555555556,0.5469444444444445,-0.1066610193805122,0.4,0.664,0.03330325327429277,0.04562094219618228,-0.055969328961629435,0.07540895786115326,0.012728506311165672,501,1
rich_score_crosscos_1_2,rich_crosstime,0.012686846874480793,0.6647222222222222,0.6647222222222222,0.4555087650420686,0.7166666666666667,0.82,0.02236512367475991,0.031120707069814336,-0.020931257212078024,0.06432037372857409,0.012686846874480793,502,1
rich_score_consecutive_cos_t1,rich_score_dynamics,0.012686846874480793,0.6647222222222222,0.6647222222222222,0.4555087650420686,0.7166666666666667,0.82,0.02236512367475991,0.031120707069814336,-0.020931257212078024,0.06432037372857409,0.012686846874480793,502,1
rich_score_secondchange_max,rich_score_dynamics,0.012675138241898231,0.3555555555555555,0.6444444444444445,-0.44846622870209374,0.3333333333333333,0.416,0.018938403822875156,0.026368542365620338,-0.04348832502258246,0.02897276579700964,0.012675138241898231,504,1
rich_score_secondchange_t0,rich_score_dynamics,0.012675138241898231,0.3555555555555555,0.6444444444444445,-0.44846622870209374,0.3333333333333333,0.416,0.018938403822875156,0.026368542365620338,-0.04348832502258246,0.02897276579700964,0.012675138241898231,504,1
rich_cond_uncond_normratio_t2,rich_alignment,-0.012619719989171212,0.4600000000000001,0.5399999999999999,-0.11287542845478184,0.43333333333333335,0.564,0.03723947319678153,0.05103632622054676,-0.07456960231373837,0.07136441843490526,0.012619719989171212,506,-1
rich_score_crosscos_2_3,rich_crosstime,0.012573648666807491,0.6438888888888888,0.6438888888888888,0.49695066861456844,0.75,0.758,0.027348108302668185,0.03709939544819828,-0.03599886406117918,0.07077437764979914,0.012573648666807491,507,1
rich_score_consecutive_cos_t2,rich_score_dynamics,0.012573648666807491,0.6438888888888888,0.6438888888888888,0.49695066861456844,0.75,0.758,0.027348108302668185,0.03709939544819828,-0.03599886406117918,0.07077437764979914,0.012573648666807491,507,1
rich_cond_uncond_normratio_auc,rich_alignment,-0.012549848249512226,0.4291666666666667,0.5708333333333333,-0.17084264044838143,0.4,0.692,0.028789385246018154,0.03550344445321313,-0.06586071997769466,0.04874408749176594,0.012549848249512226,509,-1
rich_score_t0_q95,rich_score_moments,-0.012435985252433335,0.6298611111111111,0.6298611111111111,0.3809212082712649,0.6833333333333333,0.85,0.014990887832284314,0.018708557391070448,-0.04414559601193602,0.015889514988675014,0.012435985252433335,510,-1
pixel_roundtrip_mse,roundtrip,-0.012388918289981806,0.40694444444444444,0.5930555555555556,-0.13412508458327002,0.45,0.668,0.03752505800523033,0.05391447282091132,-0.09356940065094368,0.05632498872238137,0.012388918289981806,511,-1
rich_uncond_dz_align_t3,rich_alignment,-0.012353461591711907,0.40750000000000003,0.5925,-0.18701162288025808,0.36666666666666664,0.838,0.013437648924744389,0.017513824987831154,-0.03898365028819813,0.010722835336103402,0.012353461591711907,512,-1
rich_uncond_dz_align_middle,rich_alignment,-0.01226447426335974,0.4275,0.5725,-0.14718269855727778,0.4,0.92,0.009083781561630375,0.011827167900212238,-0.029362729504264263,0.0063655324300354145,0.01226447426335974,513,-1
rich_score_t0_channel_ratio,rich_score_spatial,0.012123666525491286,0.37833333333333335,0.6216666666666666,-0.3040603903968438,0.4166666666666667,0.566,0.04272979793501903,0.056809198024871804,-0.0777812097435846,0.09173831428669897,0.012123666525491286,514,1
eps_late,legacy_noise,-0.012089620122554413,0.32861111111111113,0.6713888888888888,-0.4268223133863629,0.3,0.804,0.009276040708181717,0.011960028098238018,-0.02611275522181028,0.010227496499461511,0.012089620122554413,515,-1
rich_score_norm_late,rich_score_dynamics,-0.012089598207860215,0.32861111111111113,0.6713888888888888,-0.4268222653623853,0.3,0.804,0.009276036673365186,0.011959971327181915,-0.026112716955780827,0.010227519762673932,0.012089598207860215,516,-1
rich_score_crosscos_0_4,rich_crosstime,-0.012087784592910914,0.5913888888888889,0.5913888888888889,0.1891887004214692,0.6166666666666667,0.378,0.024600123982308448,0.03410287412119188,-0.03906061996070205,0.057422424148303994,0.012087784592910914,517,-1
rich_cond_dz_orthfrac_middle,rich_alignment,-0.012053492679070047,0.576388888888889,0.576388888888889,0.14837645328501278,0.6166666666666667,0.474,0.013370558591161867,0.01731409085417781,-0.02533499445190469,0.026572512310299924,0.012053492679070047,518,-1
rich_uncond_dz_align_t1,rich_alignment,-0.011994886398483758,0.4708333333333333,0.5291666666666667,-0.06575868469718332,0.43333333333333335,0.608,0.012297422027007645,0.01647723853395021,-0.028335737918141198,0.02017974665473888,0.011994886398483758,519,-1
rich_uncond_dz_align_t2,rich_alignment,-0.011735650140997528,0.45722222222222225,0.5427777777777778,-0.09059585774098716,0.43333333333333335,0.848,0.011009243697546264,0.01440303453979856,-0.032561987624785765,0.011323355625111626,0.011735650140997528,520,-1
rich_score_t1_var,rich_score_moments,0.011596485016853291,0.3597222222222223,0.6402777777777777,-0.3648535301728648,0.31666666666666665,0.69,0.01043781388101387,0.015020965959210236,-0.015380739531517423,0.02457210858619341,0.011596485016853291,521,1
rich_latent_accel_t1,rich_latent_geometry,-0.011544830881613182,0.27555555555555555,0.7244444444444444,-0.6658337191955482,0.21666666666666667,0.818,0.020935163378180147,0.029840129297158173,-0.06044645908932867,0.016897269176823854,0.011544830881613182,522,-1
rich_score_t3_fft_entropy,rich_score_fft,-0.011533715415226306,0.48194444444444445,0.5180555555555555,-0.03887214933815739,0.5166666666666667,0.466,0.04352827310571069,0.05844445044257465,-0.08084307051778329,0.08673817720798226,0.011533715415226306,523,-1
guidance_middle,legacy_guidance,-0.011470172323133585,0.37305555555555553,0.6269444444444445,-0.39245626033094455,0.3,0.684,0.01845594115046159,0.027084900292531862,-0.0421906747344327,0.02823183651572005,0.011470172323133585,524,-1
rich_score_t1_q95,rich_score_moments,0.011415360515012022,0.38861111111111113,0.6113888888888889,-0.32568960720292905,0.3333333333333333,0.586,0.02081601609681089,0.02939649153226631,-0.03342030611971443,0.0440786818227213,0.011415360515012022,525,1
rich_guidance_dz_align_min,rich_alignment,-0.011388634035717477,0.4600000000000001,0.5399999999999999,-0.06608344106335885,0.45,0.704,0.04533487354527935,0.056855400444821624,-0.10622958247510556,0.0671459311930731,0.011388634035717477,526,-1
rich_guidance_t2_q05,rich_guidance_moments,0.011271588393909095,0.6036111111111112,0.6036111111111112,0.333769454647021,0.6166666666666667,0.618,0.02467850015327831,0.033875863613030036,-0.040930033258293176,0.053153259246586655,0.011271588393909095,527,1
rich_score_t2_channel_cv,rich_score_spatial,0.011267545073134601,0.5844444444444444,0.5844444444444444,0.19105175623257642,0.5833333333333334,0.546,0.02717508093329413,0.040510369372698,-0.05070371694777499,0.052234357061633166,0.011267545073134601,528,1
eps_early,legacy_noise,-0.011254097776006122,0.5558333333333333,0.5558333333333333,0.17986880220330173,0.6,0.868,0.014442993012455656,0.018760613246878333,-0.042108825180148655,0.012691885332444027,0.011254097776006122,529,-1
rich_score_norm_early,rich_score_dynamics,-0.011254024734881391,0.5558333333333333,0.5558333333333333,0.1798688246534578,0.6,0.868,0.014442977077686344,0.018760596605041667,-0.0421088732606917,0.012691995560502085,0.011254024734881391,530,-1
rich_cond_uncond_normratio_std,rich_alignment,0.011151557103519213,0.47583333333333333,0.5241666666666667,-0.058650125740658164,0.43333333333333335,0.572,0.048458249073077726,0.06520357123707016,-0.0941393693077122,0.10060864637866983,0.011151557103519213,531,1
rich_latent_t1_maxabs,rich_latent_typicality,0.011148175624217473,0.6047222222222222,0.6047222222222222,0.2880428744977894,0.6,0.732,0.03733344418606306,0.04724746331955566,-0.04914040901156312,0.09742981498420428,0.011148175624217473,532,1
rich_latent_step_min,rich_latent_geometry,-0.011068773096140508,0.6280555555555556,0.6280555555555556,0.3988153698515999,0.7,0.84,0.011580085603584724,0.01428027812822812,-0.03396107334454638,0.011526347186803032,0.011068773096140508,533,-1
rich_latent_step_t0,rich_latent_geometry,-0.011068773096140508,0.6280555555555556,0.6280555555555556,0.3988153698515999,0.7,0.84,0.011580085603584724,0.01428027812822812,-0.03396107334454638,0.011526347186803032,0.011068773096140508,533,-1
rich_latent_turn_angle_auc,rich_latent_geometry,-0.011054388403889594,0.40361111111111114,0.5963888888888889,-0.32830116987211566,0.4,0.936,0.008975900660719452,0.012442198524269685,-0.029416572962208273,0.0053644383726402,0.011054388403889594,535,-1
rich_guidance_t3_absmean,rich_guidance_moments,-0.011049602073387432,0.3825,0.6174999999999999,-0.33858578729776845,0.3333333333333333,0.652,0.021473895806414376,0.02966983324413257,-0.04696841057174851,0.03492165876674289,0.011049602073387432,536,-1
rich_latent_t0_maxabs,rich_latent_typicality,0.011047006074238669,0.6044444444444445,0.6044444444444445,0.2881624597423757,0.6,0.732,0.03726904448939587,0.04752474980746168,-0.04904930554037764,0.09711031570575326,0.011047006074238669,537,1
rich_score_t2_fft_low,rich_score_fft,-0.010758851081737917,0.5694444444444444,0.5694444444444444,0.18381228811712969,0.5333333333333333,0.532,0.03394013839613949,0.04839373382998603,-0.06757614306263376,0.05784383162068119,0.010758851081737917,538,-1
rich_latent_t5_maxabs,rich_latent_typicality,0.010756182276359298,0.5487500000000001,0.5487500000000001,0.14216590703936177,0.5333333333333333,0.556,0.0353956406790155,0.04466407263516366,-0.07259009814391428,0.07619101570441518,0.010756182276359298,539,1
rich_guidance_dz_orthfrac_t0,rich_alignment,-0.010629277171989639,0.42944444444444446,0.5705555555555555,-0.11926536820495416,0.43333333333333335,0.726,0.04933458566732169,0.06508488214708481,-0.12216973505295672,0.07260542700826954,0.010629277171989639,540,-1
rich_score_t3_var,rich_score_moments,-0.010566971174405157,0.32861111111111113,0.6713888888888888,-0.42219269917112245,0.31666666666666665,0.77,0.01329809703813301,0.017450812301702548,-0.03507494827436782,0.017106463785813424,0.010566971174405157,541,-1
rich_cond_uncond_cos_t5,rich_alignment,0.010329966803501086,0.3597222222222222,0.6402777777777777,-0.29703006538794996,0.35,0.524,0.03127870604314335,0.04422680492276163,-0.06327081735916917,0.05435587541840836,0.010329966803501086,542,1
rich_score_t2_median,rich_score_moments,-0.010020942542576738,0.43833333333333335,0.5616666666666666,-0.2122592044175908,0.4,0.752,0.04430000521524478,0.058491347532973144,-0.11401924085753967,0.054729160965644175,0.010020942542576738,543,-1
rich_score_t4_channel_pr,rich_score_spatial,-0.010013392220664214,0.43083333333333335,0.5691666666666666,-0.12374944126482852,0.4166666666666667,0.752,0.020344326240276614,0.02672732842676295,-0.055031483719770596,0.026047881131344743,0.010013392220664214,544,-1
rich_cond_dz_align_t1,rich_alignment,-0.01000176835824042,0.4536111111111111,0.5463888888888889,-0.09752694496354984,0.43333333333333335,0.648,0.012004305401744486,0.015788928116902426,-0.028145354053371593,0.019123127930697956,0.01000176835824042,545,-1
rich_guidance_t4_absmean,rich_guidance_moments,0.009913074386015644,0.5005555555555555,0.5005555555555555,0.013387800754877563,0.5,0.556,0.021711392324441782,0.028592117552256355,-0.03874479551404196,0.04538284029017426,0.009913074386015644,546,1
rich_dz_crosscos_2_4,rich_crosstime,0.009755885000018848,0.5736111111111111,0.5736111111111111,0.2795044732288391,0.65,0.73,0.02239421001490372,0.03196326078301788,-0.03304680762972758,0.05381868521581021,0.009755885000018848,547,1
eps_t0,legacy_noise,-0.009696915441132678,0.6297222222222223,0.6297222222222223,0.4045426978394922,0.7,0.818,0.011487709738228548,0.014511559166647496,-0.032936199528596444,0.01216202594177649,0.009696915441132678,548,-1
eps_min,legacy_noise,-0.009696915441132678,0.6297222222222223,0.6297222222222223,0.4045426978394922,0.7,0.818,0.011487709738228548,0.014511559166647496,-0.032936199528596444,0.01216202594177649,0.009696915441132678,548,-1
rich_score_norm_t0,rich_score_dynamics,-0.009696911742680923,0.6297222222222223,0.6297222222222223,0.40454268366153506,0.7,0.818,0.011487711072598909,0.01451157892925145,-0.03293619904834056,0.012162013256973915,0.009696911742680923,550,-1
rich_score_norm_min,rich_score_dynamics,-0.009696911742680923,0.6297222222222223,0.6297222222222223,0.40454268366153506,0.7,0.818,0.011487711072598909,0.01451157892925145,-0.03293619904834056,0.012162013256973915,0.009696911742680923,550,-1
rich_score_t0_rms,rich_score_moments,-0.009696911742680923,0.6297222222222223,0.6297222222222223,0.40454268366153506,0.7,0.818,0.011487711072598909,0.01451157892925145,-0.03293619904834056,0.012162013256973915,0.009696911742680923,550,-1
guidance_mean,legacy_guidance,0.009673158272973485,0.44333333333333336,0.5566666666666666,-0.176069763987552,0.31666666666666665,0.694,0.01424829207523993,0.019451506686311994,-0.020890575657247272,0.034109136124738496,0.009673158272973485,553,1
rich_score_t2_var,rich_score_moments,-0.009623213931428929,0.3455555555555556,0.6544444444444444,-0.4003686564818713,0.2833333333333333,0.76,0.0164567208692262,0.021971172887747914,-0.04347180443843451,0.017978085646797037,0.009623213931428929,554,-1
rich_guidance_t2_q95,rich_guidance_moments,0.009567908965338118,0.39472222222222225,0.6052777777777778,-0.3335970445720156,0.38333333333333336,0.564,0.023817407431143217,0.03233006268518744,-0.0399003280037667,0.04917839395158942,0.009567908965338118,555,1
rich_score_change_slope,rich_score_dynamics,-0.00953046885907896,0.6555555555555556,0.6555555555555556,0.4710007232371131,0.6666666666666666,0.274,0.012118282137375366,0.017366275383630978,-0.01600052690749402,0.030833680163084593,0.00953046885907896,556,-1
rich_score_crosscos_1_4,rich_crosstime,-0.009496783362700434,0.5941666666666666,0.5941666666666666,0.32724903746208184,0.6,0.524,0.016277721599499244,0.021221802525231516,-0.0334661517450252,0.02876178417676328,0.009496783362700434,557,-1
rich_cond_dz_orthfrac_early,rich_alignment,0.009427978839383986,0.4763888888888889,0.523611111111111,-0.09879073928224329,0.5166666666666667,0.74,0.0106464164250531,0.01454731118907697,-0.013023163864846117,0.02727162220994213,0.009427978839383986,558,1
rich_score_change_early,rich_score_dynamics,-0.009178024853754777,0.29527777777777775,0.7047222222222222,-0.5195450632414472,0.31666666666666665,0.894,0.015980397170940096,0.023309080270347133,-0.05298571523355246,0.008289849169184843,0.009178024853754777,559,-1
rich_score_t5_fft_centroid,rich_score_fft,-0.009095248310258342,0.4072222222222222,0.5927777777777778,-0.29757982461957866,0.38333333333333336,0.79,0.022278766452491792,0.031158276131757544,-0.05959690530634747,0.02804508706463984,0.009095248310258342,560,-1
rich_cond_uncond_normratio_mean,rich_alignment,-0.008955237916290982,0.4241666666666667,0.5758333333333333,-0.16466890461807848,0.4,0.624,0.027278492247001053,0.03450060753877798,-0.05673837473665407,0.04709820784002262,0.008955237916290982,561,-1
rich_score_t4_skew,rich_score_moments,-0.00891379263295455,0.5061111111111112,0.5061111111111112,0.016364297311864822,0.5166666666666667,0.536,0.02959278845104133,0.04206319386589856,-0.057094952882196535,0.05807834004483347,0.00891379263295455,562,-1
rich_latent_step_std,rich_latent_geometry,-0.008883413725886012,0.3522222222222222,0.6477777777777778,-0.43477207334760576,0.31666666666666665,0.866,0.015822928648983273,0.021871052591900184,-0.048320136942279865,0.01441153979924671,0.008883413725886012,563,-1
rich_latent_t2_var,rich_latent_typicality,0.008879604062116552,0.4291666666666667,0.5708333333333333,-0.19591702669454134,0.43333333333333335,0.57,0.01992405124359854,0.027601924864259445,-0.033955361535385996,0.040195846994490865,0.008879604062116552,564,1
rich_latent_t2_rms,rich_latent_typicality,-0.008826682468367463,0.4166666666666667,0.5833333333333333,-0.24941742940926676,0.4,0.802,0.010518387266593633,0.015454835073585233,-0.02941883624761042,0.010417208063303523,0.008826682468367463,565,-1
rich_latent_t3_rms,rich_latent_typicality,0.008784684215677156,0.3794444444444445,0.6205555555555555,-0.3423769209692142,0.36666666666666664,0.63,0.012005911846990618,0.016227031720530645,-0.020869631077986152,0.026077357678277846,0.008784684215677156,566,1
rich_score_t0_var,rich_score_moments,0.0087249108749718,0.6297222222222223,0.6297222222222223,0.42754637444024907,0.7,0.464,0.013970003080529573,0.01913614905060567,-0.026792899506943416,0.027098426123189797,0.0087249108749718,567,1
rich_score_t3_q75,rich_score_moments,0.008325488064014407,0.36833333333333335,0.6316666666666666,-0.33357180880643206,0.3333333333333333,0.644,0.017706077526624207,0.02579091664333122,-0.026106406710366004,0.039890295890743374,0.008325488064014407,568,1
rich_score_crosscos_0_2,rich_crosstime,-0.00819090795654668,0.5841666666666666,0.5841666666666666,0.19308621002310258,0.6166666666666667,0.378,0.022998107269136127,0.030834866430195815,-0.03796422435345787,0.05500479456421012,0.00819090795654668,569,-1
rich_cond_dz_orthfrac_t4,rich_alignment,0.008004877666855476,0.6377777777777778,0.6377777777777778,0.2900508131181926,0.6833333333333333,0.884,0.019836645794005094,0.02497790959036649,-0.020773023646103072,0.05999122215628578,0.008004877666855476,570,1
rich_score_t2_fft_high_low,rich_score_fft,0.007670792232423692,0.4102777777777778,0.5897222222222223,-0.20190066380260205,0.43333333333333335,0.468,0.03656078106403335,0.05161140385050023,-0.07142442914551607,0.06717406778584521,0.007670792232423692,571,1
rich_cond_dz_orthfrac_mean,rich_alignment,0.007637851683851162,0.5505555555555556,0.5505555555555556,0.10405930732643419,0.5666666666666667,0.88,0.010011086595786351,0.013455893870835792,-0.006305784865018304,0.030954017971431616,0.007637851683851162,572,1
rich_latent_t0_kurtosis,rich_latent_typicality,-0.007561392978514604,0.7294444444444443,0.7294444444444443,0.4190667728442776,0.75,0.254,0.03783457060832827,0.06124562127943687,-0.0334412388918514,0.10649810562500178,0.007561392978514604,573,-1
rich_latent_accel_std,rich_latent_geometry,0.007519473525952624,0.44,0.56,-0.2256050004236841,0.4166666666666667,0.618,0.010135804309106418,0.013881450577222341,-0.01637148806678183,0.02127644384773393,0.007519473525952624,574,1
rich_score_t5_channel_pr,rich_score_spatial,-0.007433106070309454,0.4241666666666666,0.5758333333333334,-0.15676770540116516,0.4166666666666667,0.756,0.023734362431137575,0.032493392100929386,-0.06409785301025893,0.02802621921496176,0.007433106070309454,575,-1
rich_latent_t1_kurtosis,rich_latent_typicality,-0.007389218505509919,0.7297222222222223,0.7297222222222223,0.419523296643269,0.75,0.254,0.03774352066006205,0.061132853817219064,-0.03331232410889801,0.10655872697865182,0.007389218505509919,576,-1
rich_score_t5_skew,rich_score_moments,-0.007303382940156922,0.49527777777777776,0.5047222222222223,-0.013094013064387637,0.4666666666666667,0.536,0.027077451002817575,0.039030374739947575,-0.05328039651337562,0.05007783054033862,0.007303382940156922,577,-1
rich_score_t5_absmean,rich_score_moments,-0.007103069424815249,0.35444444444444445,0.6455555555555555,-0.36913935256265046,0.31666666666666665,0.618,0.01042385525374521,0.013536813907108276,-0.02220628718441935,0.017843584979218827,0.007103069424815249,578,-1
rich_guidance_t2_q75,rich_guidance_moments,-0.0069183437966697965,0.3863888888888889,0.6136111111111111,-0.3504985018831543,0.38333333333333336,0.548,0.02417974360440184,0.031277240131874565,-0.04081516592273596,0.05267144911333236,0.0069183437966697965,579,-1
rich_guidance_t2_absmean,rich_guidance_moments,-0.0066905835520953295,0.3941666666666666,0.6058333333333334,-0.34038571405183016,0.4,0.574,0.02196525015747062,0.029576736367253276,-0.0420158689089994,0.040724219230105704,0.0066905835520953295,580,-1
guidance_std,legacy_guidance,-0.006634573835419127,0.42055555555555557,0.5794444444444444,-0.33267023542696905,0.36666666666666664,0.708,0.030875236371903043,0.04395753467326902,-0.0773768927307958,0.043364041721750714,0.006634573835419127,581,-1
rich_score_t1_absmean,rich_score_moments,0.00659885068923704,0.3688888888888889,0.6311111111111112,-0.36193948671382037,0.35,0.638,0.010692874380683006,0.014054379234659858,-0.018303083555968904,0.023492759031856474,0.00659885068923704,582,1
rich_score_t2_nearzero,rich_score_moments,-0.0065562841571085925,0.5765277777777778,0.5765277777777778,0.19366957767957405,0.5833333333333334,0.51,0.06955427605975642,0.0992303648236619,-0.1280747279234633,0.13354579725503277,0.0065562841571085925,583,-1
eps_late_early,legacy_noise,0.0065544817684286315,0.36111111111111116,0.6388888888888888,-0.36452018222246346,0.3333333333333333,0.802,0.00906426077448053,0.012632260762844166,-0.00979779615823747,0.02475755801853105,0.0065544817684286315,584,1
rich_latent_accel_slope,rich_latent_geometry,0.006534889064113379,0.635,0.635,0.47821485518355583,0.7,0.796,0.013298245468906454,0.019759035982582957,-0.010563167612526033,0.039696183240311864,0.006534889064113379,585,1
rich_score_t2_q95,rich_score_moments,0.0064159124873453596,0.35736111111111113,0.6426388888888889,-0.35470862244795415,0.36666666666666664,0.416,0.021336132789479517,0.027383440886424477,-0.047694677893867096,0.039616784349902005,0.0064159124873453596,586,1
rich_score_relchange_t2,rich_score_dynamics,0.006396431003893712,0.44166666666666665,0.5583333333333333,-0.12352454617932186,0.36666666666666664,0.624,0.044655694047991586,0.058862919374769396,-0.0753345233386005,0.10154153837032416,0.006396431003893712,587,1
rich_score_t2_skew,rich_score_moments,0.006281808961940158,0.5222222222222221,0.5222222222222221,0.10318194190810184,0.55,0.506,0.036328645548137355,0.050873349805394374,-0.06901449827702122,0.0723808588373578,0.006281808961940158,588,1
rich_score_t5_rms,rich_score_moments,-0.006187827597245449,0.34500000000000003,0.655,-0.3928818944832858,0.2833333333333333,0.604,0.009979762365151797,0.013606662378291622,-0.020809438570923926,0.018017931013915207,0.006187827597245449,589,-1
rich_score_norm_max,rich_score_dynamics,-0.006187827597245449,0.34500000000000003,0.655,-0.3928818944832858,0.2833333333333333,0.604,0.009979762365151797,0.013606662378291622,-0.020809438570923926,0.018017931013915207,0.006187827597245449,589,-1
rich_score_norm_t5,rich_score_dynamics,-0.006187827597245449,0.34500000000000003,0.655,-0.3928818944832858,0.2833333333333333,0.604,0.009979762365151797,0.013606662378291622,-0.020809438570923926,0.018017931013915207,0.006187827597245449,589,-1
eps_t5,legacy_noise,-0.006187767795463408,0.34500000000000003,0.655,-0.3928819079991192,0.2833333333333333,0.604,0.009979769414760796,0.01360673996703646,-0.020809434277045763,0.018017987262783676,0.006187767795463408,592,-1
eps_max,legacy_noise,-0.006187767795463408,0.34500000000000003,0.655,-0.3928819079991192,0.2833333333333333,0.604,0.009979769414760796,0.01360673996703646,-0.020809434277045763,0.018017987262783676,0.006187767795463408,592,-1
rich_score_crosscos_2_4,rich_crosstime,-0.006079105715150311,0.6130555555555556,0.6130555555555556,0.41084200270558296,0.6833333333333333,0.342,0.020498235409229203,0.028588038364031843,-0.029211923776397964,0.04883379030078418,0.006079105715150311,594,-1
rich_guidance_dz_orthfrac_min,rich_alignment,0.005789816256635304,0.5216666666666666,0.5216666666666666,-0.0042913927802037425,0.48333333333333334,0.56,0.03310459768572091,0.044707476030883694,-0.06394152150576284,0.06990134079894532,0.005789816256635304,595,1
rich_cond_dz_orthfrac_t1,rich_alignment,-0.00555910686658285,0.5463888888888888,0.5463888888888888,0.0857880462950916,0.5666666666666667,0.686,0.008983349750505019,0.012783418724136433,-0.021866896698028715,0.013098090610168669,0.00555910686658285,596,-1
rich_latent_turn_angle_t1,rich_latent_geometry,-0.005501582653499113,0.3333333333333333,0.6666666666666667,-0.4759482798503268,0.31666666666666665,0.77,0.023704499846837174,0.0343187623979458,-0.06160814826791193,0.028442969003157112,0.005501582653499113,597,-1
rich_guidance_t4_q25,rich_guidance_moments,-0.005454014992337323,0.5297222222222222,0.5297222222222222,0.09684706806886731,0.55,0.418,0.029393437267962372,0.039086848849658296,-0.046427536281351794,0.06426499284439206,0.005454014992337323,598,-1
guidance_auc,legacy_guidance,0.005452221589021381,0.43027777777777776,0.5697222222222222,-0.23572643910035562,0.3,0.602,0.014267516014313055,0.019539055069897088,-0.024484553280731916,0.029140691135188957,0.005452221589021381,599,1
rich_score_t4_q25,rich_score_moments,-0.005381527496725765,0.6358333333333334,0.6358333333333334,0.3471319596574515,0.6333333333333333,0.516,0.021208594215520234,0.02923368954481064,-0.043492587445670576,0.039115698921700526,0.005381527496725765,600,-1
rich_score_t5_var,rich_score_moments,-0.005166896655182663,0.34472222222222226,0.6552777777777777,-0.39062318605210583,0.2833333333333333,0.562,0.010219271125844597,0.013509561549065126,-0.020097227364048398,0.01867351656112247,0.005166896655182663,601,-1
rich_latent_t5_q95,rich_latent_typicality,-0.00516233767650719,0.3491666666666667,0.6508333333333334,-0.44193960006270083,0.31666666666666665,0.478,0.01689268927165703,0.02416641152927544,-0.03269717218593484,0.030785658225718666,0.00516233767650719,602,-1
rich_score_t1_fft_mid,rich_score_fft,-0.004844520713175118,0.6327777777777778,0.6327777777777778,0.3003147754474674,0.7,0.224,0.04572918205300823,0.06191927789570665,-0.052825604353092054,0.13350045549932835,0.004844520713175118,603,-1
rich_score_t1_q75,rich_score_moments,0.004840659181546231,0.3673611111111111,0.632638888888889,-0.3124524286605245,0.35,0.552,0.022659476627853732,0.030391178521703626,-0.04772027328210009,0.04017726018414877,0.004840659181546231,604,1
rich_latent_t3_absmean,rich_latent_typicality,-0.004693455126848779,0.3505555555555556,0.6494444444444444,-0.41714214759060186,0.36666666666666664,0.77,0.012888676656651596,0.017339845563801436,-0.03653748312702915,0.013048690839577977,0.004693455126848779,605,-1
rich_score_t5_channel_cv,rich_score_spatial,-0.004515942664538266,0.5758333333333332,0.5758333333333332,0.17738145000662994,0.5833333333333334,0.368,0.029059717336126986,0.04018657904879878,-0.04869266621595644,0.06558844231953513,0.004515942664538266,606,-1
rich_score_angle_std,rich_score_dynamics,-0.004366073585565952,0.4977777777777778,0.5022222222222221,0.0016131008490254213,0.4166666666666667,0.552,0.014353682297958465,0.020418480872016583,-0.02974829296493703,0.024197340310930224,0.004366073585565952,607,-1
rich_score_crosscos_1_3,rich_crosstime,0.0043127884174395704,0.6138888888888888,0.6138888888888888,0.35894592071535547,0.6333333333333333,0.606,0.020150886180778548,0.027332241482907867,-0.0391205827010208,0.04369238209909596,0.0043127884174395704,608,1
rich_latent_t3_q95,rich_latent_typicality,-0.004172139672928742,0.38027777777777777,0.6197222222222223,-0.3998290233099507,0.3333333333333333,0.714,0.020074841021405034,0.027057293835549025,-0.05160960536588966,0.028429504166377836,0.004172139672928742,609,-1
rich_guidance_t2_q25,rich_guidance_moments,-0.0040429749467408,0.6073611111111111,0.6073611111111111,0.32955781033909787,0.6333333333333333,0.566,0.024100110646173022,0.031044964212363364,-0.058904501461959094,0.03291760721362059,0.0040429749467408,610,-1
rich_guidance_t3_rms,rich_guidance_moments,-0.003962001147973965,0.3869444444444444,0.6130555555555556,-0.3446519090703753,0.2833333333333333,0.606,0.02345370323411748,0.02927288921143944,-0.05012910727222149,0.04313706434738779,0.003962001147973965,611,-1
guidance_t3,legacy_guidance,-0.0039587012979874,0.3869444444444444,0.6130555555555556,-0.3446520957261948,0.2833333333333333,0.606,0.02345342258532109,0.029272232206669482,-0.05012577831848218,0.043138579562544556,0.0039587012979874,612,-1
rich_score_t3_median,rich_score_moments,-0.0039442540067265944,0.4613888888888889,0.5386111111111112,-0.1548634826620121,0.48333333333333334,0.69,0.03881719393857433,0.050945953067781026,-0.09376780520762378,0.0622983269603342,0.0039442540067265944,613,-1
rich_score_t4_channel_cv,rich_score_spatial,-0.0036662562758372303,0.5691666666666666,0.5691666666666666,0.14912026855308255,0.5833333333333334,0.408,0.025472759237940085,0.03297031807039075,-0.041736483808024076,0.05740116931840106,0.0036662562758372303,614,-1
rich_score_t3_fft_centroid,rich_score_fft,0.0036634462689074817,0.3808333333333333,0.6191666666666666,-0.3573382648153076,0.4,0.232,0.020365595178227947,0.027089291868625007,-0.053975911609359495,0.025206399647468115,0.0036634462689074817,615,1
rich_score_t4_q95,rich_score_moments,-0.0036430867740566463,0.34,0.6599999999999999,-0.4189246833287979,0.31666666666666665,0.606,0.019753746547849588,0.02665897057428311,-0.03893254853665858,0.03427623715577108,0.0036430867740566463,616,-1
rich_score_t2_kurtosis,rich_score_moments,-0.003573845332839381,0.5588888888888889,0.5588888888888889,0.13451885982185893,0.5666666666666667,0.644,0.03171674400222319,0.04563112858105088,-0.06690472819942503,0.052078668034437295,0.003573845332839381,617,-1
rich_latent_t1_var,rich_latent_typicality,-0.0035605619604296757,0.465,0.5349999999999999,-0.13164844080340893,0.5166666666666667,0.616,0.019803463638753873,0.0274022074052927,-0.043118749846911414,0.02951729528259666,0.0035605619604296757,618,-1
rich_latent_t0_var,rich_latent_typicality,-0.003492723943253713,0.465,0.5349999999999999,-0.1317652597709076,0.5166666666666667,0.614,0.019801345624388705,0.02737539433078723,-0.04310599340157712,0.02953282813477662,0.003492723943253713,619,-1
rich_latent_path_straightness,rich_latent_geometry,0.0034744636780077876,0.5769444444444444,0.5769444444444444,0.24606850094706922,0.6166666666666667,0.562,0.01964800950742228,0.02587434242891578,-0.0365139753285387,0.04078192706407275,0.0034744636780077876,620,1
rich_cond_dz_orthfrac_t2,rich_alignment,-0.003459160546645418,0.5511111111111111,0.5511111111111111,0.10787861573454124,0.6,0.366,0.014236454695926125,0.01969826503053093,-0.02329033031045819,0.03244904121459673,0.003459160546645418,621,-1
rich_cond_uncond_cos_mean,rich_alignment,0.003283040267524143,0.5441666666666667,0.5441666666666667,0.19212404037450015,0.6333333333333333,0.44,0.013772351159552436,0.019226100655354503,-0.02994577674477921,0.024593698634088768,0.003283040267524143,622,1
rich_score_t1_channel_pr,rich_score_spatial,0.0032761645328864,0.4394444444444444,0.5605555555555556,-0.05154395510667453,0.4166666666666667,0.422,0.029213588938720083,0.038494833212106894,-0.061412926141679196,0.05347341476824891,0.0032761645328864,623,1
rich_guidance_dz_align_t1,rich_alignment,-0.0031896048860900537,0.41138888888888886,0.5886111111111112,-0.17669534395658693,0.4166666666666667,0.594,0.043919787786301345,0.05823315319443635,-0.09823335865439563,0.08025391275021135,0.0031896048860900537,624,-1
rich_score_t1_channel_cv,rich_score_spatial,-0.0031716109604093116,0.5605555555555555,0.5605555555555555,0.12297583525388939,0.5833333333333334,0.398,0.02905594807267975,0.03817338827196937,-0.051260962649272206,0.06352082396555027,0.0031716109604093116,625,-1
guidance_slope,legacy_guidance,0.002732504474439629,0.5966666666666667,0.5966666666666667,0.2186713300713646,0.6,0.64,0.017420349136836807,0.021658616256951757,-0.029904953649076697,0.03850999141123271,0.002732504474439629,626,1
eps_slope,legacy_noise,-0.002707855131157676,0.3475,0.6525000000000001,-0.4046643059230396,0.35,0.424,0.006269405702672866,0.008431050819539094,-0.011003624285404011,0.01308767818345335,0.002707855131157676,627,-1
rich_score_norm_slope,rich_score_dynamics,-0.0027078523218106412,0.3475,0.6525000000000001,-0.4046642646737741,0.35,0.424,0.006269401631527784,0.008431041394542801,-0.011003565155855991,0.013087670468385382,0.0027078523218106412,628,-1
rich_score_crosscos_0_3,rich_crosstime,0.0026564406741401954,0.601111111111111,0.601111111111111,0.20985632499853546,0.6166666666666667,0.71,0.024795009206260207,0.03499722452078811,-0.030843129073952473,0.06220248813349817,0.0026564406741401954,629,1
rich_dz_crosscos_1_2,rich_crosstime,0.0026550645520966036,0.6666666666666666,0.6666666666666666,0.47562607214501096,0.6833333333333333,0.75,0.023302644360406376,0.03222420389286949,-0.03364509317834443,0.05972886106612394,0.0026550645520966036,630,1
rich_latent_turn_cos_t1,rich_latent_geometry,0.0026550645520966036,0.6666666666666666,0.6666666666666666,0.47562607214501096,0.6833333333333333,0.75,0.023302644360406376,0.03222420389286949,-0.03364509317834443,0.05972886106612394,0.0026550645520966036,630,1
rich_score_norm_std,rich_score_dynamics,0.002560524508740523,0.3452777777777778,0.6547222222222222,-0.41332284077746245,0.31666666666666665,0.748,0.005350391350043072,0.007100540855922637,-0.007353139336143513,0.013718478862403287,0.002560524508740523,632,1
eps_std,legacy_noise,0.0025605123795233624,0.3452777777777778,0.6547222222222222,-0.41332287041670873,0.31666666666666665,0.748,0.005350392715994011,0.007100570789787174,-0.007353180124380172,0.013718449742254427,0.0025605123795233624,633,1
eps_first_last,legacy_noise,0.002481493128940721,0.3525,0.6475,-0.4101150281939498,0.31666666666666665,0.834,0.005610351170846994,0.007550188085319921,-0.006433569085655413,0.015729710771170476,0.002481493128940721,634,1
rich_score_t1_mean,rich_score_moments,0.0021850233914634345,0.4727777777777778,0.5272222222222223,-0.11142522887132417,0.48333333333333334,0.366,0.04995304722428402,0.07447020576290367,-0.11308088645020384,0.06742607214189948,0.0021850233914634345,635,1
rich_score_t3_absmean,rich_score_moments,-0.002146491069175661,0.34611111111111115,0.6538888888888889,-0.40065968726545015,0.35,0.638,0.01093430200688114,0.015171635456342978,-0.024095069006920895,0.018790579884338826,0.002146491069175661,636,-1
rich_score_t2_absmean,rich_score_moments,-0.0020119094014132257,0.35611111111111116,0.6438888888888888,-0.37974468379127035,0.3,0.692,0.013315602130713066,0.017461476782706892,-0.033292300134024386,0.018568771737967952,0.0020119094014132257,637,-1
rich_guidance_t4_q05,rich_guidance_moments,-0.001798821696138605,0.505,0.505,-0.032723896572455495,0.48333333333333334,0.486,0.022744019108636944,0.03039217669756156,-0.04675616141960812,0.04290290047326758,0.001798821696138605,638,-1
rich_cond_uncond_cos_t1,rich_alignment,0.0014569029247014796,0.548611111111111,0.548611111111111,0.15282298552790707,0.6,0.528,0.02652469109773022,0.03605833868819723,-0.05642716518641875,0.04276416006485444,0.0014569029247014796,639,1
rich_guidance_dz_align_max,rich_alignment,0.0009949592271925754,0.46944444444444444,0.5305555555555556,-0.03836087724550403,0.5166666666666667,0.358,0.03380961786202737,0.04679197103380063,-0.07755841019392375,0.05588134437771613,0.0009949592271925754,640,1
rich_latent_cumulative_turn,rich_latent_geometry,0.0009612537785490321,0.4411111111111111,0.5588888888888889,-0.20525862911035345,0.5,0.522,0.010087419286523042,0.012954710159734827,-0.018736455213432066,0.020996549505732324,0.0009612537785490321,641,1
rich_latent_turn_angle_mean,rich_latent_geometry,0.0009612537785488821,0.4411111111111111,0.5588888888888889,-0.20525862910803488,0.5,0.522,0.010087419286523031,0.012954710159734824,-0.018736455213432274,0.02099654950573223,0.0009612537785488821,642,1
rich_guidance_t2_maxabs,rich_guidance_moments,-0.0009334468140916506,0.4188888888888889,0.5811111111111111,-0.19651272983851772,0.4166666666666667,0.618,0.05637911828155265,0.07682006080035196,-0.10729297298972776,0.10353372371781827,0.0009334468140916506,643,-1
rich_latent_t2_kurtosis,rich_latent_typicality,-0.0009254710556485258,0.726111111111111,0.726111111111111,0.4691541828266464,0.75,0.174,0.029200770416153866,0.03949764277659743,-0.018214456574968833,0.09007133900595837,0.0009254710556485258,644,-1
guidance_max,legacy_guidance,0.0009226311702850961,0.43444444444444447,0.5655555555555556,-0.23432161273294128,0.4,0.406,0.02591833867875645,0.03659134126272431,-0.05729645816788909,0.040166512358469034,0.0009226311702850961,645,1
rich_latent_t2_maxabs,rich_latent_typicality,-0.0007860322423013807,0.58875,0.58875,0.2697198335169905,0.55,0.394,0.03635416130649722,0.047702026392451934,-0.05541218439668367,0.08170992340767627,0.0007860322423013807,646,-1
rich_cond_dz_orthfrac_auc,rich_alignment,0.0005919060543072243,0.5630555555555555,0.5630555555555555,0.13065160574447868,0.6,0.774,0.00996468965120805,0.014472320970630791,-0.009878996528826275,0.02672474351364742,0.0005919060543072243,647,1
rich_guidance_cond_align_t5,rich_alignment,0.0005586675558657321,0.49000000000000005,0.51,-0.015748930138431108,0.5166666666666667,0.414,0.040623704887210794,0.05165345958214382,-0.08660838222693912,0.07749815506544534,0.0005586675558657321,648,1
rich_score_t1_rms,rich_score_moments,0.0004024084233896503,0.3597222222222223,0.6402777777777777,-0.38443168219995155,0.31666666666666665,0.452,0.009595919155776282,0.013451096552245837,-0.021492715406572438,0.016718060831200737,0.0004024084233896503,649,1
rich_score_norm_t1,rich_score_dynamics,0.0004024084233896503,0.3597222222222223,0.6402777777777777,-0.38443168219995155,0.31666666666666665,0.452,0.009595919155776282,0.013451096552245837,-0.021492715406572438,0.016718060831200737,0.0004024084233896503,649,1
eps_t1,legacy_noise,0.00040233644196093334,0.3597222222222223,0.6402777777777777,-0.3844317485678034,0.31666666666666665,0.452,0.009595913299868052,0.013450972470827723,-0.021492914860484685,0.016718112314852495,0.00040233644196093334,651,1
rich_score_t2_channel_ratio,rich_score_spatial,-0.0001731059155460289,0.565,0.565,0.13726223189419753,0.5666666666666667,0.556,0.030541219558923634,0.04382090643519348,-0.06576627444565171,0.05023678299194942,0.0001731059155460289,652,-1
